ISO-10303-21;
HEADER;
FILE_DESCRIPTION(('KiCad electronic assembly'),'2;1');
FILE_NAME('ISA_adapter.step','2026-08-23T16:05:14',('Pcbnew'),('Kicad'),
  'Open CASCADE STEP processor 7.9','KiCad to STEP converter','Unknown'
  );
FILE_SCHEMA(('AUTOMOTIVE_DESIGN { 1 0 10303 214 1 1 1 1 }'));
ENDSEC;
DATA;
#1 = APPLICATION_PROTOCOL_DEFINITION('international standard',
  'automotive_design',2000,#2);
#2 = APPLICATION_CONTEXT(
  'core data for automotive mechanical design processes');
#3 = SHAPE_DEFINITION_REPRESENTATION(#4,#10);
#4 = PRODUCT_DEFINITION_SHAPE('','',#5);
#5 = PRODUCT_DEFINITION('design','',#6,#9);
#6 = PRODUCT_DEFINITION_FORMATION('','',#7);
#7 = PRODUCT('ISA_adapter 1','ISA_adapter 1','',(#8));
#8 = PRODUCT_CONTEXT('',#2,'mechanical');
#9 = PRODUCT_DEFINITION_CONTEXT('part definition',#2,'design');
#10 = SHAPE_REPRESENTATION('',(#11,#15),#19);
#11 = AXIS2_PLACEMENT_3D('',#12,#13,#14);
#12 = CARTESIAN_POINT('',(0.,0.,0.));
#13 = DIRECTION('',(0.,0.,1.));
#14 = DIRECTION('',(1.,0.,-0.));
#15 = AXIS2_PLACEMENT_3D('',#16,#17,#18);
#16 = CARTESIAN_POINT('',(0.,0.,0.));
#17 = DIRECTION('',(0.,0.,1.));
#18 = DIRECTION('',(1.,0.,-0.));
#19 = ( GEOMETRIC_REPRESENTATION_CONTEXT(3) 
GLOBAL_UNCERTAINTY_ASSIGNED_CONTEXT((#23)) GLOBAL_UNIT_ASSIGNED_CONTEXT(
(#20,#21,#22)) REPRESENTATION_CONTEXT('Context #1',
  '3D Context with UNIT and UNCERTAINTY') );
#20 = ( LENGTH_UNIT() NAMED_UNIT(*) SI_UNIT(.MILLI.,.METRE.) );
#21 = ( NAMED_UNIT(*) PLANE_ANGLE_UNIT() SI_UNIT($,.RADIAN.) );
#22 = ( NAMED_UNIT(*) SI_UNIT($,.STERADIAN.) SOLID_ANGLE_UNIT() );
#23 = UNCERTAINTY_MEASURE_WITH_UNIT(LENGTH_MEASURE(1.E-07),#20,
  'distance_accuracy_value','confusion accuracy');
#24 = PRODUCT_RELATED_PRODUCT_CATEGORY('part',$,(#7));
#25 = SHAPE_DEFINITION_REPRESENTATION(#26,#32);
#26 = PRODUCT_DEFINITION_SHAPE('','',#27);
#27 = PRODUCT_DEFINITION('design','',#28,#31);
#28 = PRODUCT_DEFINITION_FORMATION('','',#29);
#29 = PRODUCT('HDD Synth ISA adapter_PCB','HDD Synth ISA adapter_PCB',''
  ,(#30));
#30 = PRODUCT_CONTEXT('',#2,'mechanical');
#31 = PRODUCT_DEFINITION_CONTEXT('part definition',#2,'design');
#32 = ADVANCED_BREP_SHAPE_REPRESENTATION('',(#11,#33),#3229);
#33 = MANIFOLD_SOLID_BREP('',#34);
#34 = CLOSED_SHELL('',(#35,#75,#106,#139,#981,#1823,#1840,#1857,#1874,
    #1891,#1908,#1925,#1942,#1959,#1976,#1993,#2005,#2022,#2039,#2056,
    #2073,#2090,#2107,#2124,#2141,#2158,#2175,#2192,#2209,#2226,#2243,
    #2260,#2277,#2294,#2311,#2328,#2345,#2362,#2379,#2396,#2413,#2430,
    #2447,#2469,#2486,#2503,#2520,#2537,#2554,#2571,#2583,#2600,#2617,
    #2634,#2651,#2668,#2690,#2707,#2724,#2741,#2758,#2775,#2792,#2804,
    #2821,#2838,#2860,#2877,#2894,#2906,#2923,#2940,#2957,#2974,#2991,
    #3013,#3030,#3047,#3059,#3076,#3093,#3110,#3127,#3144,#3161,#3178,
    #3195,#3212));
#35 = ADVANCED_FACE('',(#36),#70,.T.);
#36 = FACE_BOUND('',#37,.T.);
#37 = EDGE_LOOP('',(#38,#48,#56,#64));
#38 = ORIENTED_EDGE('',*,*,#39,.T.);
#39 = EDGE_CURVE('',#40,#42,#44,.T.);
#40 = VERTEX_POINT('',#41);
#41 = CARTESIAN_POINT('',(228.48,-132.04,0.));
#42 = VERTEX_POINT('',#43);
#43 = CARTESIAN_POINT('',(228.48,-132.04,1.51));
#44 = LINE('',#45,#46);
#45 = CARTESIAN_POINT('',(228.48,-132.04,0.));
#46 = VECTOR('',#47,1.);
#47 = DIRECTION('',(0.,0.,1.));
#48 = ORIENTED_EDGE('',*,*,#49,.T.);
#49 = EDGE_CURVE('',#42,#50,#52,.T.);
#50 = VERTEX_POINT('',#51);
#51 = CARTESIAN_POINT('',(206.89,-132.04,1.51));
#52 = LINE('',#53,#54);
#53 = CARTESIAN_POINT('',(228.48,-132.04,1.51));
#54 = VECTOR('',#55,1.);
#55 = DIRECTION('',(-1.,0.,0.));
#56 = ORIENTED_EDGE('',*,*,#57,.F.);
#57 = EDGE_CURVE('',#58,#50,#60,.T.);
#58 = VERTEX_POINT('',#59);
#59 = CARTESIAN_POINT('',(206.89,-132.04,0.));
#60 = LINE('',#61,#62);
#61 = CARTESIAN_POINT('',(206.89,-132.04,0.));
#62 = VECTOR('',#63,1.);
#63 = DIRECTION('',(0.,0.,1.));
#64 = ORIENTED_EDGE('',*,*,#65,.F.);
#65 = EDGE_CURVE('',#40,#58,#66,.T.);
#66 = LINE('',#67,#68);
#67 = CARTESIAN_POINT('',(228.48,-132.04,0.));
#68 = VECTOR('',#69,1.);
#69 = DIRECTION('',(-1.,0.,0.));
#70 = PLANE('',#71);
#71 = AXIS2_PLACEMENT_3D('',#72,#73,#74);
#72 = CARTESIAN_POINT('',(228.48,-132.04,0.));
#73 = DIRECTION('',(0.,-1.,0.));
#74 = DIRECTION('',(-1.,0.,0.));
#75 = ADVANCED_FACE('',(#76),#101,.T.);
#76 = FACE_BOUND('',#77,.T.);
#77 = EDGE_LOOP('',(#78,#88,#94,#95));
#78 = ORIENTED_EDGE('',*,*,#79,.T.);
#79 = EDGE_CURVE('',#80,#82,#84,.T.);
#80 = VERTEX_POINT('',#81);
#81 = CARTESIAN_POINT('',(228.48,-54.57,0.));
#82 = VERTEX_POINT('',#83);
#83 = CARTESIAN_POINT('',(228.48,-54.57,1.51));
#84 = LINE('',#85,#86);
#85 = CARTESIAN_POINT('',(228.48,-54.57,0.));
#86 = VECTOR('',#87,1.);
#87 = DIRECTION('',(0.,0.,1.));
#88 = ORIENTED_EDGE('',*,*,#89,.T.);
#89 = EDGE_CURVE('',#82,#42,#90,.T.);
#90 = LINE('',#91,#92);
#91 = CARTESIAN_POINT('',(228.48,-54.57,1.51));
#92 = VECTOR('',#93,1.);
#93 = DIRECTION('',(0.,-1.,0.));
#94 = ORIENTED_EDGE('',*,*,#39,.F.);
#95 = ORIENTED_EDGE('',*,*,#96,.F.);
#96 = EDGE_CURVE('',#80,#40,#97,.T.);
#97 = LINE('',#98,#99);
#98 = CARTESIAN_POINT('',(228.48,-54.57,0.));
#99 = VECTOR('',#100,1.);
#100 = DIRECTION('',(0.,-1.,0.));
#101 = PLANE('',#102);
#102 = AXIS2_PLACEMENT_3D('',#103,#104,#105);
#103 = CARTESIAN_POINT('',(228.48,-54.57,0.));
#104 = DIRECTION('',(1.,0.,-0.));
#105 = DIRECTION('',(0.,-1.,0.));
#106 = ADVANCED_FACE('',(#107),#134,.F.);
#107 = FACE_BOUND('',#108,.T.);
#108 = EDGE_LOOP('',(#109,#110,#119,#127));
#109 = ORIENTED_EDGE('',*,*,#57,.T.);
#110 = ORIENTED_EDGE('',*,*,#111,.T.);
#111 = EDGE_CURVE('',#50,#112,#114,.T.);
#112 = VERTEX_POINT('',#113);
#113 = CARTESIAN_POINT('',(205.62,-133.31,1.51));
#114 = CIRCLE('',#115,1.269998675653);
#115 = AXIS2_PLACEMENT_3D('',#116,#117,#118);
#116 = CARTESIAN_POINT('',(206.88999867565,-133.3099986756,1.51));
#117 = DIRECTION('',(0.,0.,1.));
#118 = DIRECTION('',(1.04279490442E-06,0.999999999999,-0.));
#119 = ORIENTED_EDGE('',*,*,#120,.F.);
#120 = EDGE_CURVE('',#121,#112,#123,.T.);
#121 = VERTEX_POINT('',#122);
#122 = CARTESIAN_POINT('',(205.62,-133.31,0.));
#123 = LINE('',#124,#125);
#124 = CARTESIAN_POINT('',(205.62,-133.31,0.));
#125 = VECTOR('',#126,1.);
#126 = DIRECTION('',(0.,0.,1.));
#127 = ORIENTED_EDGE('',*,*,#128,.F.);
#128 = EDGE_CURVE('',#58,#121,#129,.T.);
#129 = CIRCLE('',#130,1.269998675653);
#130 = AXIS2_PLACEMENT_3D('',#131,#132,#133);
#131 = CARTESIAN_POINT('',(206.88999867565,-133.3099986756,0.));
#132 = DIRECTION('',(0.,0.,1.));
#133 = DIRECTION('',(1.04279490442E-06,0.999999999999,-0.));
#134 = CYLINDRICAL_SURFACE('',#135,1.269998675653);
#135 = AXIS2_PLACEMENT_3D('',#136,#137,#138);
#136 = CARTESIAN_POINT('',(206.88999867565,-133.3099986756,0.));
#137 = DIRECTION('',(-0.,-0.,-1.));
#138 = DIRECTION('',(1.04279490442E-06,0.999999999999,-0.));
#139 = ADVANCED_FACE('',(#140,#236,#247,#258,#269,#280,#291,#302,#313,
    #324,#335,#346,#357,#368,#379,#390,#401,#412,#423,#434,#445,#456,
    #467,#478,#489,#500,#511,#522,#592,#603,#614,#625,#636,#647,#717,
    #728,#739,#775,#786,#797,#808,#819,#830,#866,#877,#888,#899,#910,
    #921,#932,#943,#954,#965),#976,.F.);
#140 = FACE_BOUND('',#141,.F.);
#141 = EDGE_LOOP('',(#142,#143,#144,#152,#161,#169,#178,#186,#195,#203,
    #212,#220,#229,#235));
#142 = ORIENTED_EDGE('',*,*,#65,.F.);
#143 = ORIENTED_EDGE('',*,*,#96,.F.);
#144 = ORIENTED_EDGE('',*,*,#145,.F.);
#145 = EDGE_CURVE('',#146,#80,#148,.T.);
#146 = VERTEX_POINT('',#147);
#147 = CARTESIAN_POINT('',(105.29,-54.57,0.));
#148 = LINE('',#149,#150);
#149 = CARTESIAN_POINT('',(105.29,-54.57,0.));
#150 = VECTOR('',#151,1.);
#151 = DIRECTION('',(1.,0.,0.));
#152 = ORIENTED_EDGE('',*,*,#153,.F.);
#153 = EDGE_CURVE('',#154,#146,#156,.T.);
#154 = VERTEX_POINT('',#155);
#155 = CARTESIAN_POINT('',(104.02,-55.84,0.));
#156 = CIRCLE('',#157,1.269998675653);
#157 = AXIS2_PLACEMENT_3D('',#158,#159,#160);
#158 = CARTESIAN_POINT('',(105.28999867565,-55.83999867565,0.));
#159 = DIRECTION('',(0.,0.,-1.));
#160 = DIRECTION('',(-0.999999999999,-1.042794898826E-06,-0.));
#161 = ORIENTED_EDGE('',*,*,#162,.F.);
#162 = EDGE_CURVE('',#163,#154,#165,.T.);
#163 = VERTEX_POINT('',#164);
#164 = CARTESIAN_POINT('',(104.02,-130.77,0.));
#165 = LINE('',#166,#167);
#166 = CARTESIAN_POINT('',(104.02,-130.77,0.));
#167 = VECTOR('',#168,1.);
#168 = DIRECTION('',(0.,1.,0.));
#169 = ORIENTED_EDGE('',*,*,#170,.F.);
#170 = EDGE_CURVE('',#171,#163,#173,.T.);
#171 = VERTEX_POINT('',#172);
#172 = CARTESIAN_POINT('',(105.29,-132.04,0.));
#173 = CIRCLE('',#174,1.269998675653);
#174 = AXIS2_PLACEMENT_3D('',#175,#176,#177);
#175 = CARTESIAN_POINT('',(105.28999867565,-130.7700013243,0.));
#176 = DIRECTION('',(0.,0.,-1.));
#177 = DIRECTION('',(1.04279491561E-06,-0.999999999999,0.));
#178 = ORIENTED_EDGE('',*,*,#179,.F.);
#179 = EDGE_CURVE('',#180,#171,#182,.T.);
#180 = VERTEX_POINT('',#181);
#181 = CARTESIAN_POINT('',(123.07,-132.04,0.));
#182 = LINE('',#183,#184);
#183 = CARTESIAN_POINT('',(123.07,-132.04,0.));
#184 = VECTOR('',#185,1.);
#185 = DIRECTION('',(-1.,0.,0.));
#186 = ORIENTED_EDGE('',*,*,#187,.F.);
#187 = EDGE_CURVE('',#188,#180,#190,.T.);
#188 = VERTEX_POINT('',#189);
#189 = CARTESIAN_POINT('',(124.34,-133.31,0.));
#190 = CIRCLE('',#191,1.269998675653);
#191 = AXIS2_PLACEMENT_3D('',#192,#193,#194);
#192 = CARTESIAN_POINT('',(123.07000132434,-133.3099986756,0.));
#193 = DIRECTION('',(0.,0.,1.));
#194 = DIRECTION('',(0.999999999999,-1.0427949268E-06,0.));
#195 = ORIENTED_EDGE('',*,*,#196,.F.);
#196 = EDGE_CURVE('',#197,#188,#199,.T.);
#197 = VERTEX_POINT('',#198);
#198 = CARTESIAN_POINT('',(124.34,-139.22,0.));
#199 = LINE('',#200,#201);
#200 = CARTESIAN_POINT('',(124.34,-139.22,0.));
#201 = VECTOR('',#202,1.);
#202 = DIRECTION('',(0.,1.,0.));
#203 = ORIENTED_EDGE('',*,*,#204,.F.);
#204 = EDGE_CURVE('',#205,#197,#207,.T.);
#205 = VERTEX_POINT('',#206);
#206 = CARTESIAN_POINT('',(125.61,-140.49,0.));
#207 = CIRCLE('',#208,1.269998675653);
#208 = AXIS2_PLACEMENT_3D('',#209,#210,#211);
#209 = CARTESIAN_POINT('',(125.60999867565,-139.2200013243,0.));
#210 = DIRECTION('',(0.,0.,-1.));
#211 = DIRECTION('',(1.042794893231E-06,-0.999999999999,0.));
#212 = ORIENTED_EDGE('',*,*,#213,.F.);
#213 = EDGE_CURVE('',#214,#205,#216,.T.);
#214 = VERTEX_POINT('',#215);
#215 = CARTESIAN_POINT('',(204.35,-140.49,0.));
#216 = LINE('',#217,#218);
#217 = CARTESIAN_POINT('',(204.35,-140.49,0.));
#218 = VECTOR('',#219,1.);
#219 = DIRECTION('',(-1.,0.,0.));
#220 = ORIENTED_EDGE('',*,*,#221,.F.);
#221 = EDGE_CURVE('',#222,#214,#224,.T.);
#222 = VERTEX_POINT('',#223);
#223 = CARTESIAN_POINT('',(205.62,-139.22,0.));
#224 = CIRCLE('',#225,1.269998675653);
#225 = AXIS2_PLACEMENT_3D('',#226,#227,#228);
#226 = CARTESIAN_POINT('',(204.35000132434,-139.2200013243,0.));
#227 = DIRECTION('',(0.,0.,-1.));
#228 = DIRECTION('',(0.999999999999,1.0427949268E-06,0.));
#229 = ORIENTED_EDGE('',*,*,#230,.F.);
#230 = EDGE_CURVE('',#121,#222,#231,.T.);
#231 = LINE('',#232,#233);
#232 = CARTESIAN_POINT('',(205.62,-133.31,0.));
#233 = VECTOR('',#234,1.);
#234 = DIRECTION('',(0.,-1.,0.));
#235 = ORIENTED_EDGE('',*,*,#128,.F.);
#236 = FACE_BOUND('',#237,.F.);
#237 = EDGE_LOOP('',(#238));
#238 = ORIENTED_EDGE('',*,*,#239,.T.);
#239 = EDGE_CURVE('',#240,#240,#242,.T.);
#240 = VERTEX_POINT('',#241);
#241 = CARTESIAN_POINT('',(121.4,-124.008885,0.));
#242 = CIRCLE('',#243,1.6);
#243 = AXIS2_PLACEMENT_3D('',#244,#245,#246);
#244 = CARTESIAN_POINT('',(121.4,-122.408885,0.));
#245 = DIRECTION('',(-0.,0.,-1.));
#246 = DIRECTION('',(-0.,-1.,0.));
#247 = FACE_BOUND('',#248,.F.);
#248 = EDGE_LOOP('',(#249));
#249 = ORIENTED_EDGE('',*,*,#250,.T.);
#250 = EDGE_CURVE('',#251,#251,#253,.T.);
#251 = VERTEX_POINT('',#252);
#252 = CARTESIAN_POINT('',(158.63,-114.5289,0.));
#253 = CIRCLE('',#254,0.5);
#254 = AXIS2_PLACEMENT_3D('',#255,#256,#257);
#255 = CARTESIAN_POINT('',(158.63,-114.0289,0.));
#256 = DIRECTION('',(-0.,0.,-1.));
#257 = DIRECTION('',(-0.,-1.,0.));
#258 = FACE_BOUND('',#259,.F.);
#259 = EDGE_LOOP('',(#260));
#260 = ORIENTED_EDGE('',*,*,#261,.T.);
#261 = EDGE_CURVE('',#262,#262,#264,.T.);
#262 = VERTEX_POINT('',#263);
#263 = CARTESIAN_POINT('',(161.17,-114.5289,0.));
#264 = CIRCLE('',#265,0.5);
#265 = AXIS2_PLACEMENT_3D('',#266,#267,#268);
#266 = CARTESIAN_POINT('',(161.17,-114.0289,0.));
#267 = DIRECTION('',(-0.,0.,-1.));
#268 = DIRECTION('',(-0.,-1.,0.));
#269 = FACE_BOUND('',#270,.F.);
#270 = EDGE_LOOP('',(#271));
#271 = ORIENTED_EDGE('',*,*,#272,.T.);
#272 = EDGE_CURVE('',#273,#273,#275,.T.);
#273 = VERTEX_POINT('',#274);
#274 = CARTESIAN_POINT('',(107.83,-99.52,0.));
#275 = CIRCLE('',#276,0.5);
#276 = AXIS2_PLACEMENT_3D('',#277,#278,#279);
#277 = CARTESIAN_POINT('',(107.83,-99.02,0.));
#278 = DIRECTION('',(-0.,0.,-1.));
#279 = DIRECTION('',(-0.,-1.,0.));
#280 = FACE_BOUND('',#281,.F.);
#281 = EDGE_LOOP('',(#282));
#282 = ORIENTED_EDGE('',*,*,#283,.T.);
#283 = EDGE_CURVE('',#284,#284,#286,.T.);
#284 = VERTEX_POINT('',#285);
#285 = CARTESIAN_POINT('',(107.83,-96.98,0.));
#286 = CIRCLE('',#287,0.5);
#287 = AXIS2_PLACEMENT_3D('',#288,#289,#290);
#288 = CARTESIAN_POINT('',(107.83,-96.48,0.));
#289 = DIRECTION('',(-0.,0.,-1.));
#290 = DIRECTION('',(-0.,-1.,0.));
#291 = FACE_BOUND('',#292,.F.);
#292 = EDGE_LOOP('',(#293));
#293 = ORIENTED_EDGE('',*,*,#294,.T.);
#294 = EDGE_CURVE('',#295,#295,#297,.T.);
#295 = VERTEX_POINT('',#296);
#296 = CARTESIAN_POINT('',(158.63,-106.9059,0.));
#297 = CIRCLE('',#298,0.5);
#298 = AXIS2_PLACEMENT_3D('',#299,#300,#301);
#299 = CARTESIAN_POINT('',(158.63,-106.4059,0.));
#300 = DIRECTION('',(-0.,0.,-1.));
#301 = DIRECTION('',(-0.,-1.,0.));
#302 = FACE_BOUND('',#303,.F.);
#303 = EDGE_LOOP('',(#304));
#304 = ORIENTED_EDGE('',*,*,#305,.T.);
#305 = EDGE_CURVE('',#306,#306,#308,.T.);
#306 = VERTEX_POINT('',#307);
#307 = CARTESIAN_POINT('',(161.17,-106.9059,0.));
#308 = CIRCLE('',#309,0.5);
#309 = AXIS2_PLACEMENT_3D('',#310,#311,#312);
#310 = CARTESIAN_POINT('',(161.17,-106.4059,0.));
#311 = DIRECTION('',(-0.,0.,-1.));
#312 = DIRECTION('',(-0.,-1.,0.));
#313 = FACE_BOUND('',#314,.F.);
#314 = EDGE_LOOP('',(#315));
#315 = ORIENTED_EDGE('',*,*,#316,.T.);
#316 = EDGE_CURVE('',#317,#317,#319,.T.);
#317 = VERTEX_POINT('',#318);
#318 = CARTESIAN_POINT('',(158.493,-98.0189,0.));
#319 = CIRCLE('',#320,0.5);
#320 = AXIS2_PLACEMENT_3D('',#321,#322,#323);
#321 = CARTESIAN_POINT('',(158.493,-97.5189,0.));
#322 = DIRECTION('',(-0.,0.,-1.));
#323 = DIRECTION('',(-0.,-1.,0.));
#324 = FACE_BOUND('',#325,.F.);
#325 = EDGE_LOOP('',(#326));
#326 = ORIENTED_EDGE('',*,*,#327,.T.);
#327 = EDGE_CURVE('',#328,#328,#330,.T.);
#328 = VERTEX_POINT('',#329);
#329 = CARTESIAN_POINT('',(161.033,-98.0189,0.));
#330 = CIRCLE('',#331,0.5);
#331 = AXIS2_PLACEMENT_3D('',#332,#333,#334);
#332 = CARTESIAN_POINT('',(161.033,-97.5189,0.));
#333 = DIRECTION('',(-0.,0.,-1.));
#334 = DIRECTION('',(-0.,-1.,0.));
#335 = FACE_BOUND('',#336,.F.);
#336 = EDGE_LOOP('',(#337));
#337 = ORIENTED_EDGE('',*,*,#338,.T.);
#338 = EDGE_CURVE('',#339,#339,#341,.T.);
#339 = VERTEX_POINT('',#340);
#340 = CARTESIAN_POINT('',(163.573,-98.0189,0.));
#341 = CIRCLE('',#342,0.5);
#342 = AXIS2_PLACEMENT_3D('',#343,#344,#345);
#343 = CARTESIAN_POINT('',(163.573,-97.5189,0.));
#344 = DIRECTION('',(-0.,0.,-1.));
#345 = DIRECTION('',(-0.,-1.,0.));
#346 = FACE_BOUND('',#347,.F.);
#347 = EDGE_LOOP('',(#348));
#348 = ORIENTED_EDGE('',*,*,#349,.T.);
#349 = EDGE_CURVE('',#350,#350,#352,.T.);
#350 = VERTEX_POINT('',#351);
#351 = CARTESIAN_POINT('',(166.113,-98.0189,0.));
#352 = CIRCLE('',#353,0.5);
#353 = AXIS2_PLACEMENT_3D('',#354,#355,#356);
#354 = CARTESIAN_POINT('',(166.113,-97.5189,0.));
#355 = DIRECTION('',(-0.,0.,-1.));
#356 = DIRECTION('',(-0.,-1.,0.));
#357 = FACE_BOUND('',#358,.F.);
#358 = EDGE_LOOP('',(#359));
#359 = ORIENTED_EDGE('',*,*,#360,.T.);
#360 = EDGE_CURVE('',#361,#361,#363,.T.);
#361 = VERTEX_POINT('',#362);
#362 = CARTESIAN_POINT('',(198.,-124.008885,0.));
#363 = CIRCLE('',#364,1.6);
#364 = AXIS2_PLACEMENT_3D('',#365,#366,#367);
#365 = CARTESIAN_POINT('',(198.,-122.408885,0.));
#366 = DIRECTION('',(-0.,0.,-1.));
#367 = DIRECTION('',(-0.,-1.,0.));
#368 = FACE_BOUND('',#369,.F.);
#369 = EDGE_LOOP('',(#370));
#370 = ORIENTED_EDGE('',*,*,#371,.T.);
#371 = EDGE_CURVE('',#372,#372,#374,.T.);
#372 = VERTEX_POINT('',#373);
#373 = CARTESIAN_POINT('',(205.63,-123.4289,0.));
#374 = CIRCLE('',#375,0.5);
#375 = AXIS2_PLACEMENT_3D('',#376,#377,#378);
#376 = CARTESIAN_POINT('',(205.63,-122.9289,0.));
#377 = DIRECTION('',(-0.,0.,-1.));
#378 = DIRECTION('',(-0.,-1.,0.));
#379 = FACE_BOUND('',#380,.F.);
#380 = EDGE_LOOP('',(#381));
#381 = ORIENTED_EDGE('',*,*,#382,.T.);
#382 = EDGE_CURVE('',#383,#383,#385,.T.);
#383 = VERTEX_POINT('',#384);
#384 = CARTESIAN_POINT('',(208.17,-123.4289,0.));
#385 = CIRCLE('',#386,0.5);
#386 = AXIS2_PLACEMENT_3D('',#387,#388,#389);
#387 = CARTESIAN_POINT('',(208.17,-122.9289,0.));
#388 = DIRECTION('',(-0.,0.,-1.));
#389 = DIRECTION('',(-0.,-1.,0.));
#390 = FACE_BOUND('',#391,.F.);
#391 = EDGE_LOOP('',(#392));
#392 = ORIENTED_EDGE('',*,*,#393,.T.);
#393 = EDGE_CURVE('',#394,#394,#396,.T.);
#394 = VERTEX_POINT('',#395);
#395 = CARTESIAN_POINT('',(221.848728,-129.750656,0.));
#396 = CIRCLE('',#397,0.25);
#397 = AXIS2_PLACEMENT_3D('',#398,#399,#400);
#398 = CARTESIAN_POINT('',(221.848728,-129.500656,0.));
#399 = DIRECTION('',(-0.,0.,-1.));
#400 = DIRECTION('',(-0.,-1.,0.));
#401 = FACE_BOUND('',#402,.F.);
#402 = EDGE_LOOP('',(#403));
#403 = ORIENTED_EDGE('',*,*,#404,.T.);
#404 = EDGE_CURVE('',#405,#405,#407,.T.);
#405 = VERTEX_POINT('',#406);
#406 = CARTESIAN_POINT('',(223.545784,-130.4536,0.));
#407 = CIRCLE('',#408,0.25);
#408 = AXIS2_PLACEMENT_3D('',#409,#410,#411);
#409 = CARTESIAN_POINT('',(223.545784,-130.2036,0.));
#410 = DIRECTION('',(-0.,0.,-1.));
#411 = DIRECTION('',(-0.,-1.,0.));
#412 = FACE_BOUND('',#413,.F.);
#413 = EDGE_LOOP('',(#414));
#414 = ORIENTED_EDGE('',*,*,#415,.T.);
#415 = EDGE_CURVE('',#416,#416,#418,.T.);
#416 = VERTEX_POINT('',#417);
#417 = CARTESIAN_POINT('',(225.24284,-129.750656,0.));
#418 = CIRCLE('',#419,0.25);
#419 = AXIS2_PLACEMENT_3D('',#420,#421,#422);
#420 = CARTESIAN_POINT('',(225.24284,-129.500656,0.));
#421 = DIRECTION('',(-0.,0.,-1.));
#422 = DIRECTION('',(-0.,-1.,0.));
#423 = FACE_BOUND('',#424,.F.);
#424 = EDGE_LOOP('',(#425));
#425 = ORIENTED_EDGE('',*,*,#426,.T.);
#426 = EDGE_CURVE('',#427,#427,#429,.T.);
#427 = VERTEX_POINT('',#428);
#428 = CARTESIAN_POINT('',(221.145784,-128.0536,0.));
#429 = CIRCLE('',#430,0.25);
#430 = AXIS2_PLACEMENT_3D('',#431,#432,#433);
#431 = CARTESIAN_POINT('',(221.145784,-127.8036,0.));
#432 = DIRECTION('',(-0.,0.,-1.));
#433 = DIRECTION('',(-0.,-1.,0.));
#434 = FACE_BOUND('',#435,.F.);
#435 = EDGE_LOOP('',(#436));
#436 = ORIENTED_EDGE('',*,*,#437,.T.);
#437 = EDGE_CURVE('',#438,#438,#440,.T.);
#438 = VERTEX_POINT('',#439);
#439 = CARTESIAN_POINT('',(223.545784,-129.4036,0.));
#440 = CIRCLE('',#441,1.6);
#441 = AXIS2_PLACEMENT_3D('',#442,#443,#444);
#442 = CARTESIAN_POINT('',(223.545784,-127.8036,0.));
#443 = DIRECTION('',(-0.,0.,-1.));
#444 = DIRECTION('',(-0.,-1.,0.));
#445 = FACE_BOUND('',#446,.F.);
#446 = EDGE_LOOP('',(#447));
#447 = ORIENTED_EDGE('',*,*,#448,.T.);
#448 = EDGE_CURVE('',#449,#449,#451,.T.);
#449 = VERTEX_POINT('',#450);
#450 = CARTESIAN_POINT('',(221.848728,-126.356544,0.));
#451 = CIRCLE('',#452,0.25);
#452 = AXIS2_PLACEMENT_3D('',#453,#454,#455);
#453 = CARTESIAN_POINT('',(221.848728,-126.106544,0.));
#454 = DIRECTION('',(-0.,0.,-1.));
#455 = DIRECTION('',(-0.,-1.,0.));
#456 = FACE_BOUND('',#457,.F.);
#457 = EDGE_LOOP('',(#458));
#458 = ORIENTED_EDGE('',*,*,#459,.T.);
#459 = EDGE_CURVE('',#460,#460,#462,.T.);
#460 = VERTEX_POINT('',#461);
#461 = CARTESIAN_POINT('',(225.945784,-128.0536,0.));
#462 = CIRCLE('',#463,0.25);
#463 = AXIS2_PLACEMENT_3D('',#464,#465,#466);
#464 = CARTESIAN_POINT('',(225.945784,-127.8036,0.));
#465 = DIRECTION('',(-0.,0.,-1.));
#466 = DIRECTION('',(-0.,-1.,0.));
#467 = FACE_BOUND('',#468,.F.);
#468 = EDGE_LOOP('',(#469));
#469 = ORIENTED_EDGE('',*,*,#470,.T.);
#470 = EDGE_CURVE('',#471,#471,#473,.T.);
#471 = VERTEX_POINT('',#472);
#472 = CARTESIAN_POINT('',(225.24284,-126.356544,0.));
#473 = CIRCLE('',#474,0.25);
#474 = AXIS2_PLACEMENT_3D('',#475,#476,#477);
#475 = CARTESIAN_POINT('',(225.24284,-126.106544,0.));
#476 = DIRECTION('',(-0.,0.,-1.));
#477 = DIRECTION('',(-0.,-1.,0.));
#478 = FACE_BOUND('',#479,.F.);
#479 = EDGE_LOOP('',(#480));
#480 = ORIENTED_EDGE('',*,*,#481,.T.);
#481 = EDGE_CURVE('',#482,#482,#484,.T.);
#482 = VERTEX_POINT('',#483);
#483 = CARTESIAN_POINT('',(223.545784,-125.6536,0.));
#484 = CIRCLE('',#485,0.25);
#485 = AXIS2_PLACEMENT_3D('',#486,#487,#488);
#486 = CARTESIAN_POINT('',(223.545784,-125.4036,0.));
#487 = DIRECTION('',(-0.,0.,-1.));
#488 = DIRECTION('',(-0.,-1.,0.));
#489 = FACE_BOUND('',#490,.F.);
#490 = EDGE_LOOP('',(#491));
#491 = ORIENTED_EDGE('',*,*,#492,.T.);
#492 = EDGE_CURVE('',#493,#493,#495,.T.);
#493 = VERTEX_POINT('',#494);
#494 = CARTESIAN_POINT('',(168.79,-106.9089,0.));
#495 = CIRCLE('',#496,0.5);
#496 = AXIS2_PLACEMENT_3D('',#497,#498,#499);
#497 = CARTESIAN_POINT('',(168.79,-106.4089,0.));
#498 = DIRECTION('',(-0.,0.,-1.));
#499 = DIRECTION('',(-0.,-1.,0.));
#500 = FACE_BOUND('',#501,.F.);
#501 = EDGE_LOOP('',(#502));
#502 = ORIENTED_EDGE('',*,*,#503,.T.);
#503 = EDGE_CURVE('',#504,#504,#506,.T.);
#504 = VERTEX_POINT('',#505);
#505 = CARTESIAN_POINT('',(171.33,-106.9089,0.));
#506 = CIRCLE('',#507,0.5);
#507 = AXIS2_PLACEMENT_3D('',#508,#509,#510);
#508 = CARTESIAN_POINT('',(171.33,-106.4089,0.));
#509 = DIRECTION('',(-0.,0.,-1.));
#510 = DIRECTION('',(-0.,-1.,0.));
#511 = FACE_BOUND('',#512,.F.);
#512 = EDGE_LOOP('',(#513));
#513 = ORIENTED_EDGE('',*,*,#514,.T.);
#514 = EDGE_CURVE('',#515,#515,#517,.T.);
#515 = VERTEX_POINT('',#516);
#516 = CARTESIAN_POINT('',(168.653,-98.0189,0.));
#517 = CIRCLE('',#518,0.5);
#518 = AXIS2_PLACEMENT_3D('',#519,#520,#521);
#519 = CARTESIAN_POINT('',(168.653,-97.5189,0.));
#520 = DIRECTION('',(-0.,0.,-1.));
#521 = DIRECTION('',(-0.,-1.,0.));
#522 = FACE_BOUND('',#523,.F.);
#523 = EDGE_LOOP('',(#524,#535,#543,#552,#560,#569,#577,#586));
#524 = ORIENTED_EDGE('',*,*,#525,.F.);
#525 = EDGE_CURVE('',#526,#528,#530,.T.);
#526 = VERTEX_POINT('',#527);
#527 = CARTESIAN_POINT('',(190.38,-92.964937,0.));
#528 = VERTEX_POINT('',#529);
#529 = CARTESIAN_POINT('',(186.833026,-96.511911,0.));
#530 = CIRCLE('',#531,3.546975256747);
#531 = AXIS2_PLACEMENT_3D('',#532,#533,#534);
#532 = CARTESIAN_POINT('',(190.38000125674,-96.51191225674,0.));
#533 = DIRECTION('',(0.,0.,1.));
#534 = DIRECTION('',(-3.543150014611E-07,1.,0.));
#535 = ORIENTED_EDGE('',*,*,#536,.F.);
#536 = EDGE_CURVE('',#537,#526,#539,.T.);
#537 = VERTEX_POINT('',#538);
#538 = CARTESIAN_POINT('',(208.16,-92.964937,0.));
#539 = LINE('',#540,#541);
#540 = CARTESIAN_POINT('',(208.16,-92.964937,0.));
#541 = VECTOR('',#542,1.);
#542 = DIRECTION('',(-1.,0.,0.));
#543 = ORIENTED_EDGE('',*,*,#544,.F.);
#544 = EDGE_CURVE('',#545,#537,#547,.T.);
#545 = VERTEX_POINT('',#546);
#546 = CARTESIAN_POINT('',(211.706974,-96.511911,0.));
#547 = CIRCLE('',#548,3.546975256747);
#548 = AXIS2_PLACEMENT_3D('',#549,#550,#551);
#549 = CARTESIAN_POINT('',(208.15999874325,-96.51191225674,0.));
#550 = DIRECTION('',(0.,0.,1.));
#551 = DIRECTION('',(1.,3.543149934481E-07,-0.));
#552 = ORIENTED_EDGE('',*,*,#553,.F.);
#553 = EDGE_CURVE('',#554,#545,#556,.T.);
#554 = VERTEX_POINT('',#555);
#555 = CARTESIAN_POINT('',(211.706974,-114.291911,0.));
#556 = LINE('',#557,#558);
#557 = CARTESIAN_POINT('',(211.706974,-114.291911,0.));
#558 = VECTOR('',#559,1.);
#559 = DIRECTION('',(0.,1.,0.));
#560 = ORIENTED_EDGE('',*,*,#561,.F.);
#561 = EDGE_CURVE('',#562,#554,#564,.T.);
#562 = VERTEX_POINT('',#563);
#563 = CARTESIAN_POINT('',(208.16,-117.838885,0.));
#564 = CIRCLE('',#565,3.546975256747);
#565 = AXIS2_PLACEMENT_3D('',#566,#567,#568);
#566 = CARTESIAN_POINT('',(208.15999874325,-114.2919097432,0.));
#567 = DIRECTION('',(0.,0.,1.));
#568 = DIRECTION('',(3.543150014611E-07,-1.,0.));
#569 = ORIENTED_EDGE('',*,*,#570,.F.);
#570 = EDGE_CURVE('',#571,#562,#573,.T.);
#571 = VERTEX_POINT('',#572);
#572 = CARTESIAN_POINT('',(190.38,-117.838885,0.));
#573 = LINE('',#574,#575);
#574 = CARTESIAN_POINT('',(190.38,-117.838885,0.));
#575 = VECTOR('',#576,1.);
#576 = DIRECTION('',(1.,0.,0.));
#577 = ORIENTED_EDGE('',*,*,#578,.F.);
#578 = EDGE_CURVE('',#579,#571,#581,.T.);
#579 = VERTEX_POINT('',#580);
#580 = CARTESIAN_POINT('',(186.833026,-114.291911,0.));
#581 = CIRCLE('',#582,3.546975256747);
#582 = AXIS2_PLACEMENT_3D('',#583,#584,#585);
#583 = CARTESIAN_POINT('',(190.38000125674,-114.2919097432,0.));
#584 = DIRECTION('',(0.,0.,1.));
#585 = DIRECTION('',(-1.,-3.54315009474E-07,0.));
#586 = ORIENTED_EDGE('',*,*,#587,.F.);
#587 = EDGE_CURVE('',#528,#579,#588,.T.);
#588 = LINE('',#589,#590);
#589 = CARTESIAN_POINT('',(186.833026,-96.511911,0.));
#590 = VECTOR('',#591,1.);
#591 = DIRECTION('',(0.,-1.,0.));
#592 = FACE_BOUND('',#593,.F.);
#593 = EDGE_LOOP('',(#594));
#594 = ORIENTED_EDGE('',*,*,#595,.T.);
#595 = EDGE_CURVE('',#596,#596,#598,.T.);
#596 = VERTEX_POINT('',#597);
#597 = CARTESIAN_POINT('',(224.66,-109.81,0.));
#598 = CIRCLE('',#599,0.65);
#599 = AXIS2_PLACEMENT_3D('',#600,#601,#602);
#600 = CARTESIAN_POINT('',(224.66,-109.16,0.));
#601 = DIRECTION('',(-0.,0.,-1.));
#602 = DIRECTION('',(-0.,-1.,0.));
#603 = FACE_BOUND('',#604,.F.);
#604 = EDGE_LOOP('',(#605));
#605 = ORIENTED_EDGE('',*,*,#606,.T.);
#606 = EDGE_CURVE('',#607,#607,#609,.T.);
#607 = VERTEX_POINT('',#608);
#608 = CARTESIAN_POINT('',(227.21,-108.41,0.));
#609 = CIRCLE('',#610,0.5);
#610 = AXIS2_PLACEMENT_3D('',#611,#612,#613);
#611 = CARTESIAN_POINT('',(227.21,-107.91,0.));
#612 = DIRECTION('',(-0.,0.,-1.));
#613 = DIRECTION('',(-0.,-1.,0.));
#614 = FACE_BOUND('',#615,.F.);
#615 = EDGE_LOOP('',(#616));
#616 = ORIENTED_EDGE('',*,*,#617,.T.);
#617 = EDGE_CURVE('',#618,#618,#620,.T.);
#618 = VERTEX_POINT('',#619);
#619 = CARTESIAN_POINT('',(227.21,-103.91,0.));
#620 = CIRCLE('',#621,0.5);
#621 = AXIS2_PLACEMENT_3D('',#622,#623,#624);
#622 = CARTESIAN_POINT('',(227.21,-103.41,0.));
#623 = DIRECTION('',(-0.,0.,-1.));
#624 = DIRECTION('',(-0.,-1.,0.));
#625 = FACE_BOUND('',#626,.F.);
#626 = EDGE_LOOP('',(#627));
#627 = ORIENTED_EDGE('',*,*,#628,.T.);
#628 = EDGE_CURVE('',#629,#629,#631,.T.);
#629 = VERTEX_POINT('',#630);
#630 = CARTESIAN_POINT('',(224.66,-102.81,0.));
#631 = CIRCLE('',#632,0.65);
#632 = AXIS2_PLACEMENT_3D('',#633,#634,#635);
#633 = CARTESIAN_POINT('',(224.66,-102.16,0.));
#634 = DIRECTION('',(-0.,0.,-1.));
#635 = DIRECTION('',(-0.,-1.,0.));
#636 = FACE_BOUND('',#637,.F.);
#637 = EDGE_LOOP('',(#638));
#638 = ORIENTED_EDGE('',*,*,#639,.T.);
#639 = EDGE_CURVE('',#640,#640,#642,.T.);
#640 = VERTEX_POINT('',#641);
#641 = CARTESIAN_POINT('',(107.83,-86.82,0.));
#642 = CIRCLE('',#643,0.5);
#643 = AXIS2_PLACEMENT_3D('',#644,#645,#646);
#644 = CARTESIAN_POINT('',(107.83,-86.32,0.));
#645 = DIRECTION('',(-0.,0.,-1.));
#646 = DIRECTION('',(-0.,-1.,0.));
#647 = FACE_BOUND('',#648,.F.);
#648 = EDGE_LOOP('',(#649,#660,#668,#677,#685,#694,#702,#711));
#649 = ORIENTED_EDGE('',*,*,#650,.F.);
#650 = EDGE_CURVE('',#651,#653,#655,.T.);
#651 = VERTEX_POINT('',#652);
#652 = CARTESIAN_POINT('',(123.07,-66.,0.));
#653 = VERTEX_POINT('',#654);
#654 = CARTESIAN_POINT('',(115.45,-73.62,0.));
#655 = CIRCLE('',#656,7.619998882328);
#656 = AXIS2_PLACEMENT_3D('',#657,#658,#659);
#657 = CARTESIAN_POINT('',(123.06999888232,-73.61999888232,0.));
#658 = DIRECTION('',(0.,0.,1.));
#659 = DIRECTION('',(1.466760902966E-07,1.,-0.));
#660 = ORIENTED_EDGE('',*,*,#661,.F.);
#661 = EDGE_CURVE('',#662,#651,#664,.T.);
#662 = VERTEX_POINT('',#663);
#663 = CARTESIAN_POINT('',(142.12,-66.,0.));
#664 = LINE('',#665,#666);
#665 = CARTESIAN_POINT('',(142.12,-66.,0.));
#666 = VECTOR('',#667,1.);
#667 = DIRECTION('',(-1.,0.,0.));
#668 = ORIENTED_EDGE('',*,*,#669,.F.);
#669 = EDGE_CURVE('',#670,#662,#672,.T.);
#670 = VERTEX_POINT('',#671);
#671 = CARTESIAN_POINT('',(149.74,-73.62,0.));
#672 = CIRCLE('',#673,7.619998882328);
#673 = AXIS2_PLACEMENT_3D('',#674,#675,#676);
#674 = CARTESIAN_POINT('',(142.12000111767,-73.61999888232,0.));
#675 = DIRECTION('',(0.,0.,1.));
#676 = DIRECTION('',(1.,-1.466760865667E-07,0.));
#677 = ORIENTED_EDGE('',*,*,#678,.F.);
#678 = EDGE_CURVE('',#679,#670,#681,.T.);
#679 = VERTEX_POINT('',#680);
#680 = CARTESIAN_POINT('',(149.74,-109.18,0.));
#681 = LINE('',#682,#683);
#682 = CARTESIAN_POINT('',(149.74,-109.18,0.));
#683 = VECTOR('',#684,1.);
#684 = DIRECTION('',(0.,1.,0.));
#685 = ORIENTED_EDGE('',*,*,#686,.F.);
#686 = EDGE_CURVE('',#687,#679,#689,.T.);
#687 = VERTEX_POINT('',#688);
#688 = CARTESIAN_POINT('',(143.39,-115.53,0.));
#689 = CIRCLE('',#690,6.350000206678);
#690 = AXIS2_PLACEMENT_3D('',#691,#692,#693);
#691 = CARTESIAN_POINT('',(143.38999979332,-109.1799997933,0.));
#692 = DIRECTION('',(0.,0.,1.));
#693 = DIRECTION('',(3.254770807043E-08,-1.,0.));
#694 = ORIENTED_EDGE('',*,*,#695,.F.);
#695 = EDGE_CURVE('',#696,#687,#698,.T.);
#696 = VERTEX_POINT('',#697);
#697 = CARTESIAN_POINT('',(121.8,-115.53,0.));
#698 = LINE('',#699,#700);
#699 = CARTESIAN_POINT('',(121.8,-115.53,0.));
#700 = VECTOR('',#701,1.);
#701 = DIRECTION('',(1.,0.,0.));
#702 = ORIENTED_EDGE('',*,*,#703,.F.);
#703 = EDGE_CURVE('',#704,#696,#706,.T.);
#704 = VERTEX_POINT('',#705);
#705 = CARTESIAN_POINT('',(115.45,-109.18,0.));
#706 = CIRCLE('',#707,6.350000206678);
#707 = AXIS2_PLACEMENT_3D('',#708,#709,#710);
#708 = CARTESIAN_POINT('',(121.80000020667,-109.1799997933,0.));
#709 = DIRECTION('',(0.,0.,1.));
#710 = DIRECTION('',(-1.,-3.254771030836E-08,0.));
#711 = ORIENTED_EDGE('',*,*,#712,.F.);
#712 = EDGE_CURVE('',#653,#704,#713,.T.);
#713 = LINE('',#714,#715);
#714 = CARTESIAN_POINT('',(115.45,-73.62,0.));
#715 = VECTOR('',#716,1.);
#716 = DIRECTION('',(0.,-1.,0.));
#717 = FACE_BOUND('',#718,.F.);
#718 = EDGE_LOOP('',(#719));
#719 = ORIENTED_EDGE('',*,*,#720,.T.);
#720 = EDGE_CURVE('',#721,#721,#723,.T.);
#721 = VERTEX_POINT('',#722);
#722 = CARTESIAN_POINT('',(107.83,-84.28,0.));
#723 = CIRCLE('',#724,0.5);
#724 = AXIS2_PLACEMENT_3D('',#725,#726,#727);
#725 = CARTESIAN_POINT('',(107.83,-83.78,0.));
#726 = DIRECTION('',(-0.,0.,-1.));
#727 = DIRECTION('',(-0.,-1.,0.));
#728 = FACE_BOUND('',#729,.F.);
#729 = EDGE_LOOP('',(#730));
#730 = ORIENTED_EDGE('',*,*,#731,.T.);
#731 = EDGE_CURVE('',#732,#732,#734,.T.);
#732 = VERTEX_POINT('',#733);
#733 = CARTESIAN_POINT('',(121.4,-62.288885,0.));
#734 = CIRCLE('',#735,1.6);
#735 = AXIS2_PLACEMENT_3D('',#736,#737,#738);
#736 = CARTESIAN_POINT('',(121.4,-60.688885,0.));
#737 = DIRECTION('',(-0.,0.,-1.));
#738 = DIRECTION('',(-0.,-1.,0.));
#739 = FACE_BOUND('',#740,.F.);
#740 = EDGE_LOOP('',(#741,#752,#760,#769));
#741 = ORIENTED_EDGE('',*,*,#742,.T.);
#742 = EDGE_CURVE('',#743,#745,#747,.T.);
#743 = VERTEX_POINT('',#744);
#744 = CARTESIAN_POINT('',(222.4,-90.45,0.));
#745 = VERTEX_POINT('',#746);
#746 = CARTESIAN_POINT('',(222.4,-92.55,0.));
#747 = CIRCLE('',#748,1.05);
#748 = AXIS2_PLACEMENT_3D('',#749,#750,#751);
#749 = CARTESIAN_POINT('',(222.4,-91.5,0.));
#750 = DIRECTION('',(-0.,0.,-1.));
#751 = DIRECTION('',(-0.,-1.,0.));
#752 = ORIENTED_EDGE('',*,*,#753,.T.);
#753 = EDGE_CURVE('',#745,#754,#756,.T.);
#754 = VERTEX_POINT('',#755);
#755 = CARTESIAN_POINT('',(222.,-92.55,0.));
#756 = LINE('',#757,#758);
#757 = CARTESIAN_POINT('',(111.,-92.55,0.));
#758 = VECTOR('',#759,1.);
#759 = DIRECTION('',(-1.,0.,0.));
#760 = ORIENTED_EDGE('',*,*,#761,.T.);
#761 = EDGE_CURVE('',#754,#762,#764,.T.);
#762 = VERTEX_POINT('',#763);
#763 = CARTESIAN_POINT('',(222.,-90.45,0.));
#764 = CIRCLE('',#765,1.05);
#765 = AXIS2_PLACEMENT_3D('',#766,#767,#768);
#766 = CARTESIAN_POINT('',(222.,-91.5,0.));
#767 = DIRECTION('',(-0.,0.,-1.));
#768 = DIRECTION('',(0.,1.,0.));
#769 = ORIENTED_EDGE('',*,*,#770,.T.);
#770 = EDGE_CURVE('',#762,#743,#771,.T.);
#771 = LINE('',#772,#773);
#772 = CARTESIAN_POINT('',(111.2,-90.45,0.));
#773 = VECTOR('',#774,1.);
#774 = DIRECTION('',(1.,0.,-0.));
#775 = FACE_BOUND('',#776,.F.);
#776 = EDGE_LOOP('',(#777));
#777 = ORIENTED_EDGE('',*,*,#778,.T.);
#778 = EDGE_CURVE('',#779,#779,#781,.T.);
#779 = VERTEX_POINT('',#780);
#780 = CARTESIAN_POINT('',(223.2,-88.05,0.));
#781 = CIRCLE('',#782,0.5);
#782 = AXIS2_PLACEMENT_3D('',#783,#784,#785);
#783 = CARTESIAN_POINT('',(223.2,-87.55,0.));
#784 = DIRECTION('',(-0.,0.,-1.));
#785 = DIRECTION('',(-0.,-1.,0.));
#786 = FACE_BOUND('',#787,.F.);
#787 = EDGE_LOOP('',(#788));
#788 = ORIENTED_EDGE('',*,*,#789,.T.);
#789 = EDGE_CURVE('',#790,#790,#792,.T.);
#790 = VERTEX_POINT('',#791);
#791 = CARTESIAN_POINT('',(225.7,-88.05,0.));
#792 = CIRCLE('',#793,0.5);
#793 = AXIS2_PLACEMENT_3D('',#794,#795,#796);
#794 = CARTESIAN_POINT('',(225.7,-87.55,0.));
#795 = DIRECTION('',(-0.,0.,-1.));
#796 = DIRECTION('',(-0.,-1.,0.));
#797 = FACE_BOUND('',#798,.F.);
#798 = EDGE_LOOP('',(#799));
#799 = ORIENTED_EDGE('',*,*,#800,.T.);
#800 = EDGE_CURVE('',#801,#801,#803,.T.);
#801 = VERTEX_POINT('',#802);
#802 = CARTESIAN_POINT('',(225.7,-85.55,0.));
#803 = CIRCLE('',#804,0.5);
#804 = AXIS2_PLACEMENT_3D('',#805,#806,#807);
#805 = CARTESIAN_POINT('',(225.7,-85.05,0.));
#806 = DIRECTION('',(-0.,0.,-1.));
#807 = DIRECTION('',(-0.,-1.,0.));
#808 = FACE_BOUND('',#809,.F.);
#809 = EDGE_LOOP('',(#810));
#810 = ORIENTED_EDGE('',*,*,#811,.T.);
#811 = EDGE_CURVE('',#812,#812,#814,.T.);
#812 = VERTEX_POINT('',#813);
#813 = CARTESIAN_POINT('',(223.2,-83.05,0.));
#814 = CIRCLE('',#815,0.5);
#815 = AXIS2_PLACEMENT_3D('',#816,#817,#818);
#816 = CARTESIAN_POINT('',(223.2,-82.55,0.));
#817 = DIRECTION('',(-0.,0.,-1.));
#818 = DIRECTION('',(-0.,-1.,0.));
#819 = FACE_BOUND('',#820,.F.);
#820 = EDGE_LOOP('',(#821));
#821 = ORIENTED_EDGE('',*,*,#822,.T.);
#822 = EDGE_CURVE('',#823,#823,#825,.T.);
#823 = VERTEX_POINT('',#824);
#824 = CARTESIAN_POINT('',(225.7,-83.05,0.));
#825 = CIRCLE('',#826,0.5);
#826 = AXIS2_PLACEMENT_3D('',#827,#828,#829);
#827 = CARTESIAN_POINT('',(225.7,-82.55,0.));
#828 = DIRECTION('',(-0.,0.,-1.));
#829 = DIRECTION('',(-0.,-1.,0.));
#830 = FACE_BOUND('',#831,.F.);
#831 = EDGE_LOOP('',(#832,#843,#851,#860));
#832 = ORIENTED_EDGE('',*,*,#833,.T.);
#833 = EDGE_CURVE('',#834,#836,#838,.T.);
#834 = VERTEX_POINT('',#835);
#835 = CARTESIAN_POINT('',(222.4,-77.55,0.));
#836 = VERTEX_POINT('',#837);
#837 = CARTESIAN_POINT('',(222.4,-79.65,0.));
#838 = CIRCLE('',#839,1.05);
#839 = AXIS2_PLACEMENT_3D('',#840,#841,#842);
#840 = CARTESIAN_POINT('',(222.4,-78.6,0.));
#841 = DIRECTION('',(-0.,0.,-1.));
#842 = DIRECTION('',(-0.,-1.,0.));
#843 = ORIENTED_EDGE('',*,*,#844,.T.);
#844 = EDGE_CURVE('',#836,#845,#847,.T.);
#845 = VERTEX_POINT('',#846);
#846 = CARTESIAN_POINT('',(222.,-79.65,0.));
#847 = LINE('',#848,#849);
#848 = CARTESIAN_POINT('',(111.,-79.65,0.));
#849 = VECTOR('',#850,1.);
#850 = DIRECTION('',(-1.,0.,0.));
#851 = ORIENTED_EDGE('',*,*,#852,.T.);
#852 = EDGE_CURVE('',#845,#853,#855,.T.);
#853 = VERTEX_POINT('',#854);
#854 = CARTESIAN_POINT('',(222.,-77.55,0.));
#855 = CIRCLE('',#856,1.05);
#856 = AXIS2_PLACEMENT_3D('',#857,#858,#859);
#857 = CARTESIAN_POINT('',(222.,-78.6,0.));
#858 = DIRECTION('',(-0.,0.,-1.));
#859 = DIRECTION('',(0.,1.,0.));
#860 = ORIENTED_EDGE('',*,*,#861,.T.);
#861 = EDGE_CURVE('',#853,#834,#862,.T.);
#862 = LINE('',#863,#864);
#863 = CARTESIAN_POINT('',(111.2,-77.55,0.));
#864 = VECTOR('',#865,1.);
#865 = DIRECTION('',(1.,0.,-0.));
#866 = FACE_BOUND('',#867,.F.);
#867 = EDGE_LOOP('',(#868));
#868 = ORIENTED_EDGE('',*,*,#869,.T.);
#869 = EDGE_CURVE('',#870,#870,#872,.T.);
#870 = VERTEX_POINT('',#871);
#871 = CARTESIAN_POINT('',(223.523623,-73.923708,0.));
#872 = CIRCLE('',#873,0.25);
#873 = AXIS2_PLACEMENT_3D('',#874,#875,#876);
#874 = CARTESIAN_POINT('',(223.523623,-73.673708,0.));
#875 = DIRECTION('',(-0.,0.,-1.));
#876 = DIRECTION('',(-0.,-1.,0.));
#877 = FACE_BOUND('',#878,.F.);
#878 = EDGE_LOOP('',(#879));
#879 = ORIENTED_EDGE('',*,*,#880,.T.);
#880 = EDGE_CURVE('',#881,#881,#883,.T.);
#881 = VERTEX_POINT('',#882);
#882 = CARTESIAN_POINT('',(221.826567,-73.220764,0.));
#883 = CIRCLE('',#884,0.25);
#884 = AXIS2_PLACEMENT_3D('',#885,#886,#887);
#885 = CARTESIAN_POINT('',(221.826567,-72.970764,0.));
#886 = DIRECTION('',(-0.,0.,-1.));
#887 = DIRECTION('',(-0.,-1.,0.));
#888 = FACE_BOUND('',#889,.F.);
#889 = EDGE_LOOP('',(#890));
#890 = ORIENTED_EDGE('',*,*,#891,.T.);
#891 = EDGE_CURVE('',#892,#892,#894,.T.);
#892 = VERTEX_POINT('',#893);
#893 = CARTESIAN_POINT('',(225.220679,-73.220764,0.));
#894 = CIRCLE('',#895,0.25);
#895 = AXIS2_PLACEMENT_3D('',#896,#897,#898);
#896 = CARTESIAN_POINT('',(225.220679,-72.970764,0.));
#897 = DIRECTION('',(-0.,0.,-1.));
#898 = DIRECTION('',(-0.,-1.,0.));
#899 = FACE_BOUND('',#900,.F.);
#900 = EDGE_LOOP('',(#901));
#901 = ORIENTED_EDGE('',*,*,#902,.T.);
#902 = EDGE_CURVE('',#903,#903,#905,.T.);
#903 = VERTEX_POINT('',#904);
#904 = CARTESIAN_POINT('',(221.123623,-71.523708,0.));
#905 = CIRCLE('',#906,0.25);
#906 = AXIS2_PLACEMENT_3D('',#907,#908,#909);
#907 = CARTESIAN_POINT('',(221.123623,-71.273708,0.));
#908 = DIRECTION('',(-0.,0.,-1.));
#909 = DIRECTION('',(-0.,-1.,0.));
#910 = FACE_BOUND('',#911,.F.);
#911 = EDGE_LOOP('',(#912));
#912 = ORIENTED_EDGE('',*,*,#913,.T.);
#913 = EDGE_CURVE('',#914,#914,#916,.T.);
#914 = VERTEX_POINT('',#915);
#915 = CARTESIAN_POINT('',(223.523623,-72.873708,0.));
#916 = CIRCLE('',#917,1.6);
#917 = AXIS2_PLACEMENT_3D('',#918,#919,#920);
#918 = CARTESIAN_POINT('',(223.523623,-71.273708,0.));
#919 = DIRECTION('',(-0.,0.,-1.));
#920 = DIRECTION('',(-0.,-1.,0.));
#921 = FACE_BOUND('',#922,.F.);
#922 = EDGE_LOOP('',(#923));
#923 = ORIENTED_EDGE('',*,*,#924,.T.);
#924 = EDGE_CURVE('',#925,#925,#927,.T.);
#925 = VERTEX_POINT('',#926);
#926 = CARTESIAN_POINT('',(225.923623,-71.523708,0.));
#927 = CIRCLE('',#928,0.25);
#928 = AXIS2_PLACEMENT_3D('',#929,#930,#931);
#929 = CARTESIAN_POINT('',(225.923623,-71.273708,0.));
#930 = DIRECTION('',(-0.,0.,-1.));
#931 = DIRECTION('',(-0.,-1.,0.));
#932 = FACE_BOUND('',#933,.F.);
#933 = EDGE_LOOP('',(#934));
#934 = ORIENTED_EDGE('',*,*,#935,.T.);
#935 = EDGE_CURVE('',#936,#936,#938,.T.);
#936 = VERTEX_POINT('',#937);
#937 = CARTESIAN_POINT('',(221.826567,-69.826652,0.));
#938 = CIRCLE('',#939,0.25);
#939 = AXIS2_PLACEMENT_3D('',#940,#941,#942);
#940 = CARTESIAN_POINT('',(221.826567,-69.576652,0.));
#941 = DIRECTION('',(-0.,0.,-1.));
#942 = DIRECTION('',(-0.,-1.,0.));
#943 = FACE_BOUND('',#944,.F.);
#944 = EDGE_LOOP('',(#945));
#945 = ORIENTED_EDGE('',*,*,#946,.T.);
#946 = EDGE_CURVE('',#947,#947,#949,.T.);
#947 = VERTEX_POINT('',#948);
#948 = CARTESIAN_POINT('',(223.523623,-69.123708,0.));
#949 = CIRCLE('',#950,0.25);
#950 = AXIS2_PLACEMENT_3D('',#951,#952,#953);
#951 = CARTESIAN_POINT('',(223.523623,-68.873708,0.));
#952 = DIRECTION('',(-0.,0.,-1.));
#953 = DIRECTION('',(-0.,-1.,0.));
#954 = FACE_BOUND('',#955,.F.);
#955 = EDGE_LOOP('',(#956));
#956 = ORIENTED_EDGE('',*,*,#957,.T.);
#957 = EDGE_CURVE('',#958,#958,#960,.T.);
#958 = VERTEX_POINT('',#959);
#959 = CARTESIAN_POINT('',(225.220679,-69.826652,0.));
#960 = CIRCLE('',#961,0.25);
#961 = AXIS2_PLACEMENT_3D('',#962,#963,#964);
#962 = CARTESIAN_POINT('',(225.220679,-69.576652,0.));
#963 = DIRECTION('',(-0.,0.,-1.));
#964 = DIRECTION('',(-0.,-1.,0.));
#965 = FACE_BOUND('',#966,.F.);
#966 = EDGE_LOOP('',(#967));
#967 = ORIENTED_EDGE('',*,*,#968,.T.);
#968 = EDGE_CURVE('',#969,#969,#971,.T.);
#969 = VERTEX_POINT('',#970);
#970 = CARTESIAN_POINT('',(198.,-62.288885,0.));
#971 = CIRCLE('',#972,1.6);
#972 = AXIS2_PLACEMENT_3D('',#973,#974,#975);
#973 = CARTESIAN_POINT('',(198.,-60.688885,0.));
#974 = DIRECTION('',(-0.,0.,-1.));
#975 = DIRECTION('',(-0.,-1.,0.));
#976 = PLANE('',#977);
#977 = AXIS2_PLACEMENT_3D('',#978,#979,#980);
#978 = CARTESIAN_POINT('',(0.,0.,0.));
#979 = DIRECTION('',(0.,0.,1.));
#980 = DIRECTION('',(1.,0.,-0.));
#981 = ADVANCED_FACE('',(#982,#1078,#1089,#1100,#1111,#1122,#1133,#1144,
    #1155,#1166,#1177,#1188,#1199,#1210,#1221,#1232,#1243,#1254,#1265,
    #1276,#1287,#1298,#1309,#1320,#1331,#1342,#1353,#1364,#1434,#1445,
    #1456,#1467,#1478,#1489,#1559,#1570,#1581,#1617,#1628,#1639,#1650,
    #1661,#1672,#1708,#1719,#1730,#1741,#1752,#1763,#1774,#1785,#1796,
    #1807),#1818,.T.);
#982 = FACE_BOUND('',#983,.T.);
#983 = EDGE_LOOP('',(#984,#985,#986,#994,#1003,#1011,#1020,#1028,#1037,
    #1045,#1054,#1062,#1071,#1077));
#984 = ORIENTED_EDGE('',*,*,#49,.F.);
#985 = ORIENTED_EDGE('',*,*,#89,.F.);
#986 = ORIENTED_EDGE('',*,*,#987,.F.);
#987 = EDGE_CURVE('',#988,#82,#990,.T.);
#988 = VERTEX_POINT('',#989);
#989 = CARTESIAN_POINT('',(105.29,-54.57,1.51));
#990 = LINE('',#991,#992);
#991 = CARTESIAN_POINT('',(105.29,-54.57,1.51));
#992 = VECTOR('',#993,1.);
#993 = DIRECTION('',(1.,0.,0.));
#994 = ORIENTED_EDGE('',*,*,#995,.F.);
#995 = EDGE_CURVE('',#996,#988,#998,.T.);
#996 = VERTEX_POINT('',#997);
#997 = CARTESIAN_POINT('',(104.02,-55.84,1.51));
#998 = CIRCLE('',#999,1.269998675653);
#999 = AXIS2_PLACEMENT_3D('',#1000,#1001,#1002);
#1000 = CARTESIAN_POINT('',(105.28999867565,-55.83999867565,1.51));
#1001 = DIRECTION('',(0.,0.,-1.));
#1002 = DIRECTION('',(-0.999999999999,-1.042794898826E-06,-0.));
#1003 = ORIENTED_EDGE('',*,*,#1004,.F.);
#1004 = EDGE_CURVE('',#1005,#996,#1007,.T.);
#1005 = VERTEX_POINT('',#1006);
#1006 = CARTESIAN_POINT('',(104.02,-130.77,1.51));
#1007 = LINE('',#1008,#1009);
#1008 = CARTESIAN_POINT('',(104.02,-130.77,1.51));
#1009 = VECTOR('',#1010,1.);
#1010 = DIRECTION('',(0.,1.,0.));
#1011 = ORIENTED_EDGE('',*,*,#1012,.F.);
#1012 = EDGE_CURVE('',#1013,#1005,#1015,.T.);
#1013 = VERTEX_POINT('',#1014);
#1014 = CARTESIAN_POINT('',(105.29,-132.04,1.51));
#1015 = CIRCLE('',#1016,1.269998675653);
#1016 = AXIS2_PLACEMENT_3D('',#1017,#1018,#1019);
#1017 = CARTESIAN_POINT('',(105.28999867565,-130.7700013243,1.51));
#1018 = DIRECTION('',(0.,0.,-1.));
#1019 = DIRECTION('',(1.04279491561E-06,-0.999999999999,0.));
#1020 = ORIENTED_EDGE('',*,*,#1021,.F.);
#1021 = EDGE_CURVE('',#1022,#1013,#1024,.T.);
#1022 = VERTEX_POINT('',#1023);
#1023 = CARTESIAN_POINT('',(123.07,-132.04,1.51));
#1024 = LINE('',#1025,#1026);
#1025 = CARTESIAN_POINT('',(123.07,-132.04,1.51));
#1026 = VECTOR('',#1027,1.);
#1027 = DIRECTION('',(-1.,0.,0.));
#1028 = ORIENTED_EDGE('',*,*,#1029,.F.);
#1029 = EDGE_CURVE('',#1030,#1022,#1032,.T.);
#1030 = VERTEX_POINT('',#1031);
#1031 = CARTESIAN_POINT('',(124.34,-133.31,1.51));
#1032 = CIRCLE('',#1033,1.269998675653);
#1033 = AXIS2_PLACEMENT_3D('',#1034,#1035,#1036);
#1034 = CARTESIAN_POINT('',(123.07000132434,-133.3099986756,1.51));
#1035 = DIRECTION('',(0.,0.,1.));
#1036 = DIRECTION('',(0.999999999999,-1.0427949268E-06,0.));
#1037 = ORIENTED_EDGE('',*,*,#1038,.F.);
#1038 = EDGE_CURVE('',#1039,#1030,#1041,.T.);
#1039 = VERTEX_POINT('',#1040);
#1040 = CARTESIAN_POINT('',(124.34,-139.22,1.51));
#1041 = LINE('',#1042,#1043);
#1042 = CARTESIAN_POINT('',(124.34,-139.22,1.51));
#1043 = VECTOR('',#1044,1.);
#1044 = DIRECTION('',(0.,1.,0.));
#1045 = ORIENTED_EDGE('',*,*,#1046,.F.);
#1046 = EDGE_CURVE('',#1047,#1039,#1049,.T.);
#1047 = VERTEX_POINT('',#1048);
#1048 = CARTESIAN_POINT('',(125.61,-140.49,1.51));
#1049 = CIRCLE('',#1050,1.269998675653);
#1050 = AXIS2_PLACEMENT_3D('',#1051,#1052,#1053);
#1051 = CARTESIAN_POINT('',(125.60999867565,-139.2200013243,1.51));
#1052 = DIRECTION('',(0.,0.,-1.));
#1053 = DIRECTION('',(1.042794893231E-06,-0.999999999999,0.));
#1054 = ORIENTED_EDGE('',*,*,#1055,.F.);
#1055 = EDGE_CURVE('',#1056,#1047,#1058,.T.);
#1056 = VERTEX_POINT('',#1057);
#1057 = CARTESIAN_POINT('',(204.35,-140.49,1.51));
#1058 = LINE('',#1059,#1060);
#1059 = CARTESIAN_POINT('',(204.35,-140.49,1.51));
#1060 = VECTOR('',#1061,1.);
#1061 = DIRECTION('',(-1.,0.,0.));
#1062 = ORIENTED_EDGE('',*,*,#1063,.F.);
#1063 = EDGE_CURVE('',#1064,#1056,#1066,.T.);
#1064 = VERTEX_POINT('',#1065);
#1065 = CARTESIAN_POINT('',(205.62,-139.22,1.51));
#1066 = CIRCLE('',#1067,1.269998675653);
#1067 = AXIS2_PLACEMENT_3D('',#1068,#1069,#1070);
#1068 = CARTESIAN_POINT('',(204.35000132434,-139.2200013243,1.51));
#1069 = DIRECTION('',(0.,0.,-1.));
#1070 = DIRECTION('',(0.999999999999,1.0427949268E-06,0.));
#1071 = ORIENTED_EDGE('',*,*,#1072,.F.);
#1072 = EDGE_CURVE('',#112,#1064,#1073,.T.);
#1073 = LINE('',#1074,#1075);
#1074 = CARTESIAN_POINT('',(205.62,-133.31,1.51));
#1075 = VECTOR('',#1076,1.);
#1076 = DIRECTION('',(0.,-1.,0.));
#1077 = ORIENTED_EDGE('',*,*,#111,.F.);
#1078 = FACE_BOUND('',#1079,.T.);
#1079 = EDGE_LOOP('',(#1080));
#1080 = ORIENTED_EDGE('',*,*,#1081,.T.);
#1081 = EDGE_CURVE('',#1082,#1082,#1084,.T.);
#1082 = VERTEX_POINT('',#1083);
#1083 = CARTESIAN_POINT('',(121.4,-124.008885,1.51));
#1084 = CIRCLE('',#1085,1.6);
#1085 = AXIS2_PLACEMENT_3D('',#1086,#1087,#1088);
#1086 = CARTESIAN_POINT('',(121.4,-122.408885,1.51));
#1087 = DIRECTION('',(-0.,0.,-1.));
#1088 = DIRECTION('',(-0.,-1.,0.));
#1089 = FACE_BOUND('',#1090,.T.);
#1090 = EDGE_LOOP('',(#1091));
#1091 = ORIENTED_EDGE('',*,*,#1092,.T.);
#1092 = EDGE_CURVE('',#1093,#1093,#1095,.T.);
#1093 = VERTEX_POINT('',#1094);
#1094 = CARTESIAN_POINT('',(158.63,-114.5289,1.51));
#1095 = CIRCLE('',#1096,0.5);
#1096 = AXIS2_PLACEMENT_3D('',#1097,#1098,#1099);
#1097 = CARTESIAN_POINT('',(158.63,-114.0289,1.51));
#1098 = DIRECTION('',(-0.,0.,-1.));
#1099 = DIRECTION('',(-0.,-1.,0.));
#1100 = FACE_BOUND('',#1101,.T.);
#1101 = EDGE_LOOP('',(#1102));
#1102 = ORIENTED_EDGE('',*,*,#1103,.T.);
#1103 = EDGE_CURVE('',#1104,#1104,#1106,.T.);
#1104 = VERTEX_POINT('',#1105);
#1105 = CARTESIAN_POINT('',(161.17,-114.5289,1.51));
#1106 = CIRCLE('',#1107,0.5);
#1107 = AXIS2_PLACEMENT_3D('',#1108,#1109,#1110);
#1108 = CARTESIAN_POINT('',(161.17,-114.0289,1.51));
#1109 = DIRECTION('',(-0.,0.,-1.));
#1110 = DIRECTION('',(-0.,-1.,0.));
#1111 = FACE_BOUND('',#1112,.T.);
#1112 = EDGE_LOOP('',(#1113));
#1113 = ORIENTED_EDGE('',*,*,#1114,.T.);
#1114 = EDGE_CURVE('',#1115,#1115,#1117,.T.);
#1115 = VERTEX_POINT('',#1116);
#1116 = CARTESIAN_POINT('',(107.83,-99.52,1.51));
#1117 = CIRCLE('',#1118,0.5);
#1118 = AXIS2_PLACEMENT_3D('',#1119,#1120,#1121);
#1119 = CARTESIAN_POINT('',(107.83,-99.02,1.51));
#1120 = DIRECTION('',(-0.,0.,-1.));
#1121 = DIRECTION('',(-0.,-1.,0.));
#1122 = FACE_BOUND('',#1123,.T.);
#1123 = EDGE_LOOP('',(#1124));
#1124 = ORIENTED_EDGE('',*,*,#1125,.T.);
#1125 = EDGE_CURVE('',#1126,#1126,#1128,.T.);
#1126 = VERTEX_POINT('',#1127);
#1127 = CARTESIAN_POINT('',(107.83,-96.98,1.51));
#1128 = CIRCLE('',#1129,0.5);
#1129 = AXIS2_PLACEMENT_3D('',#1130,#1131,#1132);
#1130 = CARTESIAN_POINT('',(107.83,-96.48,1.51));
#1131 = DIRECTION('',(-0.,0.,-1.));
#1132 = DIRECTION('',(-0.,-1.,0.));
#1133 = FACE_BOUND('',#1134,.T.);
#1134 = EDGE_LOOP('',(#1135));
#1135 = ORIENTED_EDGE('',*,*,#1136,.T.);
#1136 = EDGE_CURVE('',#1137,#1137,#1139,.T.);
#1137 = VERTEX_POINT('',#1138);
#1138 = CARTESIAN_POINT('',(158.63,-106.9059,1.51));
#1139 = CIRCLE('',#1140,0.5);
#1140 = AXIS2_PLACEMENT_3D('',#1141,#1142,#1143);
#1141 = CARTESIAN_POINT('',(158.63,-106.4059,1.51));
#1142 = DIRECTION('',(-0.,0.,-1.));
#1143 = DIRECTION('',(-0.,-1.,0.));
#1144 = FACE_BOUND('',#1145,.T.);
#1145 = EDGE_LOOP('',(#1146));
#1146 = ORIENTED_EDGE('',*,*,#1147,.T.);
#1147 = EDGE_CURVE('',#1148,#1148,#1150,.T.);
#1148 = VERTEX_POINT('',#1149);
#1149 = CARTESIAN_POINT('',(161.17,-106.9059,1.51));
#1150 = CIRCLE('',#1151,0.5);
#1151 = AXIS2_PLACEMENT_3D('',#1152,#1153,#1154);
#1152 = CARTESIAN_POINT('',(161.17,-106.4059,1.51));
#1153 = DIRECTION('',(-0.,0.,-1.));
#1154 = DIRECTION('',(-0.,-1.,0.));
#1155 = FACE_BOUND('',#1156,.T.);
#1156 = EDGE_LOOP('',(#1157));
#1157 = ORIENTED_EDGE('',*,*,#1158,.T.);
#1158 = EDGE_CURVE('',#1159,#1159,#1161,.T.);
#1159 = VERTEX_POINT('',#1160);
#1160 = CARTESIAN_POINT('',(158.493,-98.0189,1.51));
#1161 = CIRCLE('',#1162,0.5);
#1162 = AXIS2_PLACEMENT_3D('',#1163,#1164,#1165);
#1163 = CARTESIAN_POINT('',(158.493,-97.5189,1.51));
#1164 = DIRECTION('',(-0.,0.,-1.));
#1165 = DIRECTION('',(-0.,-1.,0.));
#1166 = FACE_BOUND('',#1167,.T.);
#1167 = EDGE_LOOP('',(#1168));
#1168 = ORIENTED_EDGE('',*,*,#1169,.T.);
#1169 = EDGE_CURVE('',#1170,#1170,#1172,.T.);
#1170 = VERTEX_POINT('',#1171);
#1171 = CARTESIAN_POINT('',(161.033,-98.0189,1.51));
#1172 = CIRCLE('',#1173,0.5);
#1173 = AXIS2_PLACEMENT_3D('',#1174,#1175,#1176);
#1174 = CARTESIAN_POINT('',(161.033,-97.5189,1.51));
#1175 = DIRECTION('',(-0.,0.,-1.));
#1176 = DIRECTION('',(-0.,-1.,0.));
#1177 = FACE_BOUND('',#1178,.T.);
#1178 = EDGE_LOOP('',(#1179));
#1179 = ORIENTED_EDGE('',*,*,#1180,.T.);
#1180 = EDGE_CURVE('',#1181,#1181,#1183,.T.);
#1181 = VERTEX_POINT('',#1182);
#1182 = CARTESIAN_POINT('',(163.573,-98.0189,1.51));
#1183 = CIRCLE('',#1184,0.5);
#1184 = AXIS2_PLACEMENT_3D('',#1185,#1186,#1187);
#1185 = CARTESIAN_POINT('',(163.573,-97.5189,1.51));
#1186 = DIRECTION('',(-0.,0.,-1.));
#1187 = DIRECTION('',(-0.,-1.,0.));
#1188 = FACE_BOUND('',#1189,.T.);
#1189 = EDGE_LOOP('',(#1190));
#1190 = ORIENTED_EDGE('',*,*,#1191,.T.);
#1191 = EDGE_CURVE('',#1192,#1192,#1194,.T.);
#1192 = VERTEX_POINT('',#1193);
#1193 = CARTESIAN_POINT('',(166.113,-98.0189,1.51));
#1194 = CIRCLE('',#1195,0.5);
#1195 = AXIS2_PLACEMENT_3D('',#1196,#1197,#1198);
#1196 = CARTESIAN_POINT('',(166.113,-97.5189,1.51));
#1197 = DIRECTION('',(-0.,0.,-1.));
#1198 = DIRECTION('',(-0.,-1.,0.));
#1199 = FACE_BOUND('',#1200,.T.);
#1200 = EDGE_LOOP('',(#1201));
#1201 = ORIENTED_EDGE('',*,*,#1202,.T.);
#1202 = EDGE_CURVE('',#1203,#1203,#1205,.T.);
#1203 = VERTEX_POINT('',#1204);
#1204 = CARTESIAN_POINT('',(198.,-124.008885,1.51));
#1205 = CIRCLE('',#1206,1.6);
#1206 = AXIS2_PLACEMENT_3D('',#1207,#1208,#1209);
#1207 = CARTESIAN_POINT('',(198.,-122.408885,1.51));
#1208 = DIRECTION('',(-0.,0.,-1.));
#1209 = DIRECTION('',(-0.,-1.,0.));
#1210 = FACE_BOUND('',#1211,.T.);
#1211 = EDGE_LOOP('',(#1212));
#1212 = ORIENTED_EDGE('',*,*,#1213,.T.);
#1213 = EDGE_CURVE('',#1214,#1214,#1216,.T.);
#1214 = VERTEX_POINT('',#1215);
#1215 = CARTESIAN_POINT('',(205.63,-123.4289,1.51));
#1216 = CIRCLE('',#1217,0.5);
#1217 = AXIS2_PLACEMENT_3D('',#1218,#1219,#1220);
#1218 = CARTESIAN_POINT('',(205.63,-122.9289,1.51));
#1219 = DIRECTION('',(-0.,0.,-1.));
#1220 = DIRECTION('',(-0.,-1.,0.));
#1221 = FACE_BOUND('',#1222,.T.);
#1222 = EDGE_LOOP('',(#1223));
#1223 = ORIENTED_EDGE('',*,*,#1224,.T.);
#1224 = EDGE_CURVE('',#1225,#1225,#1227,.T.);
#1225 = VERTEX_POINT('',#1226);
#1226 = CARTESIAN_POINT('',(208.17,-123.4289,1.51));
#1227 = CIRCLE('',#1228,0.5);
#1228 = AXIS2_PLACEMENT_3D('',#1229,#1230,#1231);
#1229 = CARTESIAN_POINT('',(208.17,-122.9289,1.51));
#1230 = DIRECTION('',(-0.,0.,-1.));
#1231 = DIRECTION('',(-0.,-1.,0.));
#1232 = FACE_BOUND('',#1233,.T.);
#1233 = EDGE_LOOP('',(#1234));
#1234 = ORIENTED_EDGE('',*,*,#1235,.T.);
#1235 = EDGE_CURVE('',#1236,#1236,#1238,.T.);
#1236 = VERTEX_POINT('',#1237);
#1237 = CARTESIAN_POINT('',(221.848728,-129.750656,1.51));
#1238 = CIRCLE('',#1239,0.25);
#1239 = AXIS2_PLACEMENT_3D('',#1240,#1241,#1242);
#1240 = CARTESIAN_POINT('',(221.848728,-129.500656,1.51));
#1241 = DIRECTION('',(-0.,0.,-1.));
#1242 = DIRECTION('',(-0.,-1.,0.));
#1243 = FACE_BOUND('',#1244,.T.);
#1244 = EDGE_LOOP('',(#1245));
#1245 = ORIENTED_EDGE('',*,*,#1246,.T.);
#1246 = EDGE_CURVE('',#1247,#1247,#1249,.T.);
#1247 = VERTEX_POINT('',#1248);
#1248 = CARTESIAN_POINT('',(223.545784,-130.4536,1.51));
#1249 = CIRCLE('',#1250,0.25);
#1250 = AXIS2_PLACEMENT_3D('',#1251,#1252,#1253);
#1251 = CARTESIAN_POINT('',(223.545784,-130.2036,1.51));
#1252 = DIRECTION('',(-0.,0.,-1.));
#1253 = DIRECTION('',(-0.,-1.,0.));
#1254 = FACE_BOUND('',#1255,.T.);
#1255 = EDGE_LOOP('',(#1256));
#1256 = ORIENTED_EDGE('',*,*,#1257,.T.);
#1257 = EDGE_CURVE('',#1258,#1258,#1260,.T.);
#1258 = VERTEX_POINT('',#1259);
#1259 = CARTESIAN_POINT('',(225.24284,-129.750656,1.51));
#1260 = CIRCLE('',#1261,0.25);
#1261 = AXIS2_PLACEMENT_3D('',#1262,#1263,#1264);
#1262 = CARTESIAN_POINT('',(225.24284,-129.500656,1.51));
#1263 = DIRECTION('',(-0.,0.,-1.));
#1264 = DIRECTION('',(-0.,-1.,0.));
#1265 = FACE_BOUND('',#1266,.T.);
#1266 = EDGE_LOOP('',(#1267));
#1267 = ORIENTED_EDGE('',*,*,#1268,.T.);
#1268 = EDGE_CURVE('',#1269,#1269,#1271,.T.);
#1269 = VERTEX_POINT('',#1270);
#1270 = CARTESIAN_POINT('',(221.145784,-128.0536,1.51));
#1271 = CIRCLE('',#1272,0.25);
#1272 = AXIS2_PLACEMENT_3D('',#1273,#1274,#1275);
#1273 = CARTESIAN_POINT('',(221.145784,-127.8036,1.51));
#1274 = DIRECTION('',(-0.,0.,-1.));
#1275 = DIRECTION('',(-0.,-1.,0.));
#1276 = FACE_BOUND('',#1277,.T.);
#1277 = EDGE_LOOP('',(#1278));
#1278 = ORIENTED_EDGE('',*,*,#1279,.T.);
#1279 = EDGE_CURVE('',#1280,#1280,#1282,.T.);
#1280 = VERTEX_POINT('',#1281);
#1281 = CARTESIAN_POINT('',(223.545784,-129.4036,1.51));
#1282 = CIRCLE('',#1283,1.6);
#1283 = AXIS2_PLACEMENT_3D('',#1284,#1285,#1286);
#1284 = CARTESIAN_POINT('',(223.545784,-127.8036,1.51));
#1285 = DIRECTION('',(-0.,0.,-1.));
#1286 = DIRECTION('',(-0.,-1.,0.));
#1287 = FACE_BOUND('',#1288,.T.);
#1288 = EDGE_LOOP('',(#1289));
#1289 = ORIENTED_EDGE('',*,*,#1290,.T.);
#1290 = EDGE_CURVE('',#1291,#1291,#1293,.T.);
#1291 = VERTEX_POINT('',#1292);
#1292 = CARTESIAN_POINT('',(221.848728,-126.356544,1.51));
#1293 = CIRCLE('',#1294,0.25);
#1294 = AXIS2_PLACEMENT_3D('',#1295,#1296,#1297);
#1295 = CARTESIAN_POINT('',(221.848728,-126.106544,1.51));
#1296 = DIRECTION('',(-0.,0.,-1.));
#1297 = DIRECTION('',(-0.,-1.,0.));
#1298 = FACE_BOUND('',#1299,.T.);
#1299 = EDGE_LOOP('',(#1300));
#1300 = ORIENTED_EDGE('',*,*,#1301,.T.);
#1301 = EDGE_CURVE('',#1302,#1302,#1304,.T.);
#1302 = VERTEX_POINT('',#1303);
#1303 = CARTESIAN_POINT('',(225.945784,-128.0536,1.51));
#1304 = CIRCLE('',#1305,0.25);
#1305 = AXIS2_PLACEMENT_3D('',#1306,#1307,#1308);
#1306 = CARTESIAN_POINT('',(225.945784,-127.8036,1.51));
#1307 = DIRECTION('',(-0.,0.,-1.));
#1308 = DIRECTION('',(-0.,-1.,0.));
#1309 = FACE_BOUND('',#1310,.T.);
#1310 = EDGE_LOOP('',(#1311));
#1311 = ORIENTED_EDGE('',*,*,#1312,.T.);
#1312 = EDGE_CURVE('',#1313,#1313,#1315,.T.);
#1313 = VERTEX_POINT('',#1314);
#1314 = CARTESIAN_POINT('',(225.24284,-126.356544,1.51));
#1315 = CIRCLE('',#1316,0.25);
#1316 = AXIS2_PLACEMENT_3D('',#1317,#1318,#1319);
#1317 = CARTESIAN_POINT('',(225.24284,-126.106544,1.51));
#1318 = DIRECTION('',(-0.,0.,-1.));
#1319 = DIRECTION('',(-0.,-1.,0.));
#1320 = FACE_BOUND('',#1321,.T.);
#1321 = EDGE_LOOP('',(#1322));
#1322 = ORIENTED_EDGE('',*,*,#1323,.T.);
#1323 = EDGE_CURVE('',#1324,#1324,#1326,.T.);
#1324 = VERTEX_POINT('',#1325);
#1325 = CARTESIAN_POINT('',(223.545784,-125.6536,1.51));
#1326 = CIRCLE('',#1327,0.25);
#1327 = AXIS2_PLACEMENT_3D('',#1328,#1329,#1330);
#1328 = CARTESIAN_POINT('',(223.545784,-125.4036,1.51));
#1329 = DIRECTION('',(-0.,0.,-1.));
#1330 = DIRECTION('',(-0.,-1.,0.));
#1331 = FACE_BOUND('',#1332,.T.);
#1332 = EDGE_LOOP('',(#1333));
#1333 = ORIENTED_EDGE('',*,*,#1334,.T.);
#1334 = EDGE_CURVE('',#1335,#1335,#1337,.T.);
#1335 = VERTEX_POINT('',#1336);
#1336 = CARTESIAN_POINT('',(168.79,-106.9089,1.51));
#1337 = CIRCLE('',#1338,0.5);
#1338 = AXIS2_PLACEMENT_3D('',#1339,#1340,#1341);
#1339 = CARTESIAN_POINT('',(168.79,-106.4089,1.51));
#1340 = DIRECTION('',(-0.,0.,-1.));
#1341 = DIRECTION('',(-0.,-1.,0.));
#1342 = FACE_BOUND('',#1343,.T.);
#1343 = EDGE_LOOP('',(#1344));
#1344 = ORIENTED_EDGE('',*,*,#1345,.T.);
#1345 = EDGE_CURVE('',#1346,#1346,#1348,.T.);
#1346 = VERTEX_POINT('',#1347);
#1347 = CARTESIAN_POINT('',(171.33,-106.9089,1.51));
#1348 = CIRCLE('',#1349,0.5);
#1349 = AXIS2_PLACEMENT_3D('',#1350,#1351,#1352);
#1350 = CARTESIAN_POINT('',(171.33,-106.4089,1.51));
#1351 = DIRECTION('',(-0.,0.,-1.));
#1352 = DIRECTION('',(-0.,-1.,0.));
#1353 = FACE_BOUND('',#1354,.T.);
#1354 = EDGE_LOOP('',(#1355));
#1355 = ORIENTED_EDGE('',*,*,#1356,.T.);
#1356 = EDGE_CURVE('',#1357,#1357,#1359,.T.);
#1357 = VERTEX_POINT('',#1358);
#1358 = CARTESIAN_POINT('',(168.653,-98.0189,1.51));
#1359 = CIRCLE('',#1360,0.5);
#1360 = AXIS2_PLACEMENT_3D('',#1361,#1362,#1363);
#1361 = CARTESIAN_POINT('',(168.653,-97.5189,1.51));
#1362 = DIRECTION('',(-0.,0.,-1.));
#1363 = DIRECTION('',(-0.,-1.,0.));
#1364 = FACE_BOUND('',#1365,.T.);
#1365 = EDGE_LOOP('',(#1366,#1377,#1385,#1394,#1402,#1411,#1419,#1428));
#1366 = ORIENTED_EDGE('',*,*,#1367,.F.);
#1367 = EDGE_CURVE('',#1368,#1370,#1372,.T.);
#1368 = VERTEX_POINT('',#1369);
#1369 = CARTESIAN_POINT('',(190.38,-92.964937,1.51));
#1370 = VERTEX_POINT('',#1371);
#1371 = CARTESIAN_POINT('',(186.833026,-96.511911,1.51));
#1372 = CIRCLE('',#1373,3.546975256747);
#1373 = AXIS2_PLACEMENT_3D('',#1374,#1375,#1376);
#1374 = CARTESIAN_POINT('',(190.38000125674,-96.51191225674,1.51));
#1375 = DIRECTION('',(0.,0.,1.));
#1376 = DIRECTION('',(-3.543150014611E-07,1.,0.));
#1377 = ORIENTED_EDGE('',*,*,#1378,.F.);
#1378 = EDGE_CURVE('',#1379,#1368,#1381,.T.);
#1379 = VERTEX_POINT('',#1380);
#1380 = CARTESIAN_POINT('',(208.16,-92.964937,1.51));
#1381 = LINE('',#1382,#1383);
#1382 = CARTESIAN_POINT('',(208.16,-92.964937,1.51));
#1383 = VECTOR('',#1384,1.);
#1384 = DIRECTION('',(-1.,0.,0.));
#1385 = ORIENTED_EDGE('',*,*,#1386,.F.);
#1386 = EDGE_CURVE('',#1387,#1379,#1389,.T.);
#1387 = VERTEX_POINT('',#1388);
#1388 = CARTESIAN_POINT('',(211.706974,-96.511911,1.51));
#1389 = CIRCLE('',#1390,3.546975256747);
#1390 = AXIS2_PLACEMENT_3D('',#1391,#1392,#1393);
#1391 = CARTESIAN_POINT('',(208.15999874325,-96.51191225674,1.51));
#1392 = DIRECTION('',(0.,0.,1.));
#1393 = DIRECTION('',(1.,3.543149934481E-07,-0.));
#1394 = ORIENTED_EDGE('',*,*,#1395,.F.);
#1395 = EDGE_CURVE('',#1396,#1387,#1398,.T.);
#1396 = VERTEX_POINT('',#1397);
#1397 = CARTESIAN_POINT('',(211.706974,-114.291911,1.51));
#1398 = LINE('',#1399,#1400);
#1399 = CARTESIAN_POINT('',(211.706974,-114.291911,1.51));
#1400 = VECTOR('',#1401,1.);
#1401 = DIRECTION('',(0.,1.,0.));
#1402 = ORIENTED_EDGE('',*,*,#1403,.F.);
#1403 = EDGE_CURVE('',#1404,#1396,#1406,.T.);
#1404 = VERTEX_POINT('',#1405);
#1405 = CARTESIAN_POINT('',(208.16,-117.838885,1.51));
#1406 = CIRCLE('',#1407,3.546975256747);
#1407 = AXIS2_PLACEMENT_3D('',#1408,#1409,#1410);
#1408 = CARTESIAN_POINT('',(208.15999874325,-114.2919097432,1.51));
#1409 = DIRECTION('',(0.,0.,1.));
#1410 = DIRECTION('',(3.543150014611E-07,-1.,0.));
#1411 = ORIENTED_EDGE('',*,*,#1412,.F.);
#1412 = EDGE_CURVE('',#1413,#1404,#1415,.T.);
#1413 = VERTEX_POINT('',#1414);
#1414 = CARTESIAN_POINT('',(190.38,-117.838885,1.51));
#1415 = LINE('',#1416,#1417);
#1416 = CARTESIAN_POINT('',(190.38,-117.838885,1.51));
#1417 = VECTOR('',#1418,1.);
#1418 = DIRECTION('',(1.,0.,0.));
#1419 = ORIENTED_EDGE('',*,*,#1420,.F.);
#1420 = EDGE_CURVE('',#1421,#1413,#1423,.T.);
#1421 = VERTEX_POINT('',#1422);
#1422 = CARTESIAN_POINT('',(186.833026,-114.291911,1.51));
#1423 = CIRCLE('',#1424,3.546975256747);
#1424 = AXIS2_PLACEMENT_3D('',#1425,#1426,#1427);
#1425 = CARTESIAN_POINT('',(190.38000125674,-114.2919097432,1.51));
#1426 = DIRECTION('',(0.,0.,1.));
#1427 = DIRECTION('',(-1.,-3.54315009474E-07,0.));
#1428 = ORIENTED_EDGE('',*,*,#1429,.F.);
#1429 = EDGE_CURVE('',#1370,#1421,#1430,.T.);
#1430 = LINE('',#1431,#1432);
#1431 = CARTESIAN_POINT('',(186.833026,-96.511911,1.51));
#1432 = VECTOR('',#1433,1.);
#1433 = DIRECTION('',(0.,-1.,0.));
#1434 = FACE_BOUND('',#1435,.T.);
#1435 = EDGE_LOOP('',(#1436));
#1436 = ORIENTED_EDGE('',*,*,#1437,.T.);
#1437 = EDGE_CURVE('',#1438,#1438,#1440,.T.);
#1438 = VERTEX_POINT('',#1439);
#1439 = CARTESIAN_POINT('',(224.66,-109.81,1.51));
#1440 = CIRCLE('',#1441,0.65);
#1441 = AXIS2_PLACEMENT_3D('',#1442,#1443,#1444);
#1442 = CARTESIAN_POINT('',(224.66,-109.16,1.51));
#1443 = DIRECTION('',(-0.,0.,-1.));
#1444 = DIRECTION('',(-0.,-1.,0.));
#1445 = FACE_BOUND('',#1446,.T.);
#1446 = EDGE_LOOP('',(#1447));
#1447 = ORIENTED_EDGE('',*,*,#1448,.T.);
#1448 = EDGE_CURVE('',#1449,#1449,#1451,.T.);
#1449 = VERTEX_POINT('',#1450);
#1450 = CARTESIAN_POINT('',(227.21,-108.41,1.51));
#1451 = CIRCLE('',#1452,0.5);
#1452 = AXIS2_PLACEMENT_3D('',#1453,#1454,#1455);
#1453 = CARTESIAN_POINT('',(227.21,-107.91,1.51));
#1454 = DIRECTION('',(-0.,0.,-1.));
#1455 = DIRECTION('',(-0.,-1.,0.));
#1456 = FACE_BOUND('',#1457,.T.);
#1457 = EDGE_LOOP('',(#1458));
#1458 = ORIENTED_EDGE('',*,*,#1459,.T.);
#1459 = EDGE_CURVE('',#1460,#1460,#1462,.T.);
#1460 = VERTEX_POINT('',#1461);
#1461 = CARTESIAN_POINT('',(227.21,-103.91,1.51));
#1462 = CIRCLE('',#1463,0.5);
#1463 = AXIS2_PLACEMENT_3D('',#1464,#1465,#1466);
#1464 = CARTESIAN_POINT('',(227.21,-103.41,1.51));
#1465 = DIRECTION('',(-0.,0.,-1.));
#1466 = DIRECTION('',(-0.,-1.,0.));
#1467 = FACE_BOUND('',#1468,.T.);
#1468 = EDGE_LOOP('',(#1469));
#1469 = ORIENTED_EDGE('',*,*,#1470,.T.);
#1470 = EDGE_CURVE('',#1471,#1471,#1473,.T.);
#1471 = VERTEX_POINT('',#1472);
#1472 = CARTESIAN_POINT('',(224.66,-102.81,1.51));
#1473 = CIRCLE('',#1474,0.65);
#1474 = AXIS2_PLACEMENT_3D('',#1475,#1476,#1477);
#1475 = CARTESIAN_POINT('',(224.66,-102.16,1.51));
#1476 = DIRECTION('',(-0.,0.,-1.));
#1477 = DIRECTION('',(-0.,-1.,0.));
#1478 = FACE_BOUND('',#1479,.T.);
#1479 = EDGE_LOOP('',(#1480));
#1480 = ORIENTED_EDGE('',*,*,#1481,.T.);
#1481 = EDGE_CURVE('',#1482,#1482,#1484,.T.);
#1482 = VERTEX_POINT('',#1483);
#1483 = CARTESIAN_POINT('',(107.83,-86.82,1.51));
#1484 = CIRCLE('',#1485,0.5);
#1485 = AXIS2_PLACEMENT_3D('',#1486,#1487,#1488);
#1486 = CARTESIAN_POINT('',(107.83,-86.32,1.51));
#1487 = DIRECTION('',(-0.,0.,-1.));
#1488 = DIRECTION('',(-0.,-1.,0.));
#1489 = FACE_BOUND('',#1490,.T.);
#1490 = EDGE_LOOP('',(#1491,#1502,#1510,#1519,#1527,#1536,#1544,#1553));
#1491 = ORIENTED_EDGE('',*,*,#1492,.F.);
#1492 = EDGE_CURVE('',#1493,#1495,#1497,.T.);
#1493 = VERTEX_POINT('',#1494);
#1494 = CARTESIAN_POINT('',(123.07,-66.,1.51));
#1495 = VERTEX_POINT('',#1496);
#1496 = CARTESIAN_POINT('',(115.45,-73.62,1.51));
#1497 = CIRCLE('',#1498,7.619998882328);
#1498 = AXIS2_PLACEMENT_3D('',#1499,#1500,#1501);
#1499 = CARTESIAN_POINT('',(123.06999888232,-73.61999888232,1.51));
#1500 = DIRECTION('',(0.,0.,1.));
#1501 = DIRECTION('',(1.466760902966E-07,1.,-0.));
#1502 = ORIENTED_EDGE('',*,*,#1503,.F.);
#1503 = EDGE_CURVE('',#1504,#1493,#1506,.T.);
#1504 = VERTEX_POINT('',#1505);
#1505 = CARTESIAN_POINT('',(142.12,-66.,1.51));
#1506 = LINE('',#1507,#1508);
#1507 = CARTESIAN_POINT('',(142.12,-66.,1.51));
#1508 = VECTOR('',#1509,1.);
#1509 = DIRECTION('',(-1.,0.,0.));
#1510 = ORIENTED_EDGE('',*,*,#1511,.F.);
#1511 = EDGE_CURVE('',#1512,#1504,#1514,.T.);
#1512 = VERTEX_POINT('',#1513);
#1513 = CARTESIAN_POINT('',(149.74,-73.62,1.51));
#1514 = CIRCLE('',#1515,7.619998882328);
#1515 = AXIS2_PLACEMENT_3D('',#1516,#1517,#1518);
#1516 = CARTESIAN_POINT('',(142.12000111767,-73.61999888232,1.51));
#1517 = DIRECTION('',(0.,0.,1.));
#1518 = DIRECTION('',(1.,-1.466760865667E-07,0.));
#1519 = ORIENTED_EDGE('',*,*,#1520,.F.);
#1520 = EDGE_CURVE('',#1521,#1512,#1523,.T.);
#1521 = VERTEX_POINT('',#1522);
#1522 = CARTESIAN_POINT('',(149.74,-109.18,1.51));
#1523 = LINE('',#1524,#1525);
#1524 = CARTESIAN_POINT('',(149.74,-109.18,1.51));
#1525 = VECTOR('',#1526,1.);
#1526 = DIRECTION('',(0.,1.,0.));
#1527 = ORIENTED_EDGE('',*,*,#1528,.F.);
#1528 = EDGE_CURVE('',#1529,#1521,#1531,.T.);
#1529 = VERTEX_POINT('',#1530);
#1530 = CARTESIAN_POINT('',(143.39,-115.53,1.51));
#1531 = CIRCLE('',#1532,6.350000206678);
#1532 = AXIS2_PLACEMENT_3D('',#1533,#1534,#1535);
#1533 = CARTESIAN_POINT('',(143.38999979332,-109.1799997933,1.51));
#1534 = DIRECTION('',(0.,0.,1.));
#1535 = DIRECTION('',(3.254770807043E-08,-1.,0.));
#1536 = ORIENTED_EDGE('',*,*,#1537,.F.);
#1537 = EDGE_CURVE('',#1538,#1529,#1540,.T.);
#1538 = VERTEX_POINT('',#1539);
#1539 = CARTESIAN_POINT('',(121.8,-115.53,1.51));
#1540 = LINE('',#1541,#1542);
#1541 = CARTESIAN_POINT('',(121.8,-115.53,1.51));
#1542 = VECTOR('',#1543,1.);
#1543 = DIRECTION('',(1.,0.,0.));
#1544 = ORIENTED_EDGE('',*,*,#1545,.F.);
#1545 = EDGE_CURVE('',#1546,#1538,#1548,.T.);
#1546 = VERTEX_POINT('',#1547);
#1547 = CARTESIAN_POINT('',(115.45,-109.18,1.51));
#1548 = CIRCLE('',#1549,6.350000206678);
#1549 = AXIS2_PLACEMENT_3D('',#1550,#1551,#1552);
#1550 = CARTESIAN_POINT('',(121.80000020667,-109.1799997933,1.51));
#1551 = DIRECTION('',(0.,0.,1.));
#1552 = DIRECTION('',(-1.,-3.254771030836E-08,0.));
#1553 = ORIENTED_EDGE('',*,*,#1554,.F.);
#1554 = EDGE_CURVE('',#1495,#1546,#1555,.T.);
#1555 = LINE('',#1556,#1557);
#1556 = CARTESIAN_POINT('',(115.45,-73.62,1.51));
#1557 = VECTOR('',#1558,1.);
#1558 = DIRECTION('',(0.,-1.,0.));
#1559 = FACE_BOUND('',#1560,.T.);
#1560 = EDGE_LOOP('',(#1561));
#1561 = ORIENTED_EDGE('',*,*,#1562,.T.);
#1562 = EDGE_CURVE('',#1563,#1563,#1565,.T.);
#1563 = VERTEX_POINT('',#1564);
#1564 = CARTESIAN_POINT('',(107.83,-84.28,1.51));
#1565 = CIRCLE('',#1566,0.5);
#1566 = AXIS2_PLACEMENT_3D('',#1567,#1568,#1569);
#1567 = CARTESIAN_POINT('',(107.83,-83.78,1.51));
#1568 = DIRECTION('',(-0.,0.,-1.));
#1569 = DIRECTION('',(-0.,-1.,0.));
#1570 = FACE_BOUND('',#1571,.T.);
#1571 = EDGE_LOOP('',(#1572));
#1572 = ORIENTED_EDGE('',*,*,#1573,.T.);
#1573 = EDGE_CURVE('',#1574,#1574,#1576,.T.);
#1574 = VERTEX_POINT('',#1575);
#1575 = CARTESIAN_POINT('',(121.4,-62.288885,1.51));
#1576 = CIRCLE('',#1577,1.6);
#1577 = AXIS2_PLACEMENT_3D('',#1578,#1579,#1580);
#1578 = CARTESIAN_POINT('',(121.4,-60.688885,1.51));
#1579 = DIRECTION('',(-0.,0.,-1.));
#1580 = DIRECTION('',(-0.,-1.,0.));
#1581 = FACE_BOUND('',#1582,.T.);
#1582 = EDGE_LOOP('',(#1583,#1594,#1602,#1611));
#1583 = ORIENTED_EDGE('',*,*,#1584,.T.);
#1584 = EDGE_CURVE('',#1585,#1587,#1589,.T.);
#1585 = VERTEX_POINT('',#1586);
#1586 = CARTESIAN_POINT('',(222.4,-90.45,1.51));
#1587 = VERTEX_POINT('',#1588);
#1588 = CARTESIAN_POINT('',(222.4,-92.55,1.51));
#1589 = CIRCLE('',#1590,1.05);
#1590 = AXIS2_PLACEMENT_3D('',#1591,#1592,#1593);
#1591 = CARTESIAN_POINT('',(222.4,-91.5,1.51));
#1592 = DIRECTION('',(-0.,0.,-1.));
#1593 = DIRECTION('',(-0.,-1.,0.));
#1594 = ORIENTED_EDGE('',*,*,#1595,.T.);
#1595 = EDGE_CURVE('',#1587,#1596,#1598,.T.);
#1596 = VERTEX_POINT('',#1597);
#1597 = CARTESIAN_POINT('',(222.,-92.55,1.51));
#1598 = LINE('',#1599,#1600);
#1599 = CARTESIAN_POINT('',(111.,-92.55,1.51));
#1600 = VECTOR('',#1601,1.);
#1601 = DIRECTION('',(-1.,0.,0.));
#1602 = ORIENTED_EDGE('',*,*,#1603,.T.);
#1603 = EDGE_CURVE('',#1596,#1604,#1606,.T.);
#1604 = VERTEX_POINT('',#1605);
#1605 = CARTESIAN_POINT('',(222.,-90.45,1.51));
#1606 = CIRCLE('',#1607,1.05);
#1607 = AXIS2_PLACEMENT_3D('',#1608,#1609,#1610);
#1608 = CARTESIAN_POINT('',(222.,-91.5,1.51));
#1609 = DIRECTION('',(-0.,0.,-1.));
#1610 = DIRECTION('',(0.,1.,0.));
#1611 = ORIENTED_EDGE('',*,*,#1612,.T.);
#1612 = EDGE_CURVE('',#1604,#1585,#1613,.T.);
#1613 = LINE('',#1614,#1615);
#1614 = CARTESIAN_POINT('',(111.2,-90.45,1.51));
#1615 = VECTOR('',#1616,1.);
#1616 = DIRECTION('',(1.,0.,-0.));
#1617 = FACE_BOUND('',#1618,.T.);
#1618 = EDGE_LOOP('',(#1619));
#1619 = ORIENTED_EDGE('',*,*,#1620,.T.);
#1620 = EDGE_CURVE('',#1621,#1621,#1623,.T.);
#1621 = VERTEX_POINT('',#1622);
#1622 = CARTESIAN_POINT('',(223.2,-88.05,1.51));
#1623 = CIRCLE('',#1624,0.5);
#1624 = AXIS2_PLACEMENT_3D('',#1625,#1626,#1627);
#1625 = CARTESIAN_POINT('',(223.2,-87.55,1.51));
#1626 = DIRECTION('',(-0.,0.,-1.));
#1627 = DIRECTION('',(-0.,-1.,0.));
#1628 = FACE_BOUND('',#1629,.T.);
#1629 = EDGE_LOOP('',(#1630));
#1630 = ORIENTED_EDGE('',*,*,#1631,.T.);
#1631 = EDGE_CURVE('',#1632,#1632,#1634,.T.);
#1632 = VERTEX_POINT('',#1633);
#1633 = CARTESIAN_POINT('',(225.7,-88.05,1.51));
#1634 = CIRCLE('',#1635,0.5);
#1635 = AXIS2_PLACEMENT_3D('',#1636,#1637,#1638);
#1636 = CARTESIAN_POINT('',(225.7,-87.55,1.51));
#1637 = DIRECTION('',(-0.,0.,-1.));
#1638 = DIRECTION('',(-0.,-1.,0.));
#1639 = FACE_BOUND('',#1640,.T.);
#1640 = EDGE_LOOP('',(#1641));
#1641 = ORIENTED_EDGE('',*,*,#1642,.T.);
#1642 = EDGE_CURVE('',#1643,#1643,#1645,.T.);
#1643 = VERTEX_POINT('',#1644);
#1644 = CARTESIAN_POINT('',(225.7,-85.55,1.51));
#1645 = CIRCLE('',#1646,0.5);
#1646 = AXIS2_PLACEMENT_3D('',#1647,#1648,#1649);
#1647 = CARTESIAN_POINT('',(225.7,-85.05,1.51));
#1648 = DIRECTION('',(-0.,0.,-1.));
#1649 = DIRECTION('',(-0.,-1.,0.));
#1650 = FACE_BOUND('',#1651,.T.);
#1651 = EDGE_LOOP('',(#1652));
#1652 = ORIENTED_EDGE('',*,*,#1653,.T.);
#1653 = EDGE_CURVE('',#1654,#1654,#1656,.T.);
#1654 = VERTEX_POINT('',#1655);
#1655 = CARTESIAN_POINT('',(223.2,-83.05,1.51));
#1656 = CIRCLE('',#1657,0.5);
#1657 = AXIS2_PLACEMENT_3D('',#1658,#1659,#1660);
#1658 = CARTESIAN_POINT('',(223.2,-82.55,1.51));
#1659 = DIRECTION('',(-0.,0.,-1.));
#1660 = DIRECTION('',(-0.,-1.,0.));
#1661 = FACE_BOUND('',#1662,.T.);
#1662 = EDGE_LOOP('',(#1663));
#1663 = ORIENTED_EDGE('',*,*,#1664,.T.);
#1664 = EDGE_CURVE('',#1665,#1665,#1667,.T.);
#1665 = VERTEX_POINT('',#1666);
#1666 = CARTESIAN_POINT('',(225.7,-83.05,1.51));
#1667 = CIRCLE('',#1668,0.5);
#1668 = AXIS2_PLACEMENT_3D('',#1669,#1670,#1671);
#1669 = CARTESIAN_POINT('',(225.7,-82.55,1.51));
#1670 = DIRECTION('',(-0.,0.,-1.));
#1671 = DIRECTION('',(-0.,-1.,0.));
#1672 = FACE_BOUND('',#1673,.T.);
#1673 = EDGE_LOOP('',(#1674,#1685,#1693,#1702));
#1674 = ORIENTED_EDGE('',*,*,#1675,.T.);
#1675 = EDGE_CURVE('',#1676,#1678,#1680,.T.);
#1676 = VERTEX_POINT('',#1677);
#1677 = CARTESIAN_POINT('',(222.4,-77.55,1.51));
#1678 = VERTEX_POINT('',#1679);
#1679 = CARTESIAN_POINT('',(222.4,-79.65,1.51));
#1680 = CIRCLE('',#1681,1.05);
#1681 = AXIS2_PLACEMENT_3D('',#1682,#1683,#1684);
#1682 = CARTESIAN_POINT('',(222.4,-78.6,1.51));
#1683 = DIRECTION('',(-0.,0.,-1.));
#1684 = DIRECTION('',(-0.,-1.,0.));
#1685 = ORIENTED_EDGE('',*,*,#1686,.T.);
#1686 = EDGE_CURVE('',#1678,#1687,#1689,.T.);
#1687 = VERTEX_POINT('',#1688);
#1688 = CARTESIAN_POINT('',(222.,-79.65,1.51));
#1689 = LINE('',#1690,#1691);
#1690 = CARTESIAN_POINT('',(111.,-79.65,1.51));
#1691 = VECTOR('',#1692,1.);
#1692 = DIRECTION('',(-1.,0.,0.));
#1693 = ORIENTED_EDGE('',*,*,#1694,.T.);
#1694 = EDGE_CURVE('',#1687,#1695,#1697,.T.);
#1695 = VERTEX_POINT('',#1696);
#1696 = CARTESIAN_POINT('',(222.,-77.55,1.51));
#1697 = CIRCLE('',#1698,1.05);
#1698 = AXIS2_PLACEMENT_3D('',#1699,#1700,#1701);
#1699 = CARTESIAN_POINT('',(222.,-78.6,1.51));
#1700 = DIRECTION('',(-0.,0.,-1.));
#1701 = DIRECTION('',(0.,1.,0.));
#1702 = ORIENTED_EDGE('',*,*,#1703,.T.);
#1703 = EDGE_CURVE('',#1695,#1676,#1704,.T.);
#1704 = LINE('',#1705,#1706);
#1705 = CARTESIAN_POINT('',(111.2,-77.55,1.51));
#1706 = VECTOR('',#1707,1.);
#1707 = DIRECTION('',(1.,0.,-0.));
#1708 = FACE_BOUND('',#1709,.T.);
#1709 = EDGE_LOOP('',(#1710));
#1710 = ORIENTED_EDGE('',*,*,#1711,.T.);
#1711 = EDGE_CURVE('',#1712,#1712,#1714,.T.);
#1712 = VERTEX_POINT('',#1713);
#1713 = CARTESIAN_POINT('',(223.523623,-73.923708,1.51));
#1714 = CIRCLE('',#1715,0.25);
#1715 = AXIS2_PLACEMENT_3D('',#1716,#1717,#1718);
#1716 = CARTESIAN_POINT('',(223.523623,-73.673708,1.51));
#1717 = DIRECTION('',(-0.,0.,-1.));
#1718 = DIRECTION('',(-0.,-1.,0.));
#1719 = FACE_BOUND('',#1720,.T.);
#1720 = EDGE_LOOP('',(#1721));
#1721 = ORIENTED_EDGE('',*,*,#1722,.T.);
#1722 = EDGE_CURVE('',#1723,#1723,#1725,.T.);
#1723 = VERTEX_POINT('',#1724);
#1724 = CARTESIAN_POINT('',(221.826567,-73.220764,1.51));
#1725 = CIRCLE('',#1726,0.25);
#1726 = AXIS2_PLACEMENT_3D('',#1727,#1728,#1729);
#1727 = CARTESIAN_POINT('',(221.826567,-72.970764,1.51));
#1728 = DIRECTION('',(-0.,0.,-1.));
#1729 = DIRECTION('',(-0.,-1.,0.));
#1730 = FACE_BOUND('',#1731,.T.);
#1731 = EDGE_LOOP('',(#1732));
#1732 = ORIENTED_EDGE('',*,*,#1733,.T.);
#1733 = EDGE_CURVE('',#1734,#1734,#1736,.T.);
#1734 = VERTEX_POINT('',#1735);
#1735 = CARTESIAN_POINT('',(225.220679,-73.220764,1.51));
#1736 = CIRCLE('',#1737,0.25);
#1737 = AXIS2_PLACEMENT_3D('',#1738,#1739,#1740);
#1738 = CARTESIAN_POINT('',(225.220679,-72.970764,1.51));
#1739 = DIRECTION('',(-0.,0.,-1.));
#1740 = DIRECTION('',(-0.,-1.,0.));
#1741 = FACE_BOUND('',#1742,.T.);
#1742 = EDGE_LOOP('',(#1743));
#1743 = ORIENTED_EDGE('',*,*,#1744,.T.);
#1744 = EDGE_CURVE('',#1745,#1745,#1747,.T.);
#1745 = VERTEX_POINT('',#1746);
#1746 = CARTESIAN_POINT('',(221.123623,-71.523708,1.51));
#1747 = CIRCLE('',#1748,0.25);
#1748 = AXIS2_PLACEMENT_3D('',#1749,#1750,#1751);
#1749 = CARTESIAN_POINT('',(221.123623,-71.273708,1.51));
#1750 = DIRECTION('',(-0.,0.,-1.));
#1751 = DIRECTION('',(-0.,-1.,0.));
#1752 = FACE_BOUND('',#1753,.T.);
#1753 = EDGE_LOOP('',(#1754));
#1754 = ORIENTED_EDGE('',*,*,#1755,.T.);
#1755 = EDGE_CURVE('',#1756,#1756,#1758,.T.);
#1756 = VERTEX_POINT('',#1757);
#1757 = CARTESIAN_POINT('',(223.523623,-72.873708,1.51));
#1758 = CIRCLE('',#1759,1.6);
#1759 = AXIS2_PLACEMENT_3D('',#1760,#1761,#1762);
#1760 = CARTESIAN_POINT('',(223.523623,-71.273708,1.51));
#1761 = DIRECTION('',(-0.,0.,-1.));
#1762 = DIRECTION('',(-0.,-1.,0.));
#1763 = FACE_BOUND('',#1764,.T.);
#1764 = EDGE_LOOP('',(#1765));
#1765 = ORIENTED_EDGE('',*,*,#1766,.T.);
#1766 = EDGE_CURVE('',#1767,#1767,#1769,.T.);
#1767 = VERTEX_POINT('',#1768);
#1768 = CARTESIAN_POINT('',(225.923623,-71.523708,1.51));
#1769 = CIRCLE('',#1770,0.25);
#1770 = AXIS2_PLACEMENT_3D('',#1771,#1772,#1773);
#1771 = CARTESIAN_POINT('',(225.923623,-71.273708,1.51));
#1772 = DIRECTION('',(-0.,0.,-1.));
#1773 = DIRECTION('',(-0.,-1.,0.));
#1774 = FACE_BOUND('',#1775,.T.);
#1775 = EDGE_LOOP('',(#1776));
#1776 = ORIENTED_EDGE('',*,*,#1777,.T.);
#1777 = EDGE_CURVE('',#1778,#1778,#1780,.T.);
#1778 = VERTEX_POINT('',#1779);
#1779 = CARTESIAN_POINT('',(221.826567,-69.826652,1.51));
#1780 = CIRCLE('',#1781,0.25);
#1781 = AXIS2_PLACEMENT_3D('',#1782,#1783,#1784);
#1782 = CARTESIAN_POINT('',(221.826567,-69.576652,1.51));
#1783 = DIRECTION('',(-0.,0.,-1.));
#1784 = DIRECTION('',(-0.,-1.,0.));
#1785 = FACE_BOUND('',#1786,.T.);
#1786 = EDGE_LOOP('',(#1787));
#1787 = ORIENTED_EDGE('',*,*,#1788,.T.);
#1788 = EDGE_CURVE('',#1789,#1789,#1791,.T.);
#1789 = VERTEX_POINT('',#1790);
#1790 = CARTESIAN_POINT('',(223.523623,-69.123708,1.51));
#1791 = CIRCLE('',#1792,0.25);
#1792 = AXIS2_PLACEMENT_3D('',#1793,#1794,#1795);
#1793 = CARTESIAN_POINT('',(223.523623,-68.873708,1.51));
#1794 = DIRECTION('',(-0.,0.,-1.));
#1795 = DIRECTION('',(-0.,-1.,0.));
#1796 = FACE_BOUND('',#1797,.T.);
#1797 = EDGE_LOOP('',(#1798));
#1798 = ORIENTED_EDGE('',*,*,#1799,.T.);
#1799 = EDGE_CURVE('',#1800,#1800,#1802,.T.);
#1800 = VERTEX_POINT('',#1801);
#1801 = CARTESIAN_POINT('',(225.220679,-69.826652,1.51));
#1802 = CIRCLE('',#1803,0.25);
#1803 = AXIS2_PLACEMENT_3D('',#1804,#1805,#1806);
#1804 = CARTESIAN_POINT('',(225.220679,-69.576652,1.51));
#1805 = DIRECTION('',(-0.,0.,-1.));
#1806 = DIRECTION('',(-0.,-1.,0.));
#1807 = FACE_BOUND('',#1808,.T.);
#1808 = EDGE_LOOP('',(#1809));
#1809 = ORIENTED_EDGE('',*,*,#1810,.T.);
#1810 = EDGE_CURVE('',#1811,#1811,#1813,.T.);
#1811 = VERTEX_POINT('',#1812);
#1812 = CARTESIAN_POINT('',(198.,-62.288885,1.51));
#1813 = CIRCLE('',#1814,1.6);
#1814 = AXIS2_PLACEMENT_3D('',#1815,#1816,#1817);
#1815 = CARTESIAN_POINT('',(198.,-60.688885,1.51));
#1816 = DIRECTION('',(-0.,0.,-1.));
#1817 = DIRECTION('',(-0.,-1.,0.));
#1818 = PLANE('',#1819);
#1819 = AXIS2_PLACEMENT_3D('',#1820,#1821,#1822);
#1820 = CARTESIAN_POINT('',(0.,0.,1.51));
#1821 = DIRECTION('',(0.,0.,1.));
#1822 = DIRECTION('',(1.,0.,-0.));
#1823 = ADVANCED_FACE('',(#1824),#1835,.T.);
#1824 = FACE_BOUND('',#1825,.T.);
#1825 = EDGE_LOOP('',(#1826,#1832,#1833,#1834));
#1826 = ORIENTED_EDGE('',*,*,#1827,.T.);
#1827 = EDGE_CURVE('',#146,#988,#1828,.T.);
#1828 = LINE('',#1829,#1830);
#1829 = CARTESIAN_POINT('',(105.29,-54.57,0.));
#1830 = VECTOR('',#1831,1.);
#1831 = DIRECTION('',(0.,0.,1.));
#1832 = ORIENTED_EDGE('',*,*,#987,.T.);
#1833 = ORIENTED_EDGE('',*,*,#79,.F.);
#1834 = ORIENTED_EDGE('',*,*,#145,.F.);
#1835 = PLANE('',#1836);
#1836 = AXIS2_PLACEMENT_3D('',#1837,#1838,#1839);
#1837 = CARTESIAN_POINT('',(105.29,-54.57,0.));
#1838 = DIRECTION('',(0.,1.,0.));
#1839 = DIRECTION('',(1.,0.,0.));
#1840 = ADVANCED_FACE('',(#1841),#1852,.T.);
#1841 = FACE_BOUND('',#1842,.T.);
#1842 = EDGE_LOOP('',(#1843,#1844,#1845,#1851));
#1843 = ORIENTED_EDGE('',*,*,#120,.T.);
#1844 = ORIENTED_EDGE('',*,*,#1072,.T.);
#1845 = ORIENTED_EDGE('',*,*,#1846,.F.);
#1846 = EDGE_CURVE('',#222,#1064,#1847,.T.);
#1847 = LINE('',#1848,#1849);
#1848 = CARTESIAN_POINT('',(205.62,-139.22,0.));
#1849 = VECTOR('',#1850,1.);
#1850 = DIRECTION('',(0.,0.,1.));
#1851 = ORIENTED_EDGE('',*,*,#230,.F.);
#1852 = PLANE('',#1853);
#1853 = AXIS2_PLACEMENT_3D('',#1854,#1855,#1856);
#1854 = CARTESIAN_POINT('',(205.62,-133.31,0.));
#1855 = DIRECTION('',(1.,0.,-0.));
#1856 = DIRECTION('',(0.,-1.,0.));
#1857 = ADVANCED_FACE('',(#1858),#1869,.T.);
#1858 = FACE_BOUND('',#1859,.T.);
#1859 = EDGE_LOOP('',(#1860,#1866,#1867,#1868));
#1860 = ORIENTED_EDGE('',*,*,#1861,.T.);
#1861 = EDGE_CURVE('',#154,#996,#1862,.T.);
#1862 = LINE('',#1863,#1864);
#1863 = CARTESIAN_POINT('',(104.02,-55.84,0.));
#1864 = VECTOR('',#1865,1.);
#1865 = DIRECTION('',(0.,0.,1.));
#1866 = ORIENTED_EDGE('',*,*,#995,.T.);
#1867 = ORIENTED_EDGE('',*,*,#1827,.F.);
#1868 = ORIENTED_EDGE('',*,*,#153,.F.);
#1869 = CYLINDRICAL_SURFACE('',#1870,1.269998675653);
#1870 = AXIS2_PLACEMENT_3D('',#1871,#1872,#1873);
#1871 = CARTESIAN_POINT('',(105.28999867565,-55.83999867565,0.));
#1872 = DIRECTION('',(0.,0.,-1.));
#1873 = DIRECTION('',(-0.999999999999,-1.042794898826E-06,-0.));
#1874 = ADVANCED_FACE('',(#1875),#1886,.T.);
#1875 = FACE_BOUND('',#1876,.T.);
#1876 = EDGE_LOOP('',(#1877,#1878,#1879,#1885));
#1877 = ORIENTED_EDGE('',*,*,#1846,.T.);
#1878 = ORIENTED_EDGE('',*,*,#1063,.T.);
#1879 = ORIENTED_EDGE('',*,*,#1880,.F.);
#1880 = EDGE_CURVE('',#214,#1056,#1881,.T.);
#1881 = LINE('',#1882,#1883);
#1882 = CARTESIAN_POINT('',(204.35,-140.49,0.));
#1883 = VECTOR('',#1884,1.);
#1884 = DIRECTION('',(0.,0.,1.));
#1885 = ORIENTED_EDGE('',*,*,#221,.F.);
#1886 = CYLINDRICAL_SURFACE('',#1887,1.269998675653);
#1887 = AXIS2_PLACEMENT_3D('',#1888,#1889,#1890);
#1888 = CARTESIAN_POINT('',(204.35000132434,-139.2200013243,0.));
#1889 = DIRECTION('',(0.,0.,-1.));
#1890 = DIRECTION('',(0.999999999999,1.0427949268E-06,0.));
#1891 = ADVANCED_FACE('',(#1892),#1903,.T.);
#1892 = FACE_BOUND('',#1893,.T.);
#1893 = EDGE_LOOP('',(#1894,#1900,#1901,#1902));
#1894 = ORIENTED_EDGE('',*,*,#1895,.T.);
#1895 = EDGE_CURVE('',#163,#1005,#1896,.T.);
#1896 = LINE('',#1897,#1898);
#1897 = CARTESIAN_POINT('',(104.02,-130.77,0.));
#1898 = VECTOR('',#1899,1.);
#1899 = DIRECTION('',(0.,0.,1.));
#1900 = ORIENTED_EDGE('',*,*,#1004,.T.);
#1901 = ORIENTED_EDGE('',*,*,#1861,.F.);
#1902 = ORIENTED_EDGE('',*,*,#162,.F.);
#1903 = PLANE('',#1904);
#1904 = AXIS2_PLACEMENT_3D('',#1905,#1906,#1907);
#1905 = CARTESIAN_POINT('',(104.02,-130.77,0.));
#1906 = DIRECTION('',(-1.,0.,0.));
#1907 = DIRECTION('',(0.,1.,0.));
#1908 = ADVANCED_FACE('',(#1909),#1920,.T.);
#1909 = FACE_BOUND('',#1910,.T.);
#1910 = EDGE_LOOP('',(#1911,#1912,#1913,#1919));
#1911 = ORIENTED_EDGE('',*,*,#1880,.T.);
#1912 = ORIENTED_EDGE('',*,*,#1055,.T.);
#1913 = ORIENTED_EDGE('',*,*,#1914,.F.);
#1914 = EDGE_CURVE('',#205,#1047,#1915,.T.);
#1915 = LINE('',#1916,#1917);
#1916 = CARTESIAN_POINT('',(125.61,-140.49,0.));
#1917 = VECTOR('',#1918,1.);
#1918 = DIRECTION('',(0.,0.,1.));
#1919 = ORIENTED_EDGE('',*,*,#213,.F.);
#1920 = PLANE('',#1921);
#1921 = AXIS2_PLACEMENT_3D('',#1922,#1923,#1924);
#1922 = CARTESIAN_POINT('',(204.35,-140.49,0.));
#1923 = DIRECTION('',(0.,-1.,0.));
#1924 = DIRECTION('',(-1.,0.,0.));
#1925 = ADVANCED_FACE('',(#1926),#1937,.T.);
#1926 = FACE_BOUND('',#1927,.T.);
#1927 = EDGE_LOOP('',(#1928,#1934,#1935,#1936));
#1928 = ORIENTED_EDGE('',*,*,#1929,.T.);
#1929 = EDGE_CURVE('',#171,#1013,#1930,.T.);
#1930 = LINE('',#1931,#1932);
#1931 = CARTESIAN_POINT('',(105.29,-132.04,0.));
#1932 = VECTOR('',#1933,1.);
#1933 = DIRECTION('',(0.,0.,1.));
#1934 = ORIENTED_EDGE('',*,*,#1012,.T.);
#1935 = ORIENTED_EDGE('',*,*,#1895,.F.);
#1936 = ORIENTED_EDGE('',*,*,#170,.F.);
#1937 = CYLINDRICAL_SURFACE('',#1938,1.269998675653);
#1938 = AXIS2_PLACEMENT_3D('',#1939,#1940,#1941);
#1939 = CARTESIAN_POINT('',(105.28999867565,-130.7700013243,0.));
#1940 = DIRECTION('',(0.,0.,-1.));
#1941 = DIRECTION('',(1.04279491561E-06,-0.999999999999,0.));
#1942 = ADVANCED_FACE('',(#1943),#1954,.T.);
#1943 = FACE_BOUND('',#1944,.T.);
#1944 = EDGE_LOOP('',(#1945,#1946,#1947,#1953));
#1945 = ORIENTED_EDGE('',*,*,#1914,.T.);
#1946 = ORIENTED_EDGE('',*,*,#1046,.T.);
#1947 = ORIENTED_EDGE('',*,*,#1948,.F.);
#1948 = EDGE_CURVE('',#197,#1039,#1949,.T.);
#1949 = LINE('',#1950,#1951);
#1950 = CARTESIAN_POINT('',(124.34,-139.22,0.));
#1951 = VECTOR('',#1952,1.);
#1952 = DIRECTION('',(0.,0.,1.));
#1953 = ORIENTED_EDGE('',*,*,#204,.F.);
#1954 = CYLINDRICAL_SURFACE('',#1955,1.269998675653);
#1955 = AXIS2_PLACEMENT_3D('',#1956,#1957,#1958);
#1956 = CARTESIAN_POINT('',(125.60999867565,-139.2200013243,0.));
#1957 = DIRECTION('',(0.,0.,-1.));
#1958 = DIRECTION('',(1.042794893231E-06,-0.999999999999,0.));
#1959 = ADVANCED_FACE('',(#1960),#1971,.T.);
#1960 = FACE_BOUND('',#1961,.T.);
#1961 = EDGE_LOOP('',(#1962,#1968,#1969,#1970));
#1962 = ORIENTED_EDGE('',*,*,#1963,.T.);
#1963 = EDGE_CURVE('',#180,#1022,#1964,.T.);
#1964 = LINE('',#1965,#1966);
#1965 = CARTESIAN_POINT('',(123.07,-132.04,0.));
#1966 = VECTOR('',#1967,1.);
#1967 = DIRECTION('',(0.,0.,1.));
#1968 = ORIENTED_EDGE('',*,*,#1021,.T.);
#1969 = ORIENTED_EDGE('',*,*,#1929,.F.);
#1970 = ORIENTED_EDGE('',*,*,#179,.F.);
#1971 = PLANE('',#1972);
#1972 = AXIS2_PLACEMENT_3D('',#1973,#1974,#1975);
#1973 = CARTESIAN_POINT('',(123.07,-132.04,0.));
#1974 = DIRECTION('',(0.,-1.,0.));
#1975 = DIRECTION('',(-1.,0.,0.));
#1976 = ADVANCED_FACE('',(#1977),#1988,.T.);
#1977 = FACE_BOUND('',#1978,.T.);
#1978 = EDGE_LOOP('',(#1979,#1980,#1981,#1987));
#1979 = ORIENTED_EDGE('',*,*,#1948,.T.);
#1980 = ORIENTED_EDGE('',*,*,#1038,.T.);
#1981 = ORIENTED_EDGE('',*,*,#1982,.F.);
#1982 = EDGE_CURVE('',#188,#1030,#1983,.T.);
#1983 = LINE('',#1984,#1985);
#1984 = CARTESIAN_POINT('',(124.34,-133.31,0.));
#1985 = VECTOR('',#1986,1.);
#1986 = DIRECTION('',(0.,0.,1.));
#1987 = ORIENTED_EDGE('',*,*,#196,.F.);
#1988 = PLANE('',#1989);
#1989 = AXIS2_PLACEMENT_3D('',#1990,#1991,#1992);
#1990 = CARTESIAN_POINT('',(124.34,-139.22,0.));
#1991 = DIRECTION('',(-1.,0.,0.));
#1992 = DIRECTION('',(0.,1.,0.));
#1993 = ADVANCED_FACE('',(#1994),#2000,.F.);
#1994 = FACE_BOUND('',#1995,.T.);
#1995 = EDGE_LOOP('',(#1996,#1997,#1998,#1999));
#1996 = ORIENTED_EDGE('',*,*,#1982,.T.);
#1997 = ORIENTED_EDGE('',*,*,#1029,.T.);
#1998 = ORIENTED_EDGE('',*,*,#1963,.F.);
#1999 = ORIENTED_EDGE('',*,*,#187,.F.);
#2000 = CYLINDRICAL_SURFACE('',#2001,1.269998675653);
#2001 = AXIS2_PLACEMENT_3D('',#2002,#2003,#2004);
#2002 = CARTESIAN_POINT('',(123.07000132434,-133.3099986756,0.));
#2003 = DIRECTION('',(-0.,-0.,-1.));
#2004 = DIRECTION('',(0.999999999999,-1.0427949268E-06,0.));
#2005 = ADVANCED_FACE('',(#2006),#2017,.F.);
#2006 = FACE_BOUND('',#2007,.T.);
#2007 = EDGE_LOOP('',(#2008,#2009,#2015,#2016));
#2008 = ORIENTED_EDGE('',*,*,#239,.T.);
#2009 = ORIENTED_EDGE('',*,*,#2010,.T.);
#2010 = EDGE_CURVE('',#240,#1082,#2011,.T.);
#2011 = LINE('',#2012,#2013);
#2012 = CARTESIAN_POINT('',(121.4,-124.008885,-4.6E-02));
#2013 = VECTOR('',#2014,1.);
#2014 = DIRECTION('',(0.,0.,1.));
#2015 = ORIENTED_EDGE('',*,*,#1081,.F.);
#2016 = ORIENTED_EDGE('',*,*,#2010,.F.);
#2017 = CYLINDRICAL_SURFACE('',#2018,1.6);
#2018 = AXIS2_PLACEMENT_3D('',#2019,#2020,#2021);
#2019 = CARTESIAN_POINT('',(121.4,-122.408885,-4.6E-02));
#2020 = DIRECTION('',(-0.,-0.,-1.));
#2021 = DIRECTION('',(-0.,-1.,0.));
#2022 = ADVANCED_FACE('',(#2023),#2034,.F.);
#2023 = FACE_BOUND('',#2024,.T.);
#2024 = EDGE_LOOP('',(#2025,#2026,#2032,#2033));
#2025 = ORIENTED_EDGE('',*,*,#250,.T.);
#2026 = ORIENTED_EDGE('',*,*,#2027,.T.);
#2027 = EDGE_CURVE('',#251,#1093,#2028,.T.);
#2028 = LINE('',#2029,#2030);
#2029 = CARTESIAN_POINT('',(158.63,-114.5289,-4.6E-02));
#2030 = VECTOR('',#2031,1.);
#2031 = DIRECTION('',(0.,0.,1.));
#2032 = ORIENTED_EDGE('',*,*,#1092,.F.);
#2033 = ORIENTED_EDGE('',*,*,#2027,.F.);
#2034 = CYLINDRICAL_SURFACE('',#2035,0.5);
#2035 = AXIS2_PLACEMENT_3D('',#2036,#2037,#2038);
#2036 = CARTESIAN_POINT('',(158.63,-114.0289,-4.6E-02));
#2037 = DIRECTION('',(-0.,-0.,-1.));
#2038 = DIRECTION('',(-0.,-1.,0.));
#2039 = ADVANCED_FACE('',(#2040),#2051,.F.);
#2040 = FACE_BOUND('',#2041,.T.);
#2041 = EDGE_LOOP('',(#2042,#2043,#2049,#2050));
#2042 = ORIENTED_EDGE('',*,*,#261,.T.);
#2043 = ORIENTED_EDGE('',*,*,#2044,.T.);
#2044 = EDGE_CURVE('',#262,#1104,#2045,.T.);
#2045 = LINE('',#2046,#2047);
#2046 = CARTESIAN_POINT('',(161.17,-114.5289,-4.6E-02));
#2047 = VECTOR('',#2048,1.);
#2048 = DIRECTION('',(0.,0.,1.));
#2049 = ORIENTED_EDGE('',*,*,#1103,.F.);
#2050 = ORIENTED_EDGE('',*,*,#2044,.F.);
#2051 = CYLINDRICAL_SURFACE('',#2052,0.5);
#2052 = AXIS2_PLACEMENT_3D('',#2053,#2054,#2055);
#2053 = CARTESIAN_POINT('',(161.17,-114.0289,-4.6E-02));
#2054 = DIRECTION('',(-0.,-0.,-1.));
#2055 = DIRECTION('',(-0.,-1.,0.));
#2056 = ADVANCED_FACE('',(#2057),#2068,.F.);
#2057 = FACE_BOUND('',#2058,.T.);
#2058 = EDGE_LOOP('',(#2059,#2060,#2066,#2067));
#2059 = ORIENTED_EDGE('',*,*,#272,.T.);
#2060 = ORIENTED_EDGE('',*,*,#2061,.T.);
#2061 = EDGE_CURVE('',#273,#1115,#2062,.T.);
#2062 = LINE('',#2063,#2064);
#2063 = CARTESIAN_POINT('',(107.83,-99.52,-4.6E-02));
#2064 = VECTOR('',#2065,1.);
#2065 = DIRECTION('',(0.,0.,1.));
#2066 = ORIENTED_EDGE('',*,*,#1114,.F.);
#2067 = ORIENTED_EDGE('',*,*,#2061,.F.);
#2068 = CYLINDRICAL_SURFACE('',#2069,0.5);
#2069 = AXIS2_PLACEMENT_3D('',#2070,#2071,#2072);
#2070 = CARTESIAN_POINT('',(107.83,-99.02,-4.6E-02));
#2071 = DIRECTION('',(-0.,-0.,-1.));
#2072 = DIRECTION('',(-0.,-1.,0.));
#2073 = ADVANCED_FACE('',(#2074),#2085,.F.);
#2074 = FACE_BOUND('',#2075,.T.);
#2075 = EDGE_LOOP('',(#2076,#2077,#2083,#2084));
#2076 = ORIENTED_EDGE('',*,*,#283,.T.);
#2077 = ORIENTED_EDGE('',*,*,#2078,.T.);
#2078 = EDGE_CURVE('',#284,#1126,#2079,.T.);
#2079 = LINE('',#2080,#2081);
#2080 = CARTESIAN_POINT('',(107.83,-96.98,-4.6E-02));
#2081 = VECTOR('',#2082,1.);
#2082 = DIRECTION('',(0.,0.,1.));
#2083 = ORIENTED_EDGE('',*,*,#1125,.F.);
#2084 = ORIENTED_EDGE('',*,*,#2078,.F.);
#2085 = CYLINDRICAL_SURFACE('',#2086,0.5);
#2086 = AXIS2_PLACEMENT_3D('',#2087,#2088,#2089);
#2087 = CARTESIAN_POINT('',(107.83,-96.48,-4.6E-02));
#2088 = DIRECTION('',(-0.,-0.,-1.));
#2089 = DIRECTION('',(-0.,-1.,0.));
#2090 = ADVANCED_FACE('',(#2091),#2102,.F.);
#2091 = FACE_BOUND('',#2092,.T.);
#2092 = EDGE_LOOP('',(#2093,#2094,#2100,#2101));
#2093 = ORIENTED_EDGE('',*,*,#294,.T.);
#2094 = ORIENTED_EDGE('',*,*,#2095,.T.);
#2095 = EDGE_CURVE('',#295,#1137,#2096,.T.);
#2096 = LINE('',#2097,#2098);
#2097 = CARTESIAN_POINT('',(158.63,-106.9059,-4.6E-02));
#2098 = VECTOR('',#2099,1.);
#2099 = DIRECTION('',(0.,0.,1.));
#2100 = ORIENTED_EDGE('',*,*,#1136,.F.);
#2101 = ORIENTED_EDGE('',*,*,#2095,.F.);
#2102 = CYLINDRICAL_SURFACE('',#2103,0.5);
#2103 = AXIS2_PLACEMENT_3D('',#2104,#2105,#2106);
#2104 = CARTESIAN_POINT('',(158.63,-106.4059,-4.6E-02));
#2105 = DIRECTION('',(-0.,-0.,-1.));
#2106 = DIRECTION('',(-0.,-1.,0.));
#2107 = ADVANCED_FACE('',(#2108),#2119,.F.);
#2108 = FACE_BOUND('',#2109,.T.);
#2109 = EDGE_LOOP('',(#2110,#2111,#2117,#2118));
#2110 = ORIENTED_EDGE('',*,*,#305,.T.);
#2111 = ORIENTED_EDGE('',*,*,#2112,.T.);
#2112 = EDGE_CURVE('',#306,#1148,#2113,.T.);
#2113 = LINE('',#2114,#2115);
#2114 = CARTESIAN_POINT('',(161.17,-106.9059,-4.6E-02));
#2115 = VECTOR('',#2116,1.);
#2116 = DIRECTION('',(0.,0.,1.));
#2117 = ORIENTED_EDGE('',*,*,#1147,.F.);
#2118 = ORIENTED_EDGE('',*,*,#2112,.F.);
#2119 = CYLINDRICAL_SURFACE('',#2120,0.5);
#2120 = AXIS2_PLACEMENT_3D('',#2121,#2122,#2123);
#2121 = CARTESIAN_POINT('',(161.17,-106.4059,-4.6E-02));
#2122 = DIRECTION('',(-0.,-0.,-1.));
#2123 = DIRECTION('',(-0.,-1.,0.));
#2124 = ADVANCED_FACE('',(#2125),#2136,.F.);
#2125 = FACE_BOUND('',#2126,.T.);
#2126 = EDGE_LOOP('',(#2127,#2128,#2134,#2135));
#2127 = ORIENTED_EDGE('',*,*,#316,.T.);
#2128 = ORIENTED_EDGE('',*,*,#2129,.T.);
#2129 = EDGE_CURVE('',#317,#1159,#2130,.T.);
#2130 = LINE('',#2131,#2132);
#2131 = CARTESIAN_POINT('',(158.493,-98.0189,-4.6E-02));
#2132 = VECTOR('',#2133,1.);
#2133 = DIRECTION('',(0.,0.,1.));
#2134 = ORIENTED_EDGE('',*,*,#1158,.F.);
#2135 = ORIENTED_EDGE('',*,*,#2129,.F.);
#2136 = CYLINDRICAL_SURFACE('',#2137,0.5);
#2137 = AXIS2_PLACEMENT_3D('',#2138,#2139,#2140);
#2138 = CARTESIAN_POINT('',(158.493,-97.5189,-4.6E-02));
#2139 = DIRECTION('',(-0.,-0.,-1.));
#2140 = DIRECTION('',(-0.,-1.,0.));
#2141 = ADVANCED_FACE('',(#2142),#2153,.F.);
#2142 = FACE_BOUND('',#2143,.T.);
#2143 = EDGE_LOOP('',(#2144,#2145,#2151,#2152));
#2144 = ORIENTED_EDGE('',*,*,#327,.T.);
#2145 = ORIENTED_EDGE('',*,*,#2146,.T.);
#2146 = EDGE_CURVE('',#328,#1170,#2147,.T.);
#2147 = LINE('',#2148,#2149);
#2148 = CARTESIAN_POINT('',(161.033,-98.0189,-4.6E-02));
#2149 = VECTOR('',#2150,1.);
#2150 = DIRECTION('',(0.,0.,1.));
#2151 = ORIENTED_EDGE('',*,*,#1169,.F.);
#2152 = ORIENTED_EDGE('',*,*,#2146,.F.);
#2153 = CYLINDRICAL_SURFACE('',#2154,0.5);
#2154 = AXIS2_PLACEMENT_3D('',#2155,#2156,#2157);
#2155 = CARTESIAN_POINT('',(161.033,-97.5189,-4.6E-02));
#2156 = DIRECTION('',(-0.,-0.,-1.));
#2157 = DIRECTION('',(-0.,-1.,0.));
#2158 = ADVANCED_FACE('',(#2159),#2170,.F.);
#2159 = FACE_BOUND('',#2160,.T.);
#2160 = EDGE_LOOP('',(#2161,#2162,#2168,#2169));
#2161 = ORIENTED_EDGE('',*,*,#338,.T.);
#2162 = ORIENTED_EDGE('',*,*,#2163,.T.);
#2163 = EDGE_CURVE('',#339,#1181,#2164,.T.);
#2164 = LINE('',#2165,#2166);
#2165 = CARTESIAN_POINT('',(163.573,-98.0189,-4.6E-02));
#2166 = VECTOR('',#2167,1.);
#2167 = DIRECTION('',(0.,0.,1.));
#2168 = ORIENTED_EDGE('',*,*,#1180,.F.);
#2169 = ORIENTED_EDGE('',*,*,#2163,.F.);
#2170 = CYLINDRICAL_SURFACE('',#2171,0.5);
#2171 = AXIS2_PLACEMENT_3D('',#2172,#2173,#2174);
#2172 = CARTESIAN_POINT('',(163.573,-97.5189,-4.6E-02));
#2173 = DIRECTION('',(-0.,-0.,-1.));
#2174 = DIRECTION('',(-0.,-1.,0.));
#2175 = ADVANCED_FACE('',(#2176),#2187,.F.);
#2176 = FACE_BOUND('',#2177,.T.);
#2177 = EDGE_LOOP('',(#2178,#2179,#2185,#2186));
#2178 = ORIENTED_EDGE('',*,*,#349,.T.);
#2179 = ORIENTED_EDGE('',*,*,#2180,.T.);
#2180 = EDGE_CURVE('',#350,#1192,#2181,.T.);
#2181 = LINE('',#2182,#2183);
#2182 = CARTESIAN_POINT('',(166.113,-98.0189,-4.6E-02));
#2183 = VECTOR('',#2184,1.);
#2184 = DIRECTION('',(0.,0.,1.));
#2185 = ORIENTED_EDGE('',*,*,#1191,.F.);
#2186 = ORIENTED_EDGE('',*,*,#2180,.F.);
#2187 = CYLINDRICAL_SURFACE('',#2188,0.5);
#2188 = AXIS2_PLACEMENT_3D('',#2189,#2190,#2191);
#2189 = CARTESIAN_POINT('',(166.113,-97.5189,-4.6E-02));
#2190 = DIRECTION('',(-0.,-0.,-1.));
#2191 = DIRECTION('',(-0.,-1.,0.));
#2192 = ADVANCED_FACE('',(#2193),#2204,.F.);
#2193 = FACE_BOUND('',#2194,.T.);
#2194 = EDGE_LOOP('',(#2195,#2196,#2202,#2203));
#2195 = ORIENTED_EDGE('',*,*,#360,.T.);
#2196 = ORIENTED_EDGE('',*,*,#2197,.T.);
#2197 = EDGE_CURVE('',#361,#1203,#2198,.T.);
#2198 = LINE('',#2199,#2200);
#2199 = CARTESIAN_POINT('',(198.,-124.008885,-4.6E-02));
#2200 = VECTOR('',#2201,1.);
#2201 = DIRECTION('',(0.,0.,1.));
#2202 = ORIENTED_EDGE('',*,*,#1202,.F.);
#2203 = ORIENTED_EDGE('',*,*,#2197,.F.);
#2204 = CYLINDRICAL_SURFACE('',#2205,1.6);
#2205 = AXIS2_PLACEMENT_3D('',#2206,#2207,#2208);
#2206 = CARTESIAN_POINT('',(198.,-122.408885,-4.6E-02));
#2207 = DIRECTION('',(-0.,-0.,-1.));
#2208 = DIRECTION('',(-0.,-1.,0.));
#2209 = ADVANCED_FACE('',(#2210),#2221,.F.);
#2210 = FACE_BOUND('',#2211,.T.);
#2211 = EDGE_LOOP('',(#2212,#2213,#2219,#2220));
#2212 = ORIENTED_EDGE('',*,*,#371,.T.);
#2213 = ORIENTED_EDGE('',*,*,#2214,.T.);
#2214 = EDGE_CURVE('',#372,#1214,#2215,.T.);
#2215 = LINE('',#2216,#2217);
#2216 = CARTESIAN_POINT('',(205.63,-123.4289,-4.6E-02));
#2217 = VECTOR('',#2218,1.);
#2218 = DIRECTION('',(0.,0.,1.));
#2219 = ORIENTED_EDGE('',*,*,#1213,.F.);
#2220 = ORIENTED_EDGE('',*,*,#2214,.F.);
#2221 = CYLINDRICAL_SURFACE('',#2222,0.5);
#2222 = AXIS2_PLACEMENT_3D('',#2223,#2224,#2225);
#2223 = CARTESIAN_POINT('',(205.63,-122.9289,-4.6E-02));
#2224 = DIRECTION('',(-0.,-0.,-1.));
#2225 = DIRECTION('',(-0.,-1.,0.));
#2226 = ADVANCED_FACE('',(#2227),#2238,.F.);
#2227 = FACE_BOUND('',#2228,.T.);
#2228 = EDGE_LOOP('',(#2229,#2230,#2236,#2237));
#2229 = ORIENTED_EDGE('',*,*,#382,.T.);
#2230 = ORIENTED_EDGE('',*,*,#2231,.T.);
#2231 = EDGE_CURVE('',#383,#1225,#2232,.T.);
#2232 = LINE('',#2233,#2234);
#2233 = CARTESIAN_POINT('',(208.17,-123.4289,-4.6E-02));
#2234 = VECTOR('',#2235,1.);
#2235 = DIRECTION('',(0.,0.,1.));
#2236 = ORIENTED_EDGE('',*,*,#1224,.F.);
#2237 = ORIENTED_EDGE('',*,*,#2231,.F.);
#2238 = CYLINDRICAL_SURFACE('',#2239,0.5);
#2239 = AXIS2_PLACEMENT_3D('',#2240,#2241,#2242);
#2240 = CARTESIAN_POINT('',(208.17,-122.9289,-4.6E-02));
#2241 = DIRECTION('',(-0.,-0.,-1.));
#2242 = DIRECTION('',(-0.,-1.,0.));
#2243 = ADVANCED_FACE('',(#2244),#2255,.F.);
#2244 = FACE_BOUND('',#2245,.T.);
#2245 = EDGE_LOOP('',(#2246,#2247,#2253,#2254));
#2246 = ORIENTED_EDGE('',*,*,#393,.T.);
#2247 = ORIENTED_EDGE('',*,*,#2248,.T.);
#2248 = EDGE_CURVE('',#394,#1236,#2249,.T.);
#2249 = LINE('',#2250,#2251);
#2250 = CARTESIAN_POINT('',(221.848728,-129.750656,-4.6E-02));
#2251 = VECTOR('',#2252,1.);
#2252 = DIRECTION('',(0.,0.,1.));
#2253 = ORIENTED_EDGE('',*,*,#1235,.F.);
#2254 = ORIENTED_EDGE('',*,*,#2248,.F.);
#2255 = CYLINDRICAL_SURFACE('',#2256,0.25);
#2256 = AXIS2_PLACEMENT_3D('',#2257,#2258,#2259);
#2257 = CARTESIAN_POINT('',(221.848728,-129.500656,-4.6E-02));
#2258 = DIRECTION('',(-0.,-0.,-1.));
#2259 = DIRECTION('',(-0.,-1.,0.));
#2260 = ADVANCED_FACE('',(#2261),#2272,.F.);
#2261 = FACE_BOUND('',#2262,.T.);
#2262 = EDGE_LOOP('',(#2263,#2264,#2270,#2271));
#2263 = ORIENTED_EDGE('',*,*,#404,.T.);
#2264 = ORIENTED_EDGE('',*,*,#2265,.T.);
#2265 = EDGE_CURVE('',#405,#1247,#2266,.T.);
#2266 = LINE('',#2267,#2268);
#2267 = CARTESIAN_POINT('',(223.545784,-130.4536,-4.6E-02));
#2268 = VECTOR('',#2269,1.);
#2269 = DIRECTION('',(0.,0.,1.));
#2270 = ORIENTED_EDGE('',*,*,#1246,.F.);
#2271 = ORIENTED_EDGE('',*,*,#2265,.F.);
#2272 = CYLINDRICAL_SURFACE('',#2273,0.25);
#2273 = AXIS2_PLACEMENT_3D('',#2274,#2275,#2276);
#2274 = CARTESIAN_POINT('',(223.545784,-130.2036,-4.6E-02));
#2275 = DIRECTION('',(-0.,-0.,-1.));
#2276 = DIRECTION('',(-0.,-1.,0.));
#2277 = ADVANCED_FACE('',(#2278),#2289,.F.);
#2278 = FACE_BOUND('',#2279,.T.);
#2279 = EDGE_LOOP('',(#2280,#2281,#2287,#2288));
#2280 = ORIENTED_EDGE('',*,*,#415,.T.);
#2281 = ORIENTED_EDGE('',*,*,#2282,.T.);
#2282 = EDGE_CURVE('',#416,#1258,#2283,.T.);
#2283 = LINE('',#2284,#2285);
#2284 = CARTESIAN_POINT('',(225.24284,-129.750656,-4.6E-02));
#2285 = VECTOR('',#2286,1.);
#2286 = DIRECTION('',(0.,0.,1.));
#2287 = ORIENTED_EDGE('',*,*,#1257,.F.);
#2288 = ORIENTED_EDGE('',*,*,#2282,.F.);
#2289 = CYLINDRICAL_SURFACE('',#2290,0.25);
#2290 = AXIS2_PLACEMENT_3D('',#2291,#2292,#2293);
#2291 = CARTESIAN_POINT('',(225.24284,-129.500656,-4.6E-02));
#2292 = DIRECTION('',(-0.,-0.,-1.));
#2293 = DIRECTION('',(-0.,-1.,0.));
#2294 = ADVANCED_FACE('',(#2295),#2306,.F.);
#2295 = FACE_BOUND('',#2296,.T.);
#2296 = EDGE_LOOP('',(#2297,#2298,#2304,#2305));
#2297 = ORIENTED_EDGE('',*,*,#426,.T.);
#2298 = ORIENTED_EDGE('',*,*,#2299,.T.);
#2299 = EDGE_CURVE('',#427,#1269,#2300,.T.);
#2300 = LINE('',#2301,#2302);
#2301 = CARTESIAN_POINT('',(221.145784,-128.0536,-4.6E-02));
#2302 = VECTOR('',#2303,1.);
#2303 = DIRECTION('',(0.,0.,1.));
#2304 = ORIENTED_EDGE('',*,*,#1268,.F.);
#2305 = ORIENTED_EDGE('',*,*,#2299,.F.);
#2306 = CYLINDRICAL_SURFACE('',#2307,0.25);
#2307 = AXIS2_PLACEMENT_3D('',#2308,#2309,#2310);
#2308 = CARTESIAN_POINT('',(221.145784,-127.8036,-4.6E-02));
#2309 = DIRECTION('',(-0.,-0.,-1.));
#2310 = DIRECTION('',(-0.,-1.,0.));
#2311 = ADVANCED_FACE('',(#2312),#2323,.F.);
#2312 = FACE_BOUND('',#2313,.T.);
#2313 = EDGE_LOOP('',(#2314,#2315,#2321,#2322));
#2314 = ORIENTED_EDGE('',*,*,#437,.T.);
#2315 = ORIENTED_EDGE('',*,*,#2316,.T.);
#2316 = EDGE_CURVE('',#438,#1280,#2317,.T.);
#2317 = LINE('',#2318,#2319);
#2318 = CARTESIAN_POINT('',(223.545784,-129.4036,-4.6E-02));
#2319 = VECTOR('',#2320,1.);
#2320 = DIRECTION('',(0.,0.,1.));
#2321 = ORIENTED_EDGE('',*,*,#1279,.F.);
#2322 = ORIENTED_EDGE('',*,*,#2316,.F.);
#2323 = CYLINDRICAL_SURFACE('',#2324,1.6);
#2324 = AXIS2_PLACEMENT_3D('',#2325,#2326,#2327);
#2325 = CARTESIAN_POINT('',(223.545784,-127.8036,-4.6E-02));
#2326 = DIRECTION('',(-0.,-0.,-1.));
#2327 = DIRECTION('',(-0.,-1.,0.));
#2328 = ADVANCED_FACE('',(#2329),#2340,.F.);
#2329 = FACE_BOUND('',#2330,.T.);
#2330 = EDGE_LOOP('',(#2331,#2332,#2338,#2339));
#2331 = ORIENTED_EDGE('',*,*,#448,.T.);
#2332 = ORIENTED_EDGE('',*,*,#2333,.T.);
#2333 = EDGE_CURVE('',#449,#1291,#2334,.T.);
#2334 = LINE('',#2335,#2336);
#2335 = CARTESIAN_POINT('',(221.848728,-126.356544,-4.6E-02));
#2336 = VECTOR('',#2337,1.);
#2337 = DIRECTION('',(0.,0.,1.));
#2338 = ORIENTED_EDGE('',*,*,#1290,.F.);
#2339 = ORIENTED_EDGE('',*,*,#2333,.F.);
#2340 = CYLINDRICAL_SURFACE('',#2341,0.25);
#2341 = AXIS2_PLACEMENT_3D('',#2342,#2343,#2344);
#2342 = CARTESIAN_POINT('',(221.848728,-126.106544,-4.6E-02));
#2343 = DIRECTION('',(-0.,-0.,-1.));
#2344 = DIRECTION('',(-0.,-1.,0.));
#2345 = ADVANCED_FACE('',(#2346),#2357,.F.);
#2346 = FACE_BOUND('',#2347,.T.);
#2347 = EDGE_LOOP('',(#2348,#2349,#2355,#2356));
#2348 = ORIENTED_EDGE('',*,*,#459,.T.);
#2349 = ORIENTED_EDGE('',*,*,#2350,.T.);
#2350 = EDGE_CURVE('',#460,#1302,#2351,.T.);
#2351 = LINE('',#2352,#2353);
#2352 = CARTESIAN_POINT('',(225.945784,-128.0536,-4.6E-02));
#2353 = VECTOR('',#2354,1.);
#2354 = DIRECTION('',(0.,0.,1.));
#2355 = ORIENTED_EDGE('',*,*,#1301,.F.);
#2356 = ORIENTED_EDGE('',*,*,#2350,.F.);
#2357 = CYLINDRICAL_SURFACE('',#2358,0.25);
#2358 = AXIS2_PLACEMENT_3D('',#2359,#2360,#2361);
#2359 = CARTESIAN_POINT('',(225.945784,-127.8036,-4.6E-02));
#2360 = DIRECTION('',(-0.,-0.,-1.));
#2361 = DIRECTION('',(-0.,-1.,0.));
#2362 = ADVANCED_FACE('',(#2363),#2374,.F.);
#2363 = FACE_BOUND('',#2364,.T.);
#2364 = EDGE_LOOP('',(#2365,#2366,#2372,#2373));
#2365 = ORIENTED_EDGE('',*,*,#470,.T.);
#2366 = ORIENTED_EDGE('',*,*,#2367,.T.);
#2367 = EDGE_CURVE('',#471,#1313,#2368,.T.);
#2368 = LINE('',#2369,#2370);
#2369 = CARTESIAN_POINT('',(225.24284,-126.356544,-4.6E-02));
#2370 = VECTOR('',#2371,1.);
#2371 = DIRECTION('',(0.,0.,1.));
#2372 = ORIENTED_EDGE('',*,*,#1312,.F.);
#2373 = ORIENTED_EDGE('',*,*,#2367,.F.);
#2374 = CYLINDRICAL_SURFACE('',#2375,0.25);
#2375 = AXIS2_PLACEMENT_3D('',#2376,#2377,#2378);
#2376 = CARTESIAN_POINT('',(225.24284,-126.106544,-4.6E-02));
#2377 = DIRECTION('',(-0.,-0.,-1.));
#2378 = DIRECTION('',(-0.,-1.,0.));
#2379 = ADVANCED_FACE('',(#2380),#2391,.F.);
#2380 = FACE_BOUND('',#2381,.T.);
#2381 = EDGE_LOOP('',(#2382,#2383,#2389,#2390));
#2382 = ORIENTED_EDGE('',*,*,#481,.T.);
#2383 = ORIENTED_EDGE('',*,*,#2384,.T.);
#2384 = EDGE_CURVE('',#482,#1324,#2385,.T.);
#2385 = LINE('',#2386,#2387);
#2386 = CARTESIAN_POINT('',(223.545784,-125.6536,-4.6E-02));
#2387 = VECTOR('',#2388,1.);
#2388 = DIRECTION('',(0.,0.,1.));
#2389 = ORIENTED_EDGE('',*,*,#1323,.F.);
#2390 = ORIENTED_EDGE('',*,*,#2384,.F.);
#2391 = CYLINDRICAL_SURFACE('',#2392,0.25);
#2392 = AXIS2_PLACEMENT_3D('',#2393,#2394,#2395);
#2393 = CARTESIAN_POINT('',(223.545784,-125.4036,-4.6E-02));
#2394 = DIRECTION('',(-0.,-0.,-1.));
#2395 = DIRECTION('',(-0.,-1.,0.));
#2396 = ADVANCED_FACE('',(#2397),#2408,.F.);
#2397 = FACE_BOUND('',#2398,.T.);
#2398 = EDGE_LOOP('',(#2399,#2400,#2406,#2407));
#2399 = ORIENTED_EDGE('',*,*,#492,.T.);
#2400 = ORIENTED_EDGE('',*,*,#2401,.T.);
#2401 = EDGE_CURVE('',#493,#1335,#2402,.T.);
#2402 = LINE('',#2403,#2404);
#2403 = CARTESIAN_POINT('',(168.79,-106.9089,-4.6E-02));
#2404 = VECTOR('',#2405,1.);
#2405 = DIRECTION('',(0.,0.,1.));
#2406 = ORIENTED_EDGE('',*,*,#1334,.F.);
#2407 = ORIENTED_EDGE('',*,*,#2401,.F.);
#2408 = CYLINDRICAL_SURFACE('',#2409,0.5);
#2409 = AXIS2_PLACEMENT_3D('',#2410,#2411,#2412);
#2410 = CARTESIAN_POINT('',(168.79,-106.4089,-4.6E-02));
#2411 = DIRECTION('',(-0.,-0.,-1.));
#2412 = DIRECTION('',(-0.,-1.,0.));
#2413 = ADVANCED_FACE('',(#2414),#2425,.F.);
#2414 = FACE_BOUND('',#2415,.T.);
#2415 = EDGE_LOOP('',(#2416,#2417,#2423,#2424));
#2416 = ORIENTED_EDGE('',*,*,#503,.T.);
#2417 = ORIENTED_EDGE('',*,*,#2418,.T.);
#2418 = EDGE_CURVE('',#504,#1346,#2419,.T.);
#2419 = LINE('',#2420,#2421);
#2420 = CARTESIAN_POINT('',(171.33,-106.9089,-4.6E-02));
#2421 = VECTOR('',#2422,1.);
#2422 = DIRECTION('',(0.,0.,1.));
#2423 = ORIENTED_EDGE('',*,*,#1345,.F.);
#2424 = ORIENTED_EDGE('',*,*,#2418,.F.);
#2425 = CYLINDRICAL_SURFACE('',#2426,0.5);
#2426 = AXIS2_PLACEMENT_3D('',#2427,#2428,#2429);
#2427 = CARTESIAN_POINT('',(171.33,-106.4089,-4.6E-02));
#2428 = DIRECTION('',(-0.,-0.,-1.));
#2429 = DIRECTION('',(-0.,-1.,0.));
#2430 = ADVANCED_FACE('',(#2431),#2442,.F.);
#2431 = FACE_BOUND('',#2432,.T.);
#2432 = EDGE_LOOP('',(#2433,#2434,#2440,#2441));
#2433 = ORIENTED_EDGE('',*,*,#514,.T.);
#2434 = ORIENTED_EDGE('',*,*,#2435,.T.);
#2435 = EDGE_CURVE('',#515,#1357,#2436,.T.);
#2436 = LINE('',#2437,#2438);
#2437 = CARTESIAN_POINT('',(168.653,-98.0189,-4.6E-02));
#2438 = VECTOR('',#2439,1.);
#2439 = DIRECTION('',(0.,0.,1.));
#2440 = ORIENTED_EDGE('',*,*,#1356,.F.);
#2441 = ORIENTED_EDGE('',*,*,#2435,.F.);
#2442 = CYLINDRICAL_SURFACE('',#2443,0.5);
#2443 = AXIS2_PLACEMENT_3D('',#2444,#2445,#2446);
#2444 = CARTESIAN_POINT('',(168.653,-97.5189,-4.6E-02));
#2445 = DIRECTION('',(-0.,-0.,-1.));
#2446 = DIRECTION('',(-0.,-1.,0.));
#2447 = ADVANCED_FACE('',(#2448),#2464,.F.);
#2448 = FACE_BOUND('',#2449,.T.);
#2449 = EDGE_LOOP('',(#2450,#2456,#2457,#2463));
#2450 = ORIENTED_EDGE('',*,*,#2451,.T.);
#2451 = EDGE_CURVE('',#526,#1368,#2452,.T.);
#2452 = LINE('',#2453,#2454);
#2453 = CARTESIAN_POINT('',(190.38,-92.964937,0.));
#2454 = VECTOR('',#2455,1.);
#2455 = DIRECTION('',(0.,0.,1.));
#2456 = ORIENTED_EDGE('',*,*,#1367,.T.);
#2457 = ORIENTED_EDGE('',*,*,#2458,.F.);
#2458 = EDGE_CURVE('',#528,#1370,#2459,.T.);
#2459 = LINE('',#2460,#2461);
#2460 = CARTESIAN_POINT('',(186.833026,-96.511911,0.));
#2461 = VECTOR('',#2462,1.);
#2462 = DIRECTION('',(0.,0.,1.));
#2463 = ORIENTED_EDGE('',*,*,#525,.F.);
#2464 = CYLINDRICAL_SURFACE('',#2465,3.546975256747);
#2465 = AXIS2_PLACEMENT_3D('',#2466,#2467,#2468);
#2466 = CARTESIAN_POINT('',(190.38000125674,-96.51191225674,0.));
#2467 = DIRECTION('',(-0.,-0.,-1.));
#2468 = DIRECTION('',(-3.543150014611E-07,1.,0.));
#2469 = ADVANCED_FACE('',(#2470),#2481,.T.);
#2470 = FACE_BOUND('',#2471,.T.);
#2471 = EDGE_LOOP('',(#2472,#2478,#2479,#2480));
#2472 = ORIENTED_EDGE('',*,*,#2473,.T.);
#2473 = EDGE_CURVE('',#537,#1379,#2474,.T.);
#2474 = LINE('',#2475,#2476);
#2475 = CARTESIAN_POINT('',(208.16,-92.964937,0.));
#2476 = VECTOR('',#2477,1.);
#2477 = DIRECTION('',(0.,0.,1.));
#2478 = ORIENTED_EDGE('',*,*,#1378,.T.);
#2479 = ORIENTED_EDGE('',*,*,#2451,.F.);
#2480 = ORIENTED_EDGE('',*,*,#536,.F.);
#2481 = PLANE('',#2482);
#2482 = AXIS2_PLACEMENT_3D('',#2483,#2484,#2485);
#2483 = CARTESIAN_POINT('',(208.16,-92.964937,0.));
#2484 = DIRECTION('',(0.,-1.,0.));
#2485 = DIRECTION('',(-1.,0.,0.));
#2486 = ADVANCED_FACE('',(#2487),#2498,.T.);
#2487 = FACE_BOUND('',#2488,.T.);
#2488 = EDGE_LOOP('',(#2489,#2490,#2491,#2497));
#2489 = ORIENTED_EDGE('',*,*,#2458,.T.);
#2490 = ORIENTED_EDGE('',*,*,#1429,.T.);
#2491 = ORIENTED_EDGE('',*,*,#2492,.F.);
#2492 = EDGE_CURVE('',#579,#1421,#2493,.T.);
#2493 = LINE('',#2494,#2495);
#2494 = CARTESIAN_POINT('',(186.833026,-114.291911,0.));
#2495 = VECTOR('',#2496,1.);
#2496 = DIRECTION('',(0.,0.,1.));
#2497 = ORIENTED_EDGE('',*,*,#587,.F.);
#2498 = PLANE('',#2499);
#2499 = AXIS2_PLACEMENT_3D('',#2500,#2501,#2502);
#2500 = CARTESIAN_POINT('',(186.833026,-96.511911,0.));
#2501 = DIRECTION('',(1.,0.,-0.));
#2502 = DIRECTION('',(0.,-1.,0.));
#2503 = ADVANCED_FACE('',(#2504),#2515,.F.);
#2504 = FACE_BOUND('',#2505,.T.);
#2505 = EDGE_LOOP('',(#2506,#2512,#2513,#2514));
#2506 = ORIENTED_EDGE('',*,*,#2507,.T.);
#2507 = EDGE_CURVE('',#545,#1387,#2508,.T.);
#2508 = LINE('',#2509,#2510);
#2509 = CARTESIAN_POINT('',(211.706974,-96.511911,0.));
#2510 = VECTOR('',#2511,1.);
#2511 = DIRECTION('',(0.,0.,1.));
#2512 = ORIENTED_EDGE('',*,*,#1386,.T.);
#2513 = ORIENTED_EDGE('',*,*,#2473,.F.);
#2514 = ORIENTED_EDGE('',*,*,#544,.F.);
#2515 = CYLINDRICAL_SURFACE('',#2516,3.546975256747);
#2516 = AXIS2_PLACEMENT_3D('',#2517,#2518,#2519);
#2517 = CARTESIAN_POINT('',(208.15999874325,-96.51191225674,0.));
#2518 = DIRECTION('',(-0.,-0.,-1.));
#2519 = DIRECTION('',(1.,3.543149934481E-07,-0.));
#2520 = ADVANCED_FACE('',(#2521),#2532,.F.);
#2521 = FACE_BOUND('',#2522,.T.);
#2522 = EDGE_LOOP('',(#2523,#2524,#2525,#2531));
#2523 = ORIENTED_EDGE('',*,*,#2492,.T.);
#2524 = ORIENTED_EDGE('',*,*,#1420,.T.);
#2525 = ORIENTED_EDGE('',*,*,#2526,.F.);
#2526 = EDGE_CURVE('',#571,#1413,#2527,.T.);
#2527 = LINE('',#2528,#2529);
#2528 = CARTESIAN_POINT('',(190.38,-117.838885,0.));
#2529 = VECTOR('',#2530,1.);
#2530 = DIRECTION('',(0.,0.,1.));
#2531 = ORIENTED_EDGE('',*,*,#578,.F.);
#2532 = CYLINDRICAL_SURFACE('',#2533,3.546975256747);
#2533 = AXIS2_PLACEMENT_3D('',#2534,#2535,#2536);
#2534 = CARTESIAN_POINT('',(190.38000125674,-114.2919097432,0.));
#2535 = DIRECTION('',(-0.,-0.,-1.));
#2536 = DIRECTION('',(-1.,-3.54315009474E-07,0.));
#2537 = ADVANCED_FACE('',(#2538),#2549,.T.);
#2538 = FACE_BOUND('',#2539,.T.);
#2539 = EDGE_LOOP('',(#2540,#2546,#2547,#2548));
#2540 = ORIENTED_EDGE('',*,*,#2541,.T.);
#2541 = EDGE_CURVE('',#554,#1396,#2542,.T.);
#2542 = LINE('',#2543,#2544);
#2543 = CARTESIAN_POINT('',(211.706974,-114.291911,0.));
#2544 = VECTOR('',#2545,1.);
#2545 = DIRECTION('',(0.,0.,1.));
#2546 = ORIENTED_EDGE('',*,*,#1395,.T.);
#2547 = ORIENTED_EDGE('',*,*,#2507,.F.);
#2548 = ORIENTED_EDGE('',*,*,#553,.F.);
#2549 = PLANE('',#2550);
#2550 = AXIS2_PLACEMENT_3D('',#2551,#2552,#2553);
#2551 = CARTESIAN_POINT('',(211.706974,-114.291911,0.));
#2552 = DIRECTION('',(-1.,0.,0.));
#2553 = DIRECTION('',(0.,1.,0.));
#2554 = ADVANCED_FACE('',(#2555),#2566,.T.);
#2555 = FACE_BOUND('',#2556,.T.);
#2556 = EDGE_LOOP('',(#2557,#2558,#2559,#2565));
#2557 = ORIENTED_EDGE('',*,*,#2526,.T.);
#2558 = ORIENTED_EDGE('',*,*,#1412,.T.);
#2559 = ORIENTED_EDGE('',*,*,#2560,.F.);
#2560 = EDGE_CURVE('',#562,#1404,#2561,.T.);
#2561 = LINE('',#2562,#2563);
#2562 = CARTESIAN_POINT('',(208.16,-117.838885,0.));
#2563 = VECTOR('',#2564,1.);
#2564 = DIRECTION('',(0.,0.,1.));
#2565 = ORIENTED_EDGE('',*,*,#570,.F.);
#2566 = PLANE('',#2567);
#2567 = AXIS2_PLACEMENT_3D('',#2568,#2569,#2570);
#2568 = CARTESIAN_POINT('',(190.38,-117.838885,0.));
#2569 = DIRECTION('',(0.,1.,0.));
#2570 = DIRECTION('',(1.,0.,0.));
#2571 = ADVANCED_FACE('',(#2572),#2578,.F.);
#2572 = FACE_BOUND('',#2573,.T.);
#2573 = EDGE_LOOP('',(#2574,#2575,#2576,#2577));
#2574 = ORIENTED_EDGE('',*,*,#2560,.T.);
#2575 = ORIENTED_EDGE('',*,*,#1403,.T.);
#2576 = ORIENTED_EDGE('',*,*,#2541,.F.);
#2577 = ORIENTED_EDGE('',*,*,#561,.F.);
#2578 = CYLINDRICAL_SURFACE('',#2579,3.546975256747);
#2579 = AXIS2_PLACEMENT_3D('',#2580,#2581,#2582);
#2580 = CARTESIAN_POINT('',(208.15999874325,-114.2919097432,0.));
#2581 = DIRECTION('',(-0.,-0.,-1.));
#2582 = DIRECTION('',(3.543150014611E-07,-1.,0.));
#2583 = ADVANCED_FACE('',(#2584),#2595,.F.);
#2584 = FACE_BOUND('',#2585,.T.);
#2585 = EDGE_LOOP('',(#2586,#2587,#2593,#2594));
#2586 = ORIENTED_EDGE('',*,*,#595,.T.);
#2587 = ORIENTED_EDGE('',*,*,#2588,.T.);
#2588 = EDGE_CURVE('',#596,#1438,#2589,.T.);
#2589 = LINE('',#2590,#2591);
#2590 = CARTESIAN_POINT('',(224.66,-109.81,-4.6E-02));
#2591 = VECTOR('',#2592,1.);
#2592 = DIRECTION('',(0.,0.,1.));
#2593 = ORIENTED_EDGE('',*,*,#1437,.F.);
#2594 = ORIENTED_EDGE('',*,*,#2588,.F.);
#2595 = CYLINDRICAL_SURFACE('',#2596,0.65);
#2596 = AXIS2_PLACEMENT_3D('',#2597,#2598,#2599);
#2597 = CARTESIAN_POINT('',(224.66,-109.16,-4.6E-02));
#2598 = DIRECTION('',(-0.,-0.,-1.));
#2599 = DIRECTION('',(-0.,-1.,0.));
#2600 = ADVANCED_FACE('',(#2601),#2612,.F.);
#2601 = FACE_BOUND('',#2602,.T.);
#2602 = EDGE_LOOP('',(#2603,#2604,#2610,#2611));
#2603 = ORIENTED_EDGE('',*,*,#606,.T.);
#2604 = ORIENTED_EDGE('',*,*,#2605,.T.);
#2605 = EDGE_CURVE('',#607,#1449,#2606,.T.);
#2606 = LINE('',#2607,#2608);
#2607 = CARTESIAN_POINT('',(227.21,-108.41,-4.6E-02));
#2608 = VECTOR('',#2609,1.);
#2609 = DIRECTION('',(0.,0.,1.));
#2610 = ORIENTED_EDGE('',*,*,#1448,.F.);
#2611 = ORIENTED_EDGE('',*,*,#2605,.F.);
#2612 = CYLINDRICAL_SURFACE('',#2613,0.5);
#2613 = AXIS2_PLACEMENT_3D('',#2614,#2615,#2616);
#2614 = CARTESIAN_POINT('',(227.21,-107.91,-4.6E-02));
#2615 = DIRECTION('',(-0.,-0.,-1.));
#2616 = DIRECTION('',(-0.,-1.,0.));
#2617 = ADVANCED_FACE('',(#2618),#2629,.F.);
#2618 = FACE_BOUND('',#2619,.T.);
#2619 = EDGE_LOOP('',(#2620,#2621,#2627,#2628));
#2620 = ORIENTED_EDGE('',*,*,#617,.T.);
#2621 = ORIENTED_EDGE('',*,*,#2622,.T.);
#2622 = EDGE_CURVE('',#618,#1460,#2623,.T.);
#2623 = LINE('',#2624,#2625);
#2624 = CARTESIAN_POINT('',(227.21,-103.91,-4.6E-02));
#2625 = VECTOR('',#2626,1.);
#2626 = DIRECTION('',(0.,0.,1.));
#2627 = ORIENTED_EDGE('',*,*,#1459,.F.);
#2628 = ORIENTED_EDGE('',*,*,#2622,.F.);
#2629 = CYLINDRICAL_SURFACE('',#2630,0.5);
#2630 = AXIS2_PLACEMENT_3D('',#2631,#2632,#2633);
#2631 = CARTESIAN_POINT('',(227.21,-103.41,-4.6E-02));
#2632 = DIRECTION('',(-0.,-0.,-1.));
#2633 = DIRECTION('',(-0.,-1.,0.));
#2634 = ADVANCED_FACE('',(#2635),#2646,.F.);
#2635 = FACE_BOUND('',#2636,.T.);
#2636 = EDGE_LOOP('',(#2637,#2638,#2644,#2645));
#2637 = ORIENTED_EDGE('',*,*,#628,.T.);
#2638 = ORIENTED_EDGE('',*,*,#2639,.T.);
#2639 = EDGE_CURVE('',#629,#1471,#2640,.T.);
#2640 = LINE('',#2641,#2642);
#2641 = CARTESIAN_POINT('',(224.66,-102.81,-4.6E-02));
#2642 = VECTOR('',#2643,1.);
#2643 = DIRECTION('',(0.,0.,1.));
#2644 = ORIENTED_EDGE('',*,*,#1470,.F.);
#2645 = ORIENTED_EDGE('',*,*,#2639,.F.);
#2646 = CYLINDRICAL_SURFACE('',#2647,0.65);
#2647 = AXIS2_PLACEMENT_3D('',#2648,#2649,#2650);
#2648 = CARTESIAN_POINT('',(224.66,-102.16,-4.6E-02));
#2649 = DIRECTION('',(-0.,-0.,-1.));
#2650 = DIRECTION('',(-0.,-1.,0.));
#2651 = ADVANCED_FACE('',(#2652),#2663,.F.);
#2652 = FACE_BOUND('',#2653,.T.);
#2653 = EDGE_LOOP('',(#2654,#2655,#2661,#2662));
#2654 = ORIENTED_EDGE('',*,*,#639,.T.);
#2655 = ORIENTED_EDGE('',*,*,#2656,.T.);
#2656 = EDGE_CURVE('',#640,#1482,#2657,.T.);
#2657 = LINE('',#2658,#2659);
#2658 = CARTESIAN_POINT('',(107.83,-86.82,-4.6E-02));
#2659 = VECTOR('',#2660,1.);
#2660 = DIRECTION('',(0.,0.,1.));
#2661 = ORIENTED_EDGE('',*,*,#1481,.F.);
#2662 = ORIENTED_EDGE('',*,*,#2656,.F.);
#2663 = CYLINDRICAL_SURFACE('',#2664,0.5);
#2664 = AXIS2_PLACEMENT_3D('',#2665,#2666,#2667);
#2665 = CARTESIAN_POINT('',(107.83,-86.32,-4.6E-02));
#2666 = DIRECTION('',(-0.,-0.,-1.));
#2667 = DIRECTION('',(-0.,-1.,0.));
#2668 = ADVANCED_FACE('',(#2669),#2685,.F.);
#2669 = FACE_BOUND('',#2670,.T.);
#2670 = EDGE_LOOP('',(#2671,#2677,#2678,#2684));
#2671 = ORIENTED_EDGE('',*,*,#2672,.T.);
#2672 = EDGE_CURVE('',#651,#1493,#2673,.T.);
#2673 = LINE('',#2674,#2675);
#2674 = CARTESIAN_POINT('',(123.07,-66.,0.));
#2675 = VECTOR('',#2676,1.);
#2676 = DIRECTION('',(0.,0.,1.));
#2677 = ORIENTED_EDGE('',*,*,#1492,.T.);
#2678 = ORIENTED_EDGE('',*,*,#2679,.F.);
#2679 = EDGE_CURVE('',#653,#1495,#2680,.T.);
#2680 = LINE('',#2681,#2682);
#2681 = CARTESIAN_POINT('',(115.45,-73.62,0.));
#2682 = VECTOR('',#2683,1.);
#2683 = DIRECTION('',(0.,0.,1.));
#2684 = ORIENTED_EDGE('',*,*,#650,.F.);
#2685 = CYLINDRICAL_SURFACE('',#2686,7.619998882328);
#2686 = AXIS2_PLACEMENT_3D('',#2687,#2688,#2689);
#2687 = CARTESIAN_POINT('',(123.06999888232,-73.61999888232,0.));
#2688 = DIRECTION('',(-0.,-0.,-1.));
#2689 = DIRECTION('',(1.466760902966E-07,1.,-0.));
#2690 = ADVANCED_FACE('',(#2691),#2702,.T.);
#2691 = FACE_BOUND('',#2692,.T.);
#2692 = EDGE_LOOP('',(#2693,#2699,#2700,#2701));
#2693 = ORIENTED_EDGE('',*,*,#2694,.T.);
#2694 = EDGE_CURVE('',#662,#1504,#2695,.T.);
#2695 = LINE('',#2696,#2697);
#2696 = CARTESIAN_POINT('',(142.12,-66.,0.));
#2697 = VECTOR('',#2698,1.);
#2698 = DIRECTION('',(0.,0.,1.));
#2699 = ORIENTED_EDGE('',*,*,#1503,.T.);
#2700 = ORIENTED_EDGE('',*,*,#2672,.F.);
#2701 = ORIENTED_EDGE('',*,*,#661,.F.);
#2702 = PLANE('',#2703);
#2703 = AXIS2_PLACEMENT_3D('',#2704,#2705,#2706);
#2704 = CARTESIAN_POINT('',(142.12,-66.,0.));
#2705 = DIRECTION('',(0.,-1.,0.));
#2706 = DIRECTION('',(-1.,0.,0.));
#2707 = ADVANCED_FACE('',(#2708),#2719,.T.);
#2708 = FACE_BOUND('',#2709,.T.);
#2709 = EDGE_LOOP('',(#2710,#2711,#2712,#2718));
#2710 = ORIENTED_EDGE('',*,*,#2679,.T.);
#2711 = ORIENTED_EDGE('',*,*,#1554,.T.);
#2712 = ORIENTED_EDGE('',*,*,#2713,.F.);
#2713 = EDGE_CURVE('',#704,#1546,#2714,.T.);
#2714 = LINE('',#2715,#2716);
#2715 = CARTESIAN_POINT('',(115.45,-109.18,0.));
#2716 = VECTOR('',#2717,1.);
#2717 = DIRECTION('',(0.,0.,1.));
#2718 = ORIENTED_EDGE('',*,*,#712,.F.);
#2719 = PLANE('',#2720);
#2720 = AXIS2_PLACEMENT_3D('',#2721,#2722,#2723);
#2721 = CARTESIAN_POINT('',(115.45,-73.62,0.));
#2722 = DIRECTION('',(1.,0.,-0.));
#2723 = DIRECTION('',(0.,-1.,0.));
#2724 = ADVANCED_FACE('',(#2725),#2736,.F.);
#2725 = FACE_BOUND('',#2726,.T.);
#2726 = EDGE_LOOP('',(#2727,#2733,#2734,#2735));
#2727 = ORIENTED_EDGE('',*,*,#2728,.T.);
#2728 = EDGE_CURVE('',#670,#1512,#2729,.T.);
#2729 = LINE('',#2730,#2731);
#2730 = CARTESIAN_POINT('',(149.74,-73.62,0.));
#2731 = VECTOR('',#2732,1.);
#2732 = DIRECTION('',(0.,0.,1.));
#2733 = ORIENTED_EDGE('',*,*,#1511,.T.);
#2734 = ORIENTED_EDGE('',*,*,#2694,.F.);
#2735 = ORIENTED_EDGE('',*,*,#669,.F.);
#2736 = CYLINDRICAL_SURFACE('',#2737,7.619998882328);
#2737 = AXIS2_PLACEMENT_3D('',#2738,#2739,#2740);
#2738 = CARTESIAN_POINT('',(142.12000111767,-73.61999888232,0.));
#2739 = DIRECTION('',(-0.,-0.,-1.));
#2740 = DIRECTION('',(1.,-1.466760865667E-07,0.));
#2741 = ADVANCED_FACE('',(#2742),#2753,.F.);
#2742 = FACE_BOUND('',#2743,.T.);
#2743 = EDGE_LOOP('',(#2744,#2745,#2746,#2752));
#2744 = ORIENTED_EDGE('',*,*,#2713,.T.);
#2745 = ORIENTED_EDGE('',*,*,#1545,.T.);
#2746 = ORIENTED_EDGE('',*,*,#2747,.F.);
#2747 = EDGE_CURVE('',#696,#1538,#2748,.T.);
#2748 = LINE('',#2749,#2750);
#2749 = CARTESIAN_POINT('',(121.8,-115.53,0.));
#2750 = VECTOR('',#2751,1.);
#2751 = DIRECTION('',(0.,0.,1.));
#2752 = ORIENTED_EDGE('',*,*,#703,.F.);
#2753 = CYLINDRICAL_SURFACE('',#2754,6.350000206678);
#2754 = AXIS2_PLACEMENT_3D('',#2755,#2756,#2757);
#2755 = CARTESIAN_POINT('',(121.80000020667,-109.1799997933,0.));
#2756 = DIRECTION('',(-0.,-0.,-1.));
#2757 = DIRECTION('',(-1.,-3.254771030836E-08,0.));
#2758 = ADVANCED_FACE('',(#2759),#2770,.T.);
#2759 = FACE_BOUND('',#2760,.T.);
#2760 = EDGE_LOOP('',(#2761,#2767,#2768,#2769));
#2761 = ORIENTED_EDGE('',*,*,#2762,.T.);
#2762 = EDGE_CURVE('',#679,#1521,#2763,.T.);
#2763 = LINE('',#2764,#2765);
#2764 = CARTESIAN_POINT('',(149.74,-109.18,0.));
#2765 = VECTOR('',#2766,1.);
#2766 = DIRECTION('',(0.,0.,1.));
#2767 = ORIENTED_EDGE('',*,*,#1520,.T.);
#2768 = ORIENTED_EDGE('',*,*,#2728,.F.);
#2769 = ORIENTED_EDGE('',*,*,#678,.F.);
#2770 = PLANE('',#2771);
#2771 = AXIS2_PLACEMENT_3D('',#2772,#2773,#2774);
#2772 = CARTESIAN_POINT('',(149.74,-109.18,0.));
#2773 = DIRECTION('',(-1.,0.,0.));
#2774 = DIRECTION('',(0.,1.,0.));
#2775 = ADVANCED_FACE('',(#2776),#2787,.T.);
#2776 = FACE_BOUND('',#2777,.T.);
#2777 = EDGE_LOOP('',(#2778,#2779,#2780,#2786));
#2778 = ORIENTED_EDGE('',*,*,#2747,.T.);
#2779 = ORIENTED_EDGE('',*,*,#1537,.T.);
#2780 = ORIENTED_EDGE('',*,*,#2781,.F.);
#2781 = EDGE_CURVE('',#687,#1529,#2782,.T.);
#2782 = LINE('',#2783,#2784);
#2783 = CARTESIAN_POINT('',(143.39,-115.53,0.));
#2784 = VECTOR('',#2785,1.);
#2785 = DIRECTION('',(0.,0.,1.));
#2786 = ORIENTED_EDGE('',*,*,#695,.F.);
#2787 = PLANE('',#2788);
#2788 = AXIS2_PLACEMENT_3D('',#2789,#2790,#2791);
#2789 = CARTESIAN_POINT('',(121.8,-115.53,0.));
#2790 = DIRECTION('',(0.,1.,0.));
#2791 = DIRECTION('',(1.,0.,0.));
#2792 = ADVANCED_FACE('',(#2793),#2799,.F.);
#2793 = FACE_BOUND('',#2794,.T.);
#2794 = EDGE_LOOP('',(#2795,#2796,#2797,#2798));
#2795 = ORIENTED_EDGE('',*,*,#2781,.T.);
#2796 = ORIENTED_EDGE('',*,*,#1528,.T.);
#2797 = ORIENTED_EDGE('',*,*,#2762,.F.);
#2798 = ORIENTED_EDGE('',*,*,#686,.F.);
#2799 = CYLINDRICAL_SURFACE('',#2800,6.350000206678);
#2800 = AXIS2_PLACEMENT_3D('',#2801,#2802,#2803);
#2801 = CARTESIAN_POINT('',(143.38999979332,-109.1799997933,0.));
#2802 = DIRECTION('',(-0.,-0.,-1.));
#2803 = DIRECTION('',(3.254770807043E-08,-1.,0.));
#2804 = ADVANCED_FACE('',(#2805),#2816,.F.);
#2805 = FACE_BOUND('',#2806,.T.);
#2806 = EDGE_LOOP('',(#2807,#2808,#2814,#2815));
#2807 = ORIENTED_EDGE('',*,*,#720,.T.);
#2808 = ORIENTED_EDGE('',*,*,#2809,.T.);
#2809 = EDGE_CURVE('',#721,#1563,#2810,.T.);
#2810 = LINE('',#2811,#2812);
#2811 = CARTESIAN_POINT('',(107.83,-84.28,-4.6E-02));
#2812 = VECTOR('',#2813,1.);
#2813 = DIRECTION('',(0.,0.,1.));
#2814 = ORIENTED_EDGE('',*,*,#1562,.F.);
#2815 = ORIENTED_EDGE('',*,*,#2809,.F.);
#2816 = CYLINDRICAL_SURFACE('',#2817,0.5);
#2817 = AXIS2_PLACEMENT_3D('',#2818,#2819,#2820);
#2818 = CARTESIAN_POINT('',(107.83,-83.78,-4.6E-02));
#2819 = DIRECTION('',(-0.,-0.,-1.));
#2820 = DIRECTION('',(-0.,-1.,0.));
#2821 = ADVANCED_FACE('',(#2822),#2833,.F.);
#2822 = FACE_BOUND('',#2823,.T.);
#2823 = EDGE_LOOP('',(#2824,#2825,#2831,#2832));
#2824 = ORIENTED_EDGE('',*,*,#731,.T.);
#2825 = ORIENTED_EDGE('',*,*,#2826,.T.);
#2826 = EDGE_CURVE('',#732,#1574,#2827,.T.);
#2827 = LINE('',#2828,#2829);
#2828 = CARTESIAN_POINT('',(121.4,-62.288885,-4.6E-02));
#2829 = VECTOR('',#2830,1.);
#2830 = DIRECTION('',(0.,0.,1.));
#2831 = ORIENTED_EDGE('',*,*,#1573,.F.);
#2832 = ORIENTED_EDGE('',*,*,#2826,.F.);
#2833 = CYLINDRICAL_SURFACE('',#2834,1.6);
#2834 = AXIS2_PLACEMENT_3D('',#2835,#2836,#2837);
#2835 = CARTESIAN_POINT('',(121.4,-60.688885,-4.6E-02));
#2836 = DIRECTION('',(-0.,-0.,-1.));
#2837 = DIRECTION('',(-0.,-1.,0.));
#2838 = ADVANCED_FACE('',(#2839),#2855,.F.);
#2839 = FACE_BOUND('',#2840,.T.);
#2840 = EDGE_LOOP('',(#2841,#2842,#2848,#2849));
#2841 = ORIENTED_EDGE('',*,*,#742,.T.);
#2842 = ORIENTED_EDGE('',*,*,#2843,.T.);
#2843 = EDGE_CURVE('',#745,#1587,#2844,.T.);
#2844 = LINE('',#2845,#2846);
#2845 = CARTESIAN_POINT('',(222.4,-92.55,-4.6E-02));
#2846 = VECTOR('',#2847,1.);
#2847 = DIRECTION('',(0.,0.,1.));
#2848 = ORIENTED_EDGE('',*,*,#1584,.F.);
#2849 = ORIENTED_EDGE('',*,*,#2850,.F.);
#2850 = EDGE_CURVE('',#743,#1585,#2851,.T.);
#2851 = LINE('',#2852,#2853);
#2852 = CARTESIAN_POINT('',(222.4,-90.45,-4.6E-02));
#2853 = VECTOR('',#2854,1.);
#2854 = DIRECTION('',(0.,0.,1.));
#2855 = CYLINDRICAL_SURFACE('',#2856,1.05);
#2856 = AXIS2_PLACEMENT_3D('',#2857,#2858,#2859);
#2857 = CARTESIAN_POINT('',(222.4,-91.5,-4.6E-02));
#2858 = DIRECTION('',(-0.,-0.,-1.));
#2859 = DIRECTION('',(-0.,-1.,0.));
#2860 = ADVANCED_FACE('',(#2861),#2872,.T.);
#2861 = FACE_BOUND('',#2862,.T.);
#2862 = EDGE_LOOP('',(#2863,#2864,#2865,#2866));
#2863 = ORIENTED_EDGE('',*,*,#770,.T.);
#2864 = ORIENTED_EDGE('',*,*,#2850,.T.);
#2865 = ORIENTED_EDGE('',*,*,#1612,.F.);
#2866 = ORIENTED_EDGE('',*,*,#2867,.F.);
#2867 = EDGE_CURVE('',#762,#1604,#2868,.T.);
#2868 = LINE('',#2869,#2870);
#2869 = CARTESIAN_POINT('',(222.,-90.45,-4.6E-02));
#2870 = VECTOR('',#2871,1.);
#2871 = DIRECTION('',(0.,0.,1.));
#2872 = PLANE('',#2873);
#2873 = AXIS2_PLACEMENT_3D('',#2874,#2875,#2876);
#2874 = CARTESIAN_POINT('',(222.4,-90.45,-4.6E-02));
#2875 = DIRECTION('',(0.,-1.,0.));
#2876 = DIRECTION('',(-1.,0.,0.));
#2877 = ADVANCED_FACE('',(#2878),#2889,.F.);
#2878 = FACE_BOUND('',#2879,.T.);
#2879 = EDGE_LOOP('',(#2880,#2881,#2882,#2883));
#2880 = ORIENTED_EDGE('',*,*,#761,.T.);
#2881 = ORIENTED_EDGE('',*,*,#2867,.T.);
#2882 = ORIENTED_EDGE('',*,*,#1603,.F.);
#2883 = ORIENTED_EDGE('',*,*,#2884,.F.);
#2884 = EDGE_CURVE('',#754,#1596,#2885,.T.);
#2885 = LINE('',#2886,#2887);
#2886 = CARTESIAN_POINT('',(222.,-92.55,-4.6E-02));
#2887 = VECTOR('',#2888,1.);
#2888 = DIRECTION('',(0.,0.,1.));
#2889 = CYLINDRICAL_SURFACE('',#2890,1.05);
#2890 = AXIS2_PLACEMENT_3D('',#2891,#2892,#2893);
#2891 = CARTESIAN_POINT('',(222.,-91.5,-4.6E-02));
#2892 = DIRECTION('',(-0.,0.,-1.));
#2893 = DIRECTION('',(0.,1.,0.));
#2894 = ADVANCED_FACE('',(#2895),#2901,.T.);
#2895 = FACE_BOUND('',#2896,.T.);
#2896 = EDGE_LOOP('',(#2897,#2898,#2899,#2900));
#2897 = ORIENTED_EDGE('',*,*,#753,.T.);
#2898 = ORIENTED_EDGE('',*,*,#2884,.T.);
#2899 = ORIENTED_EDGE('',*,*,#1595,.F.);
#2900 = ORIENTED_EDGE('',*,*,#2843,.F.);
#2901 = PLANE('',#2902);
#2902 = AXIS2_PLACEMENT_3D('',#2903,#2904,#2905);
#2903 = CARTESIAN_POINT('',(222.,-92.55,-4.6E-02));
#2904 = DIRECTION('',(0.,1.,0.));
#2905 = DIRECTION('',(1.,0.,0.));
#2906 = ADVANCED_FACE('',(#2907),#2918,.F.);
#2907 = FACE_BOUND('',#2908,.T.);
#2908 = EDGE_LOOP('',(#2909,#2910,#2916,#2917));
#2909 = ORIENTED_EDGE('',*,*,#778,.T.);
#2910 = ORIENTED_EDGE('',*,*,#2911,.T.);
#2911 = EDGE_CURVE('',#779,#1621,#2912,.T.);
#2912 = LINE('',#2913,#2914);
#2913 = CARTESIAN_POINT('',(223.2,-88.05,-4.6E-02));
#2914 = VECTOR('',#2915,1.);
#2915 = DIRECTION('',(0.,0.,1.));
#2916 = ORIENTED_EDGE('',*,*,#1620,.F.);
#2917 = ORIENTED_EDGE('',*,*,#2911,.F.);
#2918 = CYLINDRICAL_SURFACE('',#2919,0.5);
#2919 = AXIS2_PLACEMENT_3D('',#2920,#2921,#2922);
#2920 = CARTESIAN_POINT('',(223.2,-87.55,-4.6E-02));
#2921 = DIRECTION('',(-0.,-0.,-1.));
#2922 = DIRECTION('',(-0.,-1.,0.));
#2923 = ADVANCED_FACE('',(#2924),#2935,.F.);
#2924 = FACE_BOUND('',#2925,.T.);
#2925 = EDGE_LOOP('',(#2926,#2927,#2933,#2934));
#2926 = ORIENTED_EDGE('',*,*,#789,.T.);
#2927 = ORIENTED_EDGE('',*,*,#2928,.T.);
#2928 = EDGE_CURVE('',#790,#1632,#2929,.T.);
#2929 = LINE('',#2930,#2931);
#2930 = CARTESIAN_POINT('',(225.7,-88.05,-4.6E-02));
#2931 = VECTOR('',#2932,1.);
#2932 = DIRECTION('',(0.,0.,1.));
#2933 = ORIENTED_EDGE('',*,*,#1631,.F.);
#2934 = ORIENTED_EDGE('',*,*,#2928,.F.);
#2935 = CYLINDRICAL_SURFACE('',#2936,0.5);
#2936 = AXIS2_PLACEMENT_3D('',#2937,#2938,#2939);
#2937 = CARTESIAN_POINT('',(225.7,-87.55,-4.6E-02));
#2938 = DIRECTION('',(-0.,-0.,-1.));
#2939 = DIRECTION('',(-0.,-1.,0.));
#2940 = ADVANCED_FACE('',(#2941),#2952,.F.);
#2941 = FACE_BOUND('',#2942,.T.);
#2942 = EDGE_LOOP('',(#2943,#2944,#2950,#2951));
#2943 = ORIENTED_EDGE('',*,*,#800,.T.);
#2944 = ORIENTED_EDGE('',*,*,#2945,.T.);
#2945 = EDGE_CURVE('',#801,#1643,#2946,.T.);
#2946 = LINE('',#2947,#2948);
#2947 = CARTESIAN_POINT('',(225.7,-85.55,-4.6E-02));
#2948 = VECTOR('',#2949,1.);
#2949 = DIRECTION('',(0.,0.,1.));
#2950 = ORIENTED_EDGE('',*,*,#1642,.F.);
#2951 = ORIENTED_EDGE('',*,*,#2945,.F.);
#2952 = CYLINDRICAL_SURFACE('',#2953,0.5);
#2953 = AXIS2_PLACEMENT_3D('',#2954,#2955,#2956);
#2954 = CARTESIAN_POINT('',(225.7,-85.05,-4.6E-02));
#2955 = DIRECTION('',(-0.,-0.,-1.));
#2956 = DIRECTION('',(-0.,-1.,0.));
#2957 = ADVANCED_FACE('',(#2958),#2969,.F.);
#2958 = FACE_BOUND('',#2959,.T.);
#2959 = EDGE_LOOP('',(#2960,#2961,#2967,#2968));
#2960 = ORIENTED_EDGE('',*,*,#811,.T.);
#2961 = ORIENTED_EDGE('',*,*,#2962,.T.);
#2962 = EDGE_CURVE('',#812,#1654,#2963,.T.);
#2963 = LINE('',#2964,#2965);
#2964 = CARTESIAN_POINT('',(223.2,-83.05,-4.6E-02));
#2965 = VECTOR('',#2966,1.);
#2966 = DIRECTION('',(0.,0.,1.));
#2967 = ORIENTED_EDGE('',*,*,#1653,.F.);
#2968 = ORIENTED_EDGE('',*,*,#2962,.F.);
#2969 = CYLINDRICAL_SURFACE('',#2970,0.5);
#2970 = AXIS2_PLACEMENT_3D('',#2971,#2972,#2973);
#2971 = CARTESIAN_POINT('',(223.2,-82.55,-4.6E-02));
#2972 = DIRECTION('',(-0.,-0.,-1.));
#2973 = DIRECTION('',(-0.,-1.,0.));
#2974 = ADVANCED_FACE('',(#2975),#2986,.F.);
#2975 = FACE_BOUND('',#2976,.T.);
#2976 = EDGE_LOOP('',(#2977,#2978,#2984,#2985));
#2977 = ORIENTED_EDGE('',*,*,#822,.T.);
#2978 = ORIENTED_EDGE('',*,*,#2979,.T.);
#2979 = EDGE_CURVE('',#823,#1665,#2980,.T.);
#2980 = LINE('',#2981,#2982);
#2981 = CARTESIAN_POINT('',(225.7,-83.05,-4.6E-02));
#2982 = VECTOR('',#2983,1.);
#2983 = DIRECTION('',(0.,0.,1.));
#2984 = ORIENTED_EDGE('',*,*,#1664,.F.);
#2985 = ORIENTED_EDGE('',*,*,#2979,.F.);
#2986 = CYLINDRICAL_SURFACE('',#2987,0.5);
#2987 = AXIS2_PLACEMENT_3D('',#2988,#2989,#2990);
#2988 = CARTESIAN_POINT('',(225.7,-82.55,-4.6E-02));
#2989 = DIRECTION('',(-0.,-0.,-1.));
#2990 = DIRECTION('',(-0.,-1.,0.));
#2991 = ADVANCED_FACE('',(#2992),#3008,.F.);
#2992 = FACE_BOUND('',#2993,.T.);
#2993 = EDGE_LOOP('',(#2994,#2995,#3001,#3002));
#2994 = ORIENTED_EDGE('',*,*,#833,.T.);
#2995 = ORIENTED_EDGE('',*,*,#2996,.T.);
#2996 = EDGE_CURVE('',#836,#1678,#2997,.T.);
#2997 = LINE('',#2998,#2999);
#2998 = CARTESIAN_POINT('',(222.4,-79.65,-4.6E-02));
#2999 = VECTOR('',#3000,1.);
#3000 = DIRECTION('',(0.,0.,1.));
#3001 = ORIENTED_EDGE('',*,*,#1675,.F.);
#3002 = ORIENTED_EDGE('',*,*,#3003,.F.);
#3003 = EDGE_CURVE('',#834,#1676,#3004,.T.);
#3004 = LINE('',#3005,#3006);
#3005 = CARTESIAN_POINT('',(222.4,-77.55,-4.6E-02));
#3006 = VECTOR('',#3007,1.);
#3007 = DIRECTION('',(0.,0.,1.));
#3008 = CYLINDRICAL_SURFACE('',#3009,1.05);
#3009 = AXIS2_PLACEMENT_3D('',#3010,#3011,#3012);
#3010 = CARTESIAN_POINT('',(222.4,-78.6,-4.6E-02));
#3011 = DIRECTION('',(-0.,-0.,-1.));
#3012 = DIRECTION('',(-0.,-1.,0.));
#3013 = ADVANCED_FACE('',(#3014),#3025,.T.);
#3014 = FACE_BOUND('',#3015,.T.);
#3015 = EDGE_LOOP('',(#3016,#3017,#3018,#3019));
#3016 = ORIENTED_EDGE('',*,*,#861,.T.);
#3017 = ORIENTED_EDGE('',*,*,#3003,.T.);
#3018 = ORIENTED_EDGE('',*,*,#1703,.F.);
#3019 = ORIENTED_EDGE('',*,*,#3020,.F.);
#3020 = EDGE_CURVE('',#853,#1695,#3021,.T.);
#3021 = LINE('',#3022,#3023);
#3022 = CARTESIAN_POINT('',(222.,-77.55,-4.6E-02));
#3023 = VECTOR('',#3024,1.);
#3024 = DIRECTION('',(0.,0.,1.));
#3025 = PLANE('',#3026);
#3026 = AXIS2_PLACEMENT_3D('',#3027,#3028,#3029);
#3027 = CARTESIAN_POINT('',(222.4,-77.55,-4.6E-02));
#3028 = DIRECTION('',(0.,-1.,0.));
#3029 = DIRECTION('',(-1.,0.,0.));
#3030 = ADVANCED_FACE('',(#3031),#3042,.F.);
#3031 = FACE_BOUND('',#3032,.T.);
#3032 = EDGE_LOOP('',(#3033,#3034,#3035,#3036));
#3033 = ORIENTED_EDGE('',*,*,#852,.T.);
#3034 = ORIENTED_EDGE('',*,*,#3020,.T.);
#3035 = ORIENTED_EDGE('',*,*,#1694,.F.);
#3036 = ORIENTED_EDGE('',*,*,#3037,.F.);
#3037 = EDGE_CURVE('',#845,#1687,#3038,.T.);
#3038 = LINE('',#3039,#3040);
#3039 = CARTESIAN_POINT('',(222.,-79.65,-4.6E-02));
#3040 = VECTOR('',#3041,1.);
#3041 = DIRECTION('',(0.,0.,1.));
#3042 = CYLINDRICAL_SURFACE('',#3043,1.05);
#3043 = AXIS2_PLACEMENT_3D('',#3044,#3045,#3046);
#3044 = CARTESIAN_POINT('',(222.,-78.6,-4.6E-02));
#3045 = DIRECTION('',(-0.,0.,-1.));
#3046 = DIRECTION('',(0.,1.,0.));
#3047 = ADVANCED_FACE('',(#3048),#3054,.T.);
#3048 = FACE_BOUND('',#3049,.T.);
#3049 = EDGE_LOOP('',(#3050,#3051,#3052,#3053));
#3050 = ORIENTED_EDGE('',*,*,#844,.T.);
#3051 = ORIENTED_EDGE('',*,*,#3037,.T.);
#3052 = ORIENTED_EDGE('',*,*,#1686,.F.);
#3053 = ORIENTED_EDGE('',*,*,#2996,.F.);
#3054 = PLANE('',#3055);
#3055 = AXIS2_PLACEMENT_3D('',#3056,#3057,#3058);
#3056 = CARTESIAN_POINT('',(222.,-79.65,-4.6E-02));
#3057 = DIRECTION('',(0.,1.,0.));
#3058 = DIRECTION('',(1.,0.,0.));
#3059 = ADVANCED_FACE('',(#3060),#3071,.F.);
#3060 = FACE_BOUND('',#3061,.T.);
#3061 = EDGE_LOOP('',(#3062,#3063,#3069,#3070));
#3062 = ORIENTED_EDGE('',*,*,#869,.T.);
#3063 = ORIENTED_EDGE('',*,*,#3064,.T.);
#3064 = EDGE_CURVE('',#870,#1712,#3065,.T.);
#3065 = LINE('',#3066,#3067);
#3066 = CARTESIAN_POINT('',(223.523623,-73.923708,-4.6E-02));
#3067 = VECTOR('',#3068,1.);
#3068 = DIRECTION('',(0.,0.,1.));
#3069 = ORIENTED_EDGE('',*,*,#1711,.F.);
#3070 = ORIENTED_EDGE('',*,*,#3064,.F.);
#3071 = CYLINDRICAL_SURFACE('',#3072,0.25);
#3072 = AXIS2_PLACEMENT_3D('',#3073,#3074,#3075);
#3073 = CARTESIAN_POINT('',(223.523623,-73.673708,-4.6E-02));
#3074 = DIRECTION('',(-0.,-0.,-1.));
#3075 = DIRECTION('',(-0.,-1.,0.));
#3076 = ADVANCED_FACE('',(#3077),#3088,.F.);
#3077 = FACE_BOUND('',#3078,.T.);
#3078 = EDGE_LOOP('',(#3079,#3080,#3086,#3087));
#3079 = ORIENTED_EDGE('',*,*,#880,.T.);
#3080 = ORIENTED_EDGE('',*,*,#3081,.T.);
#3081 = EDGE_CURVE('',#881,#1723,#3082,.T.);
#3082 = LINE('',#3083,#3084);
#3083 = CARTESIAN_POINT('',(221.826567,-73.220764,-4.6E-02));
#3084 = VECTOR('',#3085,1.);
#3085 = DIRECTION('',(0.,0.,1.));
#3086 = ORIENTED_EDGE('',*,*,#1722,.F.);
#3087 = ORIENTED_EDGE('',*,*,#3081,.F.);
#3088 = CYLINDRICAL_SURFACE('',#3089,0.25);
#3089 = AXIS2_PLACEMENT_3D('',#3090,#3091,#3092);
#3090 = CARTESIAN_POINT('',(221.826567,-72.970764,-4.6E-02));
#3091 = DIRECTION('',(-0.,-0.,-1.));
#3092 = DIRECTION('',(-0.,-1.,0.));
#3093 = ADVANCED_FACE('',(#3094),#3105,.F.);
#3094 = FACE_BOUND('',#3095,.T.);
#3095 = EDGE_LOOP('',(#3096,#3097,#3103,#3104));
#3096 = ORIENTED_EDGE('',*,*,#891,.T.);
#3097 = ORIENTED_EDGE('',*,*,#3098,.T.);
#3098 = EDGE_CURVE('',#892,#1734,#3099,.T.);
#3099 = LINE('',#3100,#3101);
#3100 = CARTESIAN_POINT('',(225.220679,-73.220764,-4.6E-02));
#3101 = VECTOR('',#3102,1.);
#3102 = DIRECTION('',(0.,0.,1.));
#3103 = ORIENTED_EDGE('',*,*,#1733,.F.);
#3104 = ORIENTED_EDGE('',*,*,#3098,.F.);
#3105 = CYLINDRICAL_SURFACE('',#3106,0.25);
#3106 = AXIS2_PLACEMENT_3D('',#3107,#3108,#3109);
#3107 = CARTESIAN_POINT('',(225.220679,-72.970764,-4.6E-02));
#3108 = DIRECTION('',(-0.,-0.,-1.));
#3109 = DIRECTION('',(-0.,-1.,0.));
#3110 = ADVANCED_FACE('',(#3111),#3122,.F.);
#3111 = FACE_BOUND('',#3112,.T.);
#3112 = EDGE_LOOP('',(#3113,#3114,#3120,#3121));
#3113 = ORIENTED_EDGE('',*,*,#902,.T.);
#3114 = ORIENTED_EDGE('',*,*,#3115,.T.);
#3115 = EDGE_CURVE('',#903,#1745,#3116,.T.);
#3116 = LINE('',#3117,#3118);
#3117 = CARTESIAN_POINT('',(221.123623,-71.523708,-4.6E-02));
#3118 = VECTOR('',#3119,1.);
#3119 = DIRECTION('',(0.,0.,1.));
#3120 = ORIENTED_EDGE('',*,*,#1744,.F.);
#3121 = ORIENTED_EDGE('',*,*,#3115,.F.);
#3122 = CYLINDRICAL_SURFACE('',#3123,0.25);
#3123 = AXIS2_PLACEMENT_3D('',#3124,#3125,#3126);
#3124 = CARTESIAN_POINT('',(221.123623,-71.273708,-4.6E-02));
#3125 = DIRECTION('',(-0.,-0.,-1.));
#3126 = DIRECTION('',(-0.,-1.,0.));
#3127 = ADVANCED_FACE('',(#3128),#3139,.F.);
#3128 = FACE_BOUND('',#3129,.T.);
#3129 = EDGE_LOOP('',(#3130,#3131,#3137,#3138));
#3130 = ORIENTED_EDGE('',*,*,#913,.T.);
#3131 = ORIENTED_EDGE('',*,*,#3132,.T.);
#3132 = EDGE_CURVE('',#914,#1756,#3133,.T.);
#3133 = LINE('',#3134,#3135);
#3134 = CARTESIAN_POINT('',(223.523623,-72.873708,-4.6E-02));
#3135 = VECTOR('',#3136,1.);
#3136 = DIRECTION('',(0.,0.,1.));
#3137 = ORIENTED_EDGE('',*,*,#1755,.F.);
#3138 = ORIENTED_EDGE('',*,*,#3132,.F.);
#3139 = CYLINDRICAL_SURFACE('',#3140,1.6);
#3140 = AXIS2_PLACEMENT_3D('',#3141,#3142,#3143);
#3141 = CARTESIAN_POINT('',(223.523623,-71.273708,-4.6E-02));
#3142 = DIRECTION('',(-0.,-0.,-1.));
#3143 = DIRECTION('',(-0.,-1.,0.));
#3144 = ADVANCED_FACE('',(#3145),#3156,.F.);
#3145 = FACE_BOUND('',#3146,.T.);
#3146 = EDGE_LOOP('',(#3147,#3148,#3154,#3155));
#3147 = ORIENTED_EDGE('',*,*,#924,.T.);
#3148 = ORIENTED_EDGE('',*,*,#3149,.T.);
#3149 = EDGE_CURVE('',#925,#1767,#3150,.T.);
#3150 = LINE('',#3151,#3152);
#3151 = CARTESIAN_POINT('',(225.923623,-71.523708,-4.6E-02));
#3152 = VECTOR('',#3153,1.);
#3153 = DIRECTION('',(0.,0.,1.));
#3154 = ORIENTED_EDGE('',*,*,#1766,.F.);
#3155 = ORIENTED_EDGE('',*,*,#3149,.F.);
#3156 = CYLINDRICAL_SURFACE('',#3157,0.25);
#3157 = AXIS2_PLACEMENT_3D('',#3158,#3159,#3160);
#3158 = CARTESIAN_POINT('',(225.923623,-71.273708,-4.6E-02));
#3159 = DIRECTION('',(-0.,-0.,-1.));
#3160 = DIRECTION('',(-0.,-1.,0.));
#3161 = ADVANCED_FACE('',(#3162),#3173,.F.);
#3162 = FACE_BOUND('',#3163,.T.);
#3163 = EDGE_LOOP('',(#3164,#3165,#3171,#3172));
#3164 = ORIENTED_EDGE('',*,*,#935,.T.);
#3165 = ORIENTED_EDGE('',*,*,#3166,.T.);
#3166 = EDGE_CURVE('',#936,#1778,#3167,.T.);
#3167 = LINE('',#3168,#3169);
#3168 = CARTESIAN_POINT('',(221.826567,-69.826652,-4.6E-02));
#3169 = VECTOR('',#3170,1.);
#3170 = DIRECTION('',(0.,0.,1.));
#3171 = ORIENTED_EDGE('',*,*,#1777,.F.);
#3172 = ORIENTED_EDGE('',*,*,#3166,.F.);
#3173 = CYLINDRICAL_SURFACE('',#3174,0.25);
#3174 = AXIS2_PLACEMENT_3D('',#3175,#3176,#3177);
#3175 = CARTESIAN_POINT('',(221.826567,-69.576652,-4.6E-02));
#3176 = DIRECTION('',(-0.,-0.,-1.));
#3177 = DIRECTION('',(-0.,-1.,0.));
#3178 = ADVANCED_FACE('',(#3179),#3190,.F.);
#3179 = FACE_BOUND('',#3180,.T.);
#3180 = EDGE_LOOP('',(#3181,#3182,#3188,#3189));
#3181 = ORIENTED_EDGE('',*,*,#946,.T.);
#3182 = ORIENTED_EDGE('',*,*,#3183,.T.);
#3183 = EDGE_CURVE('',#947,#1789,#3184,.T.);
#3184 = LINE('',#3185,#3186);
#3185 = CARTESIAN_POINT('',(223.523623,-69.123708,-4.6E-02));
#3186 = VECTOR('',#3187,1.);
#3187 = DIRECTION('',(0.,0.,1.));
#3188 = ORIENTED_EDGE('',*,*,#1788,.F.);
#3189 = ORIENTED_EDGE('',*,*,#3183,.F.);
#3190 = CYLINDRICAL_SURFACE('',#3191,0.25);
#3191 = AXIS2_PLACEMENT_3D('',#3192,#3193,#3194);
#3192 = CARTESIAN_POINT('',(223.523623,-68.873708,-4.6E-02));
#3193 = DIRECTION('',(-0.,-0.,-1.));
#3194 = DIRECTION('',(-0.,-1.,0.));
#3195 = ADVANCED_FACE('',(#3196),#3207,.F.);
#3196 = FACE_BOUND('',#3197,.T.);
#3197 = EDGE_LOOP('',(#3198,#3199,#3205,#3206));
#3198 = ORIENTED_EDGE('',*,*,#957,.T.);
#3199 = ORIENTED_EDGE('',*,*,#3200,.T.);
#3200 = EDGE_CURVE('',#958,#1800,#3201,.T.);
#3201 = LINE('',#3202,#3203);
#3202 = CARTESIAN_POINT('',(225.220679,-69.826652,-4.6E-02));
#3203 = VECTOR('',#3204,1.);
#3204 = DIRECTION('',(0.,0.,1.));
#3205 = ORIENTED_EDGE('',*,*,#1799,.F.);
#3206 = ORIENTED_EDGE('',*,*,#3200,.F.);
#3207 = CYLINDRICAL_SURFACE('',#3208,0.25);
#3208 = AXIS2_PLACEMENT_3D('',#3209,#3210,#3211);
#3209 = CARTESIAN_POINT('',(225.220679,-69.576652,-4.6E-02));
#3210 = DIRECTION('',(-0.,-0.,-1.));
#3211 = DIRECTION('',(-0.,-1.,0.));
#3212 = ADVANCED_FACE('',(#3213),#3224,.F.);
#3213 = FACE_BOUND('',#3214,.T.);
#3214 = EDGE_LOOP('',(#3215,#3216,#3222,#3223));
#3215 = ORIENTED_EDGE('',*,*,#968,.T.);
#3216 = ORIENTED_EDGE('',*,*,#3217,.T.);
#3217 = EDGE_CURVE('',#969,#1811,#3218,.T.);
#3218 = LINE('',#3219,#3220);
#3219 = CARTESIAN_POINT('',(198.,-62.288885,-4.6E-02));
#3220 = VECTOR('',#3221,1.);
#3221 = DIRECTION('',(0.,0.,1.));
#3222 = ORIENTED_EDGE('',*,*,#1810,.F.);
#3223 = ORIENTED_EDGE('',*,*,#3217,.F.);
#3224 = CYLINDRICAL_SURFACE('',#3225,1.6);
#3225 = AXIS2_PLACEMENT_3D('',#3226,#3227,#3228);
#3226 = CARTESIAN_POINT('',(198.,-60.688885,-4.6E-02));
#3227 = DIRECTION('',(-0.,-0.,-1.));
#3228 = DIRECTION('',(-0.,-1.,0.));
#3229 = ( GEOMETRIC_REPRESENTATION_CONTEXT(3) 
GLOBAL_UNCERTAINTY_ASSIGNED_CONTEXT((#3233)) 
GLOBAL_UNIT_ASSIGNED_CONTEXT((#3230,#3231,#3232)) REPRESENTATION_CONTEXT
('Context #1','3D Context with UNIT and UNCERTAINTY') );
#3230 = ( LENGTH_UNIT() NAMED_UNIT(*) SI_UNIT(.MILLI.,.METRE.) );
#3231 = ( NAMED_UNIT(*) PLANE_ANGLE_UNIT() SI_UNIT($,.RADIAN.) );
#3232 = ( NAMED_UNIT(*) SI_UNIT($,.STERADIAN.) SOLID_ANGLE_UNIT() );
#3233 = UNCERTAINTY_MEASURE_WITH_UNIT(LENGTH_MEASURE(1.E-07),#3230,
  'distance_accuracy_value','confusion accuracy');
#3234 = CONTEXT_DEPENDENT_SHAPE_REPRESENTATION(#3235,#3237);
#3235 = ( REPRESENTATION_RELATIONSHIP('','',#32,#10) 
REPRESENTATION_RELATIONSHIP_WITH_TRANSFORMATION(#3236) 
SHAPE_REPRESENTATION_RELATIONSHIP() );
#3236 = ITEM_DEFINED_TRANSFORMATION('','',#11,#15);
#3237 = PRODUCT_DEFINITION_SHAPE('Placement','Placement of an item',
  #3238);
#3238 = NEXT_ASSEMBLY_USAGE_OCCURRENCE('1','=>[0:1:1:2]','',#5,#27,$);
#3239 = PRODUCT_RELATED_PRODUCT_CATEGORY('part',$,(#29));
#3240 = MECHANICAL_DESIGN_GEOMETRIC_PRESENTATION_REPRESENTATION('',(
    #3241),#3229);
#3241 = STYLED_ITEM('color',(#3242),#33);
#3242 = PRESENTATION_STYLE_ASSIGNMENT((#3243));
#3243 = SURFACE_STYLE_USAGE(.BOTH.,#3244);
#3244 = SURFACE_SIDE_STYLE('',(#3245));
#3245 = SURFACE_STYLE_FILL_AREA(#3246);
#3246 = FILL_AREA_STYLE('',(#3247));
#3247 = FILL_AREA_STYLE_COLOUR('',#3248);
#3248 = COLOUR_RGB('',0.313304153717,0.484529207832,0.410020903123);
ENDSEC;
END-ISO-10303-21;
