solid OpenSCAD_Model
  facet normal 1 -0 0
    outer loop
      vertex -29.925 94.4537 10
      vertex -29.925 100.33 3
      vertex -29.925 100.33 10
    endloop
  endfacet
  facet normal 1 0 0
    outer loop
      vertex -29.925 100.33 3
      vertex -29.925 94.4537 10
      vertex -29.925 94.4537 3
    endloop
  endfacet
  facet normal 1 -0 0
    outer loop
      vertex -29.925 0 10
      vertex -29.925 10.0864 3
      vertex -29.925 10.0864 10
    endloop
  endfacet
  facet normal 1 0 0
    outer loop
      vertex -29.925 10.0864 3
      vertex -29.925 0 10
      vertex -29.925 0 3
    endloop
  endfacet
  facet normal 1 -0 0
    outer loop
      vertex -29.925 17.8536 10
      vertex -29.925 86.6863 3
      vertex -29.925 86.6863 10
    endloop
  endfacet
  facet normal 1 0 0
    outer loop
      vertex -29.925 86.6863 3
      vertex -29.925 17.8536 10
      vertex -29.925 17.8536 3
    endloop
  endfacet
  facet normal -0 0 1
    outer loop
      vertex -34.925 100.33 10
      vertex -29.925 94.4537 10
      vertex -29.925 100.33 10
    endloop
  endfacet
  facet normal 0 0 1
    outer loop
      vertex -29.925 94.4537 10
      vertex -30.16 91.7824 10
      vertex -30.0077 91.6807 10
    endloop
  endfacet
  facet normal 0 0 1
    outer loop
      vertex -29.925 94.4537 10
      vertex -30.3242 91.8634 10
      vertex -30.16 91.7824 10
    endloop
  endfacet
  facet normal 0 0 1
    outer loop
      vertex -29.925 94.4537 10
      vertex -30.4977 91.9223 10
      vertex -30.3242 91.8634 10
    endloop
  endfacet
  facet normal 0 0 1
    outer loop
      vertex -29.925 94.4537 10
      vertex -30.6773 91.958 10
      vertex -30.4977 91.9223 10
    endloop
  endfacet
  facet normal 0 0 1
    outer loop
      vertex -29.925 94.4537 10
      vertex -30.86 91.97 10
      vertex -30.6773 91.958 10
    endloop
  endfacet
  facet normal 0 0 1
    outer loop
      vertex -29.925 94.4537 10
      vertex -31.0427 91.958 10
      vertex -30.86 91.97 10
    endloop
  endfacet
  facet normal 0 0 1
    outer loop
      vertex -29.925 94.4537 10
      vertex -31.2223 91.9223 10
      vertex -31.0427 91.958 10
    endloop
  endfacet
  facet normal 0 -0 1
    outer loop
      vertex -31.7123 91.6807 10
      vertex -29.925 94.4537 10
      vertex -34.925 100.33 10
    endloop
  endfacet
  facet normal 0 0 1
    outer loop
      vertex -29.925 94.4537 10
      vertex -31.3958 91.8634 10
      vertex -31.2223 91.9223 10
    endloop
  endfacet
  facet normal 0 0 1
    outer loop
      vertex -29.925 94.4537 10
      vertex -31.56 91.7824 10
      vertex -31.3958 91.8634 10
    endloop
  endfacet
  facet normal 0 0 1
    outer loop
      vertex -29.925 94.4537 10
      vertex -31.7123 91.6807 10
      vertex -31.56 91.7824 10
    endloop
  endfacet
  facet normal 0 0 1
    outer loop
      vertex -31.7123 91.6807 10
      vertex -34.925 100.33 10
      vertex -31.8499 91.56 10
    endloop
  endfacet
  facet normal 0 0 1
    outer loop
      vertex -31.8499 91.56 10
      vertex -34.925 100.33 10
      vertex -31.9707 91.4223 10
    endloop
  endfacet
  facet normal 0 0 1
    outer loop
      vertex -31.9707 91.4223 10
      vertex -34.925 100.33 10
      vertex -32.0724 91.27 10
    endloop
  endfacet
  facet normal 0 0 1
    outer loop
      vertex -32.0724 91.27 10
      vertex -34.925 100.33 10
      vertex -32.1534 91.1058 10
    endloop
  endfacet
  facet normal 0 0 1
    outer loop
      vertex -34.925 0 10
      vertex -32.248 14.1527 10
      vertex -34.925 100.33 10
    endloop
  endfacet
  facet normal 0 0 1
    outer loop
      vertex -32.248 90.7527 10
      vertex -34.925 100.33 10
      vertex -32.26 90.57 10
    endloop
  endfacet
  facet normal 0 0 1
    outer loop
      vertex -32.2123 90.9323 10
      vertex -34.925 100.33 10
      vertex -32.248 90.7527 10
    endloop
  endfacet
  facet normal 0 0 1
    outer loop
      vertex -32.1534 91.1058 10
      vertex -34.925 100.33 10
      vertex -32.2123 90.9323 10
    endloop
  endfacet
  facet normal 0 0 1
    outer loop
      vertex -29.46 90.57 10
      vertex -26.86 90.57 10
      vertex -26.8942 91.0921 10
    endloop
  endfacet
  facet normal 0 0 1
    outer loop
      vertex -29.472 90.7527 10
      vertex -26.8942 91.0921 10
      vertex -26.9963 91.6053 10
    endloop
  endfacet
  facet normal 0 0 1
    outer loop
      vertex -26.86 90.57 10
      vertex -29.46 90.57 10
      vertex -26.8942 90.0479 10
    endloop
  endfacet
  facet normal 0 0 1
    outer loop
      vertex -29.5077 90.9323 10
      vertex -26.9963 91.6053 10
      vertex -27.1645 92.1007 10
    endloop
  endfacet
  facet normal -0 0 1
    outer loop
      vertex -29.472 90.3873 10
      vertex -26.8942 90.0479 10
      vertex -29.46 90.57 10
    endloop
  endfacet
  facet normal 0 0 1
    outer loop
      vertex -29.5666 91.1058 10
      vertex -27.1645 92.1007 10
      vertex -27.3959 92.57 10
    endloop
  endfacet
  facet normal 0 0 1
    outer loop
      vertex -26.8942 90.0479 10
      vertex -29.472 90.3873 10
      vertex -26.9963 89.5347 10
    endloop
  endfacet
  facet normal 0 0 1
    outer loop
      vertex -29.6476 91.27 10
      vertex -27.3959 92.57 10
      vertex -27.6866 93.005 10
    endloop
  endfacet
  facet normal -0 0 1
    outer loop
      vertex -29.5077 90.2077 10
      vertex -26.9963 89.5347 10
      vertex -29.472 90.3873 10
    endloop
  endfacet
  facet normal 0 0 1
    outer loop
      vertex -29.7493 91.4223 10
      vertex -27.6866 93.005 10
      vertex -28.0316 93.3984 10
    endloop
  endfacet
  facet normal 0 0 1
    outer loop
      vertex -26.9963 89.5347 10
      vertex -29.5077 90.2077 10
      vertex -27.1645 89.0393 10
    endloop
  endfacet
  facet normal 0 0 1
    outer loop
      vertex -29.8701 91.56 10
      vertex -28.0316 93.3984 10
      vertex -28.425 93.7434 10
    endloop
  endfacet
  facet normal -0 0 1
    outer loop
      vertex -29.5666 90.0342 10
      vertex -27.1645 89.0393 10
      vertex -29.5077 90.2077 10
    endloop
  endfacet
  facet normal 0 0 1
    outer loop
      vertex -30.0077 91.6807 10
      vertex -28.425 93.7434 10
      vertex -28.86 94.0341 10
    endloop
  endfacet
  facet normal 0 0 1
    outer loop
      vertex -27.1645 89.0393 10
      vertex -29.5666 90.0342 10
      vertex -27.3959 88.57 10
    endloop
  endfacet
  facet normal 0 0 1
    outer loop
      vertex -30.0077 91.6807 10
      vertex -28.86 94.0341 10
      vertex -29.3293 94.2655 10
    endloop
  endfacet
  facet normal -0 0 1
    outer loop
      vertex -29.6476 89.87 10
      vertex -27.3959 88.57 10
      vertex -29.5666 90.0342 10
    endloop
  endfacet
  facet normal 0 0 1
    outer loop
      vertex -27.3959 88.57 10
      vertex -29.6476 89.87 10
      vertex -27.6866 88.135 10
    endloop
  endfacet
  facet normal 0 0 1
    outer loop
      vertex -26.8942 91.0921 10
      vertex -29.472 90.7527 10
      vertex -29.46 90.57 10
    endloop
  endfacet
  facet normal 0 0 1
    outer loop
      vertex -26.9963 91.6053 10
      vertex -29.5077 90.9323 10
      vertex -29.472 90.7527 10
    endloop
  endfacet
  facet normal 0 0 1
    outer loop
      vertex -27.1645 92.1007 10
      vertex -29.5666 91.1058 10
      vertex -29.5077 90.9323 10
    endloop
  endfacet
  facet normal 0 0 1
    outer loop
      vertex -27.3959 92.57 10
      vertex -29.6476 91.27 10
      vertex -29.5666 91.1058 10
    endloop
  endfacet
  facet normal 0 0 1
    outer loop
      vertex -27.6866 93.005 10
      vertex -29.7493 91.4223 10
      vertex -29.6476 91.27 10
    endloop
  endfacet
  facet normal 0 0 1
    outer loop
      vertex -30.0077 91.6807 10
      vertex -29.3293 94.2655 10
      vertex -29.8247 94.4337 10
    endloop
  endfacet
  facet normal 0 0 1
    outer loop
      vertex -28.0316 93.3984 10
      vertex -29.8701 91.56 10
      vertex -29.7493 91.4223 10
    endloop
  endfacet
  facet normal 0 0 1
    outer loop
      vertex -30.0077 91.6807 10
      vertex -29.8247 94.4337 10
      vertex -29.925 94.4537 10
    endloop
  endfacet
  facet normal 0 0 1
    outer loop
      vertex -28.425 93.7434 10
      vertex -30.0077 91.6807 10
      vertex -29.8701 91.56 10
    endloop
  endfacet
  facet normal -0 0 1
    outer loop
      vertex -29.7493 89.7177 10
      vertex -27.6866 88.135 10
      vertex -29.6476 89.87 10
    endloop
  endfacet
  facet normal 0 0 1
    outer loop
      vertex -27.6866 88.135 10
      vertex -29.7493 89.7177 10
      vertex -28.0316 87.7416 10
    endloop
  endfacet
  facet normal -0 0 1
    outer loop
      vertex -29.8701 89.58 10
      vertex -28.0316 87.7416 10
      vertex -29.7493 89.7177 10
    endloop
  endfacet
  facet normal 0 0 1
    outer loop
      vertex -28.0316 87.7416 10
      vertex -29.8701 89.58 10
      vertex -28.425 87.3966 10
    endloop
  endfacet
  facet normal -0 0 1
    outer loop
      vertex -30.0077 89.4593 10
      vertex -28.425 87.3966 10
      vertex -29.8701 89.58 10
    endloop
  endfacet
  facet normal 0 0 1
    outer loop
      vertex -28.425 87.3966 10
      vertex -30.0077 89.4593 10
      vertex -28.86 87.1059 10
    endloop
  endfacet
  facet normal -0 0 1
    outer loop
      vertex -30.16 89.3576 10
      vertex -28.86 87.1059 10
      vertex -30.0077 89.4593 10
    endloop
  endfacet
  facet normal 0 0 1
    outer loop
      vertex -28.86 87.1059 10
      vertex -30.16 89.3576 10
      vertex -29.3293 86.8745 10
    endloop
  endfacet
  facet normal 0 0 1
    outer loop
      vertex -29.3293 86.8745 10
      vertex -30.3242 89.2766 10
      vertex -29.8247 86.7063 10
    endloop
  endfacet
  facet normal -0 0 1
    outer loop
      vertex -30.3242 89.2766 10
      vertex -29.3293 86.8745 10
      vertex -30.16 89.3576 10
    endloop
  endfacet
  facet normal 0 0 1
    outer loop
      vertex -29.46 13.97 10
      vertex -26.86 13.97 10
      vertex -26.8942 14.4921 10
    endloop
  endfacet
  facet normal 0 0 1
    outer loop
      vertex -29.472 14.1527 10
      vertex -26.8942 14.4921 10
      vertex -26.9963 15.0053 10
    endloop
  endfacet
  facet normal 0 0 1
    outer loop
      vertex -26.86 13.97 10
      vertex -29.46 13.97 10
      vertex -26.8942 13.4479 10
    endloop
  endfacet
  facet normal 0 0 1
    outer loop
      vertex -29.5077 14.3323 10
      vertex -26.9963 15.0053 10
      vertex -27.1645 15.5007 10
    endloop
  endfacet
  facet normal -0 0 1
    outer loop
      vertex -29.472 13.7873 10
      vertex -26.8942 13.4479 10
      vertex -29.46 13.97 10
    endloop
  endfacet
  facet normal 0 0 1
    outer loop
      vertex -29.5666 14.5058 10
      vertex -27.1645 15.5007 10
      vertex -27.3959 15.97 10
    endloop
  endfacet
  facet normal 0 0 1
    outer loop
      vertex -26.8942 13.4479 10
      vertex -29.472 13.7873 10
      vertex -26.9963 12.9347 10
    endloop
  endfacet
  facet normal 0 0 1
    outer loop
      vertex -29.6476 14.67 10
      vertex -27.3959 15.97 10
      vertex -27.6866 16.405 10
    endloop
  endfacet
  facet normal -0 0 1
    outer loop
      vertex -29.5077 13.6077 10
      vertex -26.9963 12.9347 10
      vertex -29.472 13.7873 10
    endloop
  endfacet
  facet normal 0 0 1
    outer loop
      vertex -29.7493 14.8223 10
      vertex -27.6866 16.405 10
      vertex -28.0316 16.7984 10
    endloop
  endfacet
  facet normal 0 0 1
    outer loop
      vertex -26.9963 12.9347 10
      vertex -29.5077 13.6077 10
      vertex -27.1645 12.4393 10
    endloop
  endfacet
  facet normal 0 0 1
    outer loop
      vertex -29.8701 14.9599 10
      vertex -28.0316 16.7984 10
      vertex -28.425 17.1434 10
    endloop
  endfacet
  facet normal -0 0 1
    outer loop
      vertex -29.5666 13.4342 10
      vertex -27.1645 12.4393 10
      vertex -29.5077 13.6077 10
    endloop
  endfacet
  facet normal 0 0 1
    outer loop
      vertex -30.0077 15.0807 10
      vertex -28.425 17.1434 10
      vertex -28.86 17.4341 10
    endloop
  endfacet
  facet normal 0 0 1
    outer loop
      vertex -27.1645 12.4393 10
      vertex -29.5666 13.4342 10
      vertex -27.3959 11.97 10
    endloop
  endfacet
  facet normal 0 0 1
    outer loop
      vertex -30.16 15.1824 10
      vertex -28.86 17.4341 10
      vertex -29.3293 17.6655 10
    endloop
  endfacet
  facet normal -0 0 1
    outer loop
      vertex -29.6476 13.27 10
      vertex -27.3959 11.97 10
      vertex -29.5666 13.4342 10
    endloop
  endfacet
  facet normal 0 0 1
    outer loop
      vertex -27.3959 11.97 10
      vertex -29.6476 13.27 10
      vertex -27.6866 11.535 10
    endloop
  endfacet
  facet normal 0 0 1
    outer loop
      vertex -26.8942 14.4921 10
      vertex -29.472 14.1527 10
      vertex -29.46 13.97 10
    endloop
  endfacet
  facet normal 0 0 1
    outer loop
      vertex -26.9963 15.0053 10
      vertex -29.5077 14.3323 10
      vertex -29.472 14.1527 10
    endloop
  endfacet
  facet normal 0 0 1
    outer loop
      vertex -27.1645 15.5007 10
      vertex -29.5666 14.5058 10
      vertex -29.5077 14.3323 10
    endloop
  endfacet
  facet normal 0 0 1
    outer loop
      vertex -27.3959 15.97 10
      vertex -29.6476 14.67 10
      vertex -29.5666 14.5058 10
    endloop
  endfacet
  facet normal 0 0 1
    outer loop
      vertex -27.6866 16.405 10
      vertex -29.7493 14.8223 10
      vertex -29.6476 14.67 10
    endloop
  endfacet
  facet normal 0 0 1
    outer loop
      vertex -30.3242 15.2634 10
      vertex -29.3293 17.6655 10
      vertex -29.8247 17.8337 10
    endloop
  endfacet
  facet normal 0 0 1
    outer loop
      vertex -28.0316 16.7984 10
      vertex -29.8701 14.9599 10
      vertex -29.7493 14.8223 10
    endloop
  endfacet
  facet normal 0 0 1
    outer loop
      vertex -30.4977 15.3223 10
      vertex -29.8247 17.8337 10
      vertex -29.925 17.8536 10
    endloop
  endfacet
  facet normal 0 0 1
    outer loop
      vertex -28.425 17.1434 10
      vertex -30.0077 15.0807 10
      vertex -29.8701 14.9599 10
    endloop
  endfacet
  facet normal -0 0 1
    outer loop
      vertex -30.4977 89.2177 10
      vertex -29.8247 86.7063 10
      vertex -30.3242 89.2766 10
    endloop
  endfacet
  facet normal 0 0 1
    outer loop
      vertex -29.8247 86.7063 10
      vertex -30.4977 89.2177 10
      vertex -29.925 86.6863 10
    endloop
  endfacet
  facet normal 0 0 1
    outer loop
      vertex -28.86 17.4341 10
      vertex -30.16 15.1824 10
      vertex -30.0077 15.0807 10
    endloop
  endfacet
  facet normal -0 0 1
    outer loop
      vertex -30.6773 89.182 10
      vertex -29.925 86.6863 10
      vertex -30.4977 89.2177 10
    endloop
  endfacet
  facet normal 0 0 1
    outer loop
      vertex -29.3293 17.6655 10
      vertex -30.3242 15.2634 10
      vertex -30.16 15.1824 10
    endloop
  endfacet
  facet normal -0 0 1
    outer loop
      vertex -30.86 89.17 10
      vertex -29.925 86.6863 10
      vertex -30.6773 89.182 10
    endloop
  endfacet
  facet normal 0 0 1
    outer loop
      vertex -29.8247 17.8337 10
      vertex -30.4977 15.3223 10
      vertex -30.3242 15.2634 10
    endloop
  endfacet
  facet normal 0 0 1
    outer loop
      vertex -31.0427 89.182 10
      vertex -29.925 86.6863 10
      vertex -30.86 89.17 10
    endloop
  endfacet
  facet normal 0 0 1
    outer loop
      vertex -29.925 17.8536 10
      vertex -30.6773 15.358 10
      vertex -30.4977 15.3223 10
    endloop
  endfacet
  facet normal 0 0 1
    outer loop
      vertex -31.2223 89.2177 10
      vertex -29.925 86.6863 10
      vertex -31.0427 89.182 10
    endloop
  endfacet
  facet normal 0 0 1
    outer loop
      vertex -29.925 17.8536 10
      vertex -30.86 15.37 10
      vertex -30.6773 15.358 10
    endloop
  endfacet
  facet normal 0 0 1
    outer loop
      vertex -31.3958 89.2766 10
      vertex -29.925 86.6863 10
      vertex -31.2223 89.2177 10
    endloop
  endfacet
  facet normal 0 0 1
    outer loop
      vertex -29.925 17.8536 10
      vertex -31.0427 15.358 10
      vertex -30.86 15.37 10
    endloop
  endfacet
  facet normal 0 0 1
    outer loop
      vertex -31.56 89.3576 10
      vertex -29.925 86.6863 10
      vertex -31.3958 89.2766 10
    endloop
  endfacet
  facet normal 0 0 1
    outer loop
      vertex -29.925 17.8536 10
      vertex -31.2223 15.3223 10
      vertex -31.0427 15.358 10
    endloop
  endfacet
  facet normal 0 0 1
    outer loop
      vertex -31.7123 89.4593 10
      vertex -29.925 86.6863 10
      vertex -31.56 89.3576 10
    endloop
  endfacet
  facet normal 0 0 1
    outer loop
      vertex -29.925 17.8536 10
      vertex -31.3958 15.2634 10
      vertex -31.2223 15.3223 10
    endloop
  endfacet
  facet normal 0 0 1
    outer loop
      vertex -31.8499 89.58 10
      vertex -29.925 86.6863 10
      vertex -31.7123 89.4593 10
    endloop
  endfacet
  facet normal 0 0 1
    outer loop
      vertex -29.925 17.8536 10
      vertex -31.56 15.1824 10
      vertex -31.3958 15.2634 10
    endloop
  endfacet
  facet normal 0 0 1
    outer loop
      vertex -31.9707 89.7177 10
      vertex -29.925 86.6863 10
      vertex -31.8499 89.58 10
    endloop
  endfacet
  facet normal 0 0 1
    outer loop
      vertex -29.925 17.8536 10
      vertex -31.7123 15.0807 10
      vertex -31.56 15.1824 10
    endloop
  endfacet
  facet normal 0 0 1
    outer loop
      vertex -29.925 86.6863 10
      vertex -31.9707 89.7177 10
      vertex -29.925 17.8536 10
    endloop
  endfacet
  facet normal 0 0 1
    outer loop
      vertex -29.925 17.8536 10
      vertex -31.8499 14.9599 10
      vertex -31.7123 15.0807 10
    endloop
  endfacet
  facet normal 0 0 1
    outer loop
      vertex -31.9707 14.8223 10
      vertex -29.925 17.8536 10
      vertex -31.9707 89.7177 10
    endloop
  endfacet
  facet normal 0 0 1
    outer loop
      vertex -29.925 17.8536 10
      vertex -31.9707 14.8223 10
      vertex -31.8499 14.9599 10
    endloop
  endfacet
  facet normal 0 0 1
    outer loop
      vertex -32.0724 89.87 10
      vertex -31.9707 14.8223 10
      vertex -31.9707 89.7177 10
    endloop
  endfacet
  facet normal 0 0 1
    outer loop
      vertex -32.0724 89.87 10
      vertex -32.0724 14.67 10
      vertex -31.9707 14.8223 10
    endloop
  endfacet
  facet normal 0 0 1
    outer loop
      vertex -32.1534 90.0342 10
      vertex -32.0724 14.67 10
      vertex -32.0724 89.87 10
    endloop
  endfacet
  facet normal 0 0 1
    outer loop
      vertex -32.1534 90.0342 10
      vertex -32.1534 14.5058 10
      vertex -32.0724 14.67 10
    endloop
  endfacet
  facet normal 0 0 1
    outer loop
      vertex -32.2123 90.2077 10
      vertex -32.1534 14.5058 10
      vertex -32.1534 90.0342 10
    endloop
  endfacet
  facet normal 0 0 1
    outer loop
      vertex -32.2123 90.2077 10
      vertex -32.2123 14.3323 10
      vertex -32.1534 14.5058 10
    endloop
  endfacet
  facet normal 0 0 1
    outer loop
      vertex -34.925 100.33 10
      vertex -32.2123 90.2077 10
      vertex -32.248 90.3873 10
    endloop
  endfacet
  facet normal 0 0 1
    outer loop
      vertex -32.2123 90.2077 10
      vertex -34.925 100.33 10
      vertex -32.2123 14.3323 10
    endloop
  endfacet
  facet normal 0 0 1
    outer loop
      vertex -34.925 100.33 10
      vertex -32.248 90.3873 10
      vertex -32.26 90.57 10
    endloop
  endfacet
  facet normal 0 0 1
    outer loop
      vertex -32.2123 14.3323 10
      vertex -34.925 100.33 10
      vertex -32.248 14.1527 10
    endloop
  endfacet
  facet normal -0 0 1
    outer loop
      vertex -29.7493 13.1177 10
      vertex -27.6866 11.535 10
      vertex -29.6476 13.27 10
    endloop
  endfacet
  facet normal 0 0 1
    outer loop
      vertex -27.6866 11.535 10
      vertex -29.7493 13.1177 10
      vertex -28.0316 11.1416 10
    endloop
  endfacet
  facet normal -0 0 1
    outer loop
      vertex -29.8701 12.9801 10
      vertex -28.0316 11.1416 10
      vertex -29.7493 13.1177 10
    endloop
  endfacet
  facet normal 0 0 1
    outer loop
      vertex -28.0316 11.1416 10
      vertex -29.8701 12.9801 10
      vertex -28.425 10.7966 10
    endloop
  endfacet
  facet normal -0 0 1
    outer loop
      vertex -30.0077 12.8593 10
      vertex -28.425 10.7966 10
      vertex -29.8701 12.9801 10
    endloop
  endfacet
  facet normal 0 0 1
    outer loop
      vertex -28.425 10.7966 10
      vertex -30.0077 12.8593 10
      vertex -28.86 10.5059 10
    endloop
  endfacet
  facet normal -0 0 1
    outer loop
      vertex -30.16 12.7576 10
      vertex -28.86 10.5059 10
      vertex -30.0077 12.8593 10
    endloop
  endfacet
  facet normal 0 0 1
    outer loop
      vertex -28.86 10.5059 10
      vertex -30.16 12.7576 10
      vertex -29.3293 10.2745 10
    endloop
  endfacet
  facet normal -0 0 1
    outer loop
      vertex -30.3242 12.6766 10
      vertex -29.3293 10.2745 10
      vertex -30.16 12.7576 10
    endloop
  endfacet
  facet normal 0 0 1
    outer loop
      vertex -29.3293 10.2745 10
      vertex -30.3242 12.6766 10
      vertex -29.8247 10.1063 10
    endloop
  endfacet
  facet normal -0 0 1
    outer loop
      vertex -30.4977 12.6177 10
      vertex -29.8247 10.1063 10
      vertex -30.3242 12.6766 10
    endloop
  endfacet
  facet normal 0 0 1
    outer loop
      vertex -29.8247 10.1063 10
      vertex -30.4977 12.6177 10
      vertex -29.925 10.0864 10
    endloop
  endfacet
  facet normal -0 0 1
    outer loop
      vertex -30.6773 12.582 10
      vertex -29.925 10.0864 10
      vertex -30.4977 12.6177 10
    endloop
  endfacet
  facet normal -0 0 1
    outer loop
      vertex -30.86 12.57 10
      vertex -29.925 10.0864 10
      vertex -30.6773 12.582 10
    endloop
  endfacet
  facet normal 0 0 1
    outer loop
      vertex -31.0427 12.582 10
      vertex -29.925 10.0864 10
      vertex -30.86 12.57 10
    endloop
  endfacet
  facet normal 0 0 1
    outer loop
      vertex -31.2223 12.6177 10
      vertex -29.925 10.0864 10
      vertex -31.0427 12.582 10
    endloop
  endfacet
  facet normal 0 0 1
    outer loop
      vertex -31.3958 12.6766 10
      vertex -29.925 10.0864 10
      vertex -31.2223 12.6177 10
    endloop
  endfacet
  facet normal 0 0 1
    outer loop
      vertex -31.56 12.7576 10
      vertex -29.925 10.0864 10
      vertex -31.3958 12.6766 10
    endloop
  endfacet
  facet normal 0 0 1
    outer loop
      vertex -31.7123 12.8593 10
      vertex -29.925 10.0864 10
      vertex -31.56 12.7576 10
    endloop
  endfacet
  facet normal 0 0 1
    outer loop
      vertex -31.8499 12.9801 10
      vertex -29.925 10.0864 10
      vertex -31.7123 12.8593 10
    endloop
  endfacet
  facet normal 0 0 1
    outer loop
      vertex -29.925 10.0864 10
      vertex -31.8499 12.9801 10
      vertex -34.925 0 10
    endloop
  endfacet
  facet normal 0 0 1
    outer loop
      vertex -34.925 0 10
      vertex -31.8499 12.9801 10
      vertex -31.9707 13.1177 10
    endloop
  endfacet
  facet normal 0 0 1
    outer loop
      vertex -34.925 0 10
      vertex -31.9707 13.1177 10
      vertex -32.0724 13.27 10
    endloop
  endfacet
  facet normal 0 0 1
    outer loop
      vertex -34.925 0 10
      vertex -32.0724 13.27 10
      vertex -32.1534 13.4342 10
    endloop
  endfacet
  facet normal 0 0 1
    outer loop
      vertex -34.925 0 10
      vertex -32.1534 13.4342 10
      vertex -32.2123 13.6077 10
    endloop
  endfacet
  facet normal 0 0 1
    outer loop
      vertex -34.925 0 10
      vertex -32.2123 13.6077 10
      vertex -32.248 13.7873 10
    endloop
  endfacet
  facet normal 0 0 1
    outer loop
      vertex -29.925 10.0864 10
      vertex -34.925 0 10
      vertex -29.925 0 10
    endloop
  endfacet
  facet normal 0 0 1
    outer loop
      vertex -32.26 13.97 10
      vertex -34.925 0 10
      vertex -32.248 13.7873 10
    endloop
  endfacet
  facet normal 0 0 1
    outer loop
      vertex -32.248 14.1527 10
      vertex -34.925 0 10
      vertex -32.26 13.97 10
    endloop
  endfacet
  facet normal 0 0 -1
    outer loop
      vertex 24.3467 79.1647 0
      vertex 34.925 100.33 0
      vertex 24.4615 78.5874 0
    endloop
  endfacet
  facet normal 0 0 -1
    outer loop
      vertex 34.925 100.33 0
      vertex 24.4615 88.9126 0
      vertex 24.5 89.5 0
    endloop
  endfacet
  facet normal 0 0 -1
    outer loop
      vertex 24.3467 88.3353 0
      vertex 34.925 100.33 0
      vertex 24.3467 79.1647 0
    endloop
  endfacet
  facet normal 0 0 -1
    outer loop
      vertex 34.925 100.33 0
      vertex 24.3467 88.3353 0
      vertex 24.4615 88.9126 0
    endloop
  endfacet
  facet normal 0 0 -1
    outer loop
      vertex 24.1575 79.7221 0
      vertex 24.3467 88.3353 0
      vertex 24.3467 79.1647 0
    endloop
  endfacet
  facet normal 0 0 -1
    outer loop
      vertex 24.1575 79.7221 0
      vertex 24.1575 87.7779 0
      vertex 24.3467 88.3353 0
    endloop
  endfacet
  facet normal 0 0 -1
    outer loop
      vertex 23.8971 80.25 0
      vertex 24.1575 87.7779 0
      vertex 24.1575 79.7221 0
    endloop
  endfacet
  facet normal 0 0 -1
    outer loop
      vertex 23.8971 80.25 0
      vertex 23.8971 87.25 0
      vertex 24.1575 87.7779 0
    endloop
  endfacet
  facet normal 0 0 -1
    outer loop
      vertex 23.5701 80.7394 0
      vertex 23.8971 87.25 0
      vertex 23.8971 80.25 0
    endloop
  endfacet
  facet normal 0 0 -1
    outer loop
      vertex 23.5701 80.7394 0
      vertex 23.5701 86.7606 0
      vertex 23.8971 87.25 0
    endloop
  endfacet
  facet normal 0 0 -1
    outer loop
      vertex 23.182 81.182 0
      vertex 23.5701 86.7606 0
      vertex 23.5701 80.7394 0
    endloop
  endfacet
  facet normal 0 0 -1
    outer loop
      vertex 23.182 81.182 0
      vertex 23.182 86.318 0
      vertex 23.5701 86.7606 0
    endloop
  endfacet
  facet normal 0 0 -1
    outer loop
      vertex 22.7394 81.5701 0
      vertex 23.182 86.318 0
      vertex 23.182 81.182 0
    endloop
  endfacet
  facet normal 0 0 -1
    outer loop
      vertex 22.7394 81.5701 0
      vertex 22.7394 85.9299 0
      vertex 23.182 86.318 0
    endloop
  endfacet
  facet normal 0 0 -1
    outer loop
      vertex 22.25 81.8971 0
      vertex 22.7394 85.9299 0
      vertex 22.7394 81.5701 0
    endloop
  endfacet
  facet normal 0 0 -1
    outer loop
      vertex 22.25 81.8971 0
      vertex 22.25 85.6029 0
      vertex 22.7394 85.9299 0
    endloop
  endfacet
  facet normal 0 0 -1
    outer loop
      vertex 21.7221 82.1575 0
      vertex 22.25 85.6029 0
      vertex 22.25 81.8971 0
    endloop
  endfacet
  facet normal 0 0 -1
    outer loop
      vertex 21.7221 82.1575 0
      vertex 21.7221 85.3425 0
      vertex 22.25 85.6029 0
    endloop
  endfacet
  facet normal 0 0 -1
    outer loop
      vertex 21.1647 82.3467 0
      vertex 21.7221 85.3425 0
      vertex 21.7221 82.1575 0
    endloop
  endfacet
  facet normal 0 0 -1
    outer loop
      vertex 21.1647 82.3467 0
      vertex 21.1647 85.1533 0
      vertex 21.7221 85.3425 0
    endloop
  endfacet
  facet normal 0 0 -1
    outer loop
      vertex 20.5874 82.4615 0
      vertex 21.1647 85.1533 0
      vertex 21.1647 82.3467 0
    endloop
  endfacet
  facet normal 0 0 -1
    outer loop
      vertex 20.5874 82.4615 0
      vertex 20.5874 85.0385 0
      vertex 21.1647 85.1533 0
    endloop
  endfacet
  facet normal 0 0 -1
    outer loop
      vertex 20 82.5 0
      vertex 20.5874 85.0385 0
      vertex 20.5874 82.4615 0
    endloop
  endfacet
  facet normal 0 0 -1
    outer loop
      vertex 20 82.5 0
      vertex 20 85 0
      vertex 20.5874 85.0385 0
    endloop
  endfacet
  facet normal 0 0 -1
    outer loop
      vertex -20 82.5 0
      vertex 20 85 0
      vertex 20 82.5 0
    endloop
  endfacet
  facet normal 0 0 -1
    outer loop
      vertex -20 82.5 0
      vertex -20 85 0
      vertex 20 85 0
    endloop
  endfacet
  facet normal 0 0 -1
    outer loop
      vertex -20.5874 82.4615 0
      vertex -20 85 0
      vertex -20 82.5 0
    endloop
  endfacet
  facet normal 0 0 -1
    outer loop
      vertex -20.5874 82.4615 0
      vertex -20.5874 85.0385 0
      vertex -20 85 0
    endloop
  endfacet
  facet normal 0 0 -1
    outer loop
      vertex -21.1647 82.3467 0
      vertex -20.5874 85.0385 0
      vertex -20.5874 82.4615 0
    endloop
  endfacet
  facet normal 0 0 -1
    outer loop
      vertex -21.1647 82.3467 0
      vertex -21.1647 85.1533 0
      vertex -20.5874 85.0385 0
    endloop
  endfacet
  facet normal 0 0 -1
    outer loop
      vertex -21.7221 82.1575 0
      vertex -21.1647 85.1533 0
      vertex -21.1647 82.3467 0
    endloop
  endfacet
  facet normal 0 0 -1
    outer loop
      vertex -21.7221 82.1575 0
      vertex -21.7221 85.3425 0
      vertex -21.1647 85.1533 0
    endloop
  endfacet
  facet normal 0 0 -1
    outer loop
      vertex -22.25 81.8971 0
      vertex -21.7221 85.3425 0
      vertex -21.7221 82.1575 0
    endloop
  endfacet
  facet normal 0 0 -1
    outer loop
      vertex -22.25 81.8971 0
      vertex -22.25 85.6029 0
      vertex -21.7221 85.3425 0
    endloop
  endfacet
  facet normal 0 0 -1
    outer loop
      vertex -22.7394 81.5701 0
      vertex -22.25 85.6029 0
      vertex -22.25 81.8971 0
    endloop
  endfacet
  facet normal 0 0 -1
    outer loop
      vertex -22.7394 81.5701 0
      vertex -22.7394 85.9299 0
      vertex -22.25 85.6029 0
    endloop
  endfacet
  facet normal 0 0 -1
    outer loop
      vertex -23.182 81.182 0
      vertex -22.7394 85.9299 0
      vertex -22.7394 81.5701 0
    endloop
  endfacet
  facet normal 0 0 -1
    outer loop
      vertex -23.182 81.182 0
      vertex -23.182 86.318 0
      vertex -22.7394 85.9299 0
    endloop
  endfacet
  facet normal 0 0 -1
    outer loop
      vertex -23.5701 80.7394 0
      vertex -23.182 86.318 0
      vertex -23.182 81.182 0
    endloop
  endfacet
  facet normal 0 0 -1
    outer loop
      vertex -23.5701 80.7394 0
      vertex -23.5701 86.7606 0
      vertex -23.182 86.318 0
    endloop
  endfacet
  facet normal 0 0 -1
    outer loop
      vertex -23.8971 80.25 0
      vertex -23.5701 86.7606 0
      vertex -23.5701 80.7394 0
    endloop
  endfacet
  facet normal 0 0 -1
    outer loop
      vertex -23.8971 80.25 0
      vertex -23.8971 87.25 0
      vertex -23.5701 86.7606 0
    endloop
  endfacet
  facet normal 0 0 -1
    outer loop
      vertex -24.1575 79.7221 0
      vertex -23.8971 87.25 0
      vertex -23.8971 80.25 0
    endloop
  endfacet
  facet normal 0 0 -1
    outer loop
      vertex -24.1575 79.7221 0
      vertex -24.1575 87.7779 0
      vertex -23.8971 87.25 0
    endloop
  endfacet
  facet normal 0 0 -1
    outer loop
      vertex -24.3467 79.1647 0
      vertex -24.1575 87.7779 0
      vertex -24.1575 79.7221 0
    endloop
  endfacet
  facet normal 0 0 -1
    outer loop
      vertex -24.3467 79.1647 0
      vertex -24.3467 88.3353 0
      vertex -24.1575 87.7779 0
    endloop
  endfacet
  facet normal 0 0 -1
    outer loop
      vertex -34.925 100.33 0
      vertex -24.3467 79.1647 0
      vertex -24.4615 78.5874 0
    endloop
  endfacet
  facet normal 0 0 -1
    outer loop
      vertex -24.3467 79.1647 0
      vertex -34.925 100.33 0
      vertex -24.3467 88.3353 0
    endloop
  endfacet
  facet normal 0 0 -1
    outer loop
      vertex -34.925 100.33 0
      vertex -24.4615 78.5874 0
      vertex -24.5 78 0
    endloop
  endfacet
  facet normal 0 0 -1
    outer loop
      vertex -24.3467 88.3353 0
      vertex -34.925 100.33 0
      vertex -24.4615 88.9126 0
    endloop
  endfacet
  facet normal 0 0 -1
    outer loop
      vertex 24.4615 77.4126 0
      vertex 34.925 100.33 0
      vertex 24.4615 67.0874 0
    endloop
  endfacet
  facet normal 0 0 -1
    outer loop
      vertex 34.925 100.33 0
      vertex 24.4615 77.4126 0
      vertex 24.5 78 0
    endloop
  endfacet
  facet normal 0 0 -1
    outer loop
      vertex 24.3467 67.6647 0
      vertex 24.4615 77.4126 0
      vertex 24.4615 67.0874 0
    endloop
  endfacet
  facet normal 0 0 -1
    outer loop
      vertex 24.3467 67.6647 0
      vertex 24.3467 76.8353 0
      vertex 24.4615 77.4126 0
    endloop
  endfacet
  facet normal 0 0 -1
    outer loop
      vertex 24.1575 68.2221 0
      vertex 24.3467 76.8353 0
      vertex 24.3467 67.6647 0
    endloop
  endfacet
  facet normal 0 0 -1
    outer loop
      vertex 24.1575 68.2221 0
      vertex 24.1575 76.2779 0
      vertex 24.3467 76.8353 0
    endloop
  endfacet
  facet normal 0 0 -1
    outer loop
      vertex 23.8971 68.75 0
      vertex 24.1575 76.2779 0
      vertex 24.1575 68.2221 0
    endloop
  endfacet
  facet normal 0 0 -1
    outer loop
      vertex 23.8971 68.75 0
      vertex 23.8971 75.75 0
      vertex 24.1575 76.2779 0
    endloop
  endfacet
  facet normal 0 0 -1
    outer loop
      vertex 23.5701 69.2394 0
      vertex 23.8971 75.75 0
      vertex 23.8971 68.75 0
    endloop
  endfacet
  facet normal 0 0 -1
    outer loop
      vertex 23.5701 69.2394 0
      vertex 23.5701 75.2606 0
      vertex 23.8971 75.75 0
    endloop
  endfacet
  facet normal 0 0 -1
    outer loop
      vertex 23.182 69.682 0
      vertex 23.5701 75.2606 0
      vertex 23.5701 69.2394 0
    endloop
  endfacet
  facet normal 0 0 -1
    outer loop
      vertex 23.182 69.682 0
      vertex 23.182 74.818 0
      vertex 23.5701 75.2606 0
    endloop
  endfacet
  facet normal 0 0 -1
    outer loop
      vertex 22.7394 70.0701 0
      vertex 23.182 74.818 0
      vertex 23.182 69.682 0
    endloop
  endfacet
  facet normal 0 0 -1
    outer loop
      vertex 22.7394 70.0701 0
      vertex 22.7394 74.4299 0
      vertex 23.182 74.818 0
    endloop
  endfacet
  facet normal 0 0 -1
    outer loop
      vertex 22.25 70.3971 0
      vertex 22.7394 74.4299 0
      vertex 22.7394 70.0701 0
    endloop
  endfacet
  facet normal 0 0 -1
    outer loop
      vertex 22.25 70.3971 0
      vertex 22.25 74.1029 0
      vertex 22.7394 74.4299 0
    endloop
  endfacet
  facet normal 0 0 -1
    outer loop
      vertex 21.7221 70.6575 0
      vertex 22.25 74.1029 0
      vertex 22.25 70.3971 0
    endloop
  endfacet
  facet normal 0 0 -1
    outer loop
      vertex 21.7221 70.6575 0
      vertex 21.7221 73.8425 0
      vertex 22.25 74.1029 0
    endloop
  endfacet
  facet normal 0 0 -1
    outer loop
      vertex 21.1647 70.8467 0
      vertex 21.7221 73.8425 0
      vertex 21.7221 70.6575 0
    endloop
  endfacet
  facet normal 0 0 -1
    outer loop
      vertex 21.1647 70.8467 0
      vertex 21.1647 73.6533 0
      vertex 21.7221 73.8425 0
    endloop
  endfacet
  facet normal 0 0 -1
    outer loop
      vertex 20.5874 70.9615 0
      vertex 21.1647 73.6533 0
      vertex 21.1647 70.8467 0
    endloop
  endfacet
  facet normal 0 0 -1
    outer loop
      vertex 20.5874 70.9615 0
      vertex 20.5874 73.5385 0
      vertex 21.1647 73.6533 0
    endloop
  endfacet
  facet normal 0 0 -1
    outer loop
      vertex 20 71 0
      vertex 20.5874 73.5385 0
      vertex 20.5874 70.9615 0
    endloop
  endfacet
  facet normal 0 0 -1
    outer loop
      vertex 20 71 0
      vertex 20 73.5 0
      vertex 20.5874 73.5385 0
    endloop
  endfacet
  facet normal 0 0 -1
    outer loop
      vertex -20 71 0
      vertex 20 73.5 0
      vertex 20 71 0
    endloop
  endfacet
  facet normal 0 0 -1
    outer loop
      vertex -20 71 0
      vertex -20 73.5 0
      vertex 20 73.5 0
    endloop
  endfacet
  facet normal 0 0 -1
    outer loop
      vertex -20.5874 70.9615 0
      vertex -20 73.5 0
      vertex -20 71 0
    endloop
  endfacet
  facet normal 0 0 -1
    outer loop
      vertex -20.5874 70.9615 0
      vertex -20.5874 73.5385 0
      vertex -20 73.5 0
    endloop
  endfacet
  facet normal 0 0 -1
    outer loop
      vertex -21.1647 70.8467 0
      vertex -20.5874 73.5385 0
      vertex -20.5874 70.9615 0
    endloop
  endfacet
  facet normal 0 0 -1
    outer loop
      vertex -21.1647 70.8467 0
      vertex -21.1647 73.6533 0
      vertex -20.5874 73.5385 0
    endloop
  endfacet
  facet normal 0 0 -1
    outer loop
      vertex -21.7221 70.6575 0
      vertex -21.1647 73.6533 0
      vertex -21.1647 70.8467 0
    endloop
  endfacet
  facet normal 0 0 -1
    outer loop
      vertex -21.7221 70.6575 0
      vertex -21.7221 73.8425 0
      vertex -21.1647 73.6533 0
    endloop
  endfacet
  facet normal 0 0 -1
    outer loop
      vertex -22.25 70.3971 0
      vertex -21.7221 73.8425 0
      vertex -21.7221 70.6575 0
    endloop
  endfacet
  facet normal 0 0 -1
    outer loop
      vertex -22.25 70.3971 0
      vertex -22.25 74.1029 0
      vertex -21.7221 73.8425 0
    endloop
  endfacet
  facet normal 0 0 -1
    outer loop
      vertex -22.7394 70.0701 0
      vertex -22.25 74.1029 0
      vertex -22.25 70.3971 0
    endloop
  endfacet
  facet normal 0 0 -1
    outer loop
      vertex -22.7394 70.0701 0
      vertex -22.7394 74.4299 0
      vertex -22.25 74.1029 0
    endloop
  endfacet
  facet normal 0 0 -1
    outer loop
      vertex -23.182 69.682 0
      vertex -22.7394 74.4299 0
      vertex -22.7394 70.0701 0
    endloop
  endfacet
  facet normal 0 0 -1
    outer loop
      vertex -23.182 69.682 0
      vertex -23.182 74.818 0
      vertex -22.7394 74.4299 0
    endloop
  endfacet
  facet normal 0 0 -1
    outer loop
      vertex -23.5701 69.2394 0
      vertex -23.182 74.818 0
      vertex -23.182 69.682 0
    endloop
  endfacet
  facet normal 0 0 -1
    outer loop
      vertex -23.5701 69.2394 0
      vertex -23.5701 75.2606 0
      vertex -23.182 74.818 0
    endloop
  endfacet
  facet normal 0 0 -1
    outer loop
      vertex -23.8971 68.75 0
      vertex -23.5701 75.2606 0
      vertex -23.5701 69.2394 0
    endloop
  endfacet
  facet normal 0 0 -1
    outer loop
      vertex -23.8971 68.75 0
      vertex -23.8971 75.75 0
      vertex -23.5701 75.2606 0
    endloop
  endfacet
  facet normal 0 0 -1
    outer loop
      vertex -24.1575 68.2221 0
      vertex -23.8971 75.75 0
      vertex -23.8971 68.75 0
    endloop
  endfacet
  facet normal 0 0 -1
    outer loop
      vertex -24.1575 68.2221 0
      vertex -24.1575 76.2779 0
      vertex -23.8971 75.75 0
    endloop
  endfacet
  facet normal 0 0 -1
    outer loop
      vertex -24.3467 67.6647 0
      vertex -24.1575 76.2779 0
      vertex -24.1575 68.2221 0
    endloop
  endfacet
  facet normal 0 0 -1
    outer loop
      vertex -24.3467 67.6647 0
      vertex -24.3467 76.8353 0
      vertex -24.1575 76.2779 0
    endloop
  endfacet
  facet normal 0 0 -1
    outer loop
      vertex -24.4615 67.0874 0
      vertex -24.3467 76.8353 0
      vertex -24.3467 67.6647 0
    endloop
  endfacet
  facet normal 0 0 -1
    outer loop
      vertex -24.4615 67.0874 0
      vertex -24.4615 77.4126 0
      vertex -24.3467 76.8353 0
    endloop
  endfacet
  facet normal 0 0 -1
    outer loop
      vertex -34.925 100.33 0
      vertex -24.4615 67.0874 0
      vertex -24.5 66.5 0
    endloop
  endfacet
  facet normal 0 0 -1
    outer loop
      vertex -24.4615 67.0874 0
      vertex -34.925 100.33 0
      vertex -24.4615 77.4126 0
    endloop
  endfacet
  facet normal 0 0 -1
    outer loop
      vertex 24.4615 55.5874 0
      vertex 24.5 66.5 0
      vertex 24.5 55 0
    endloop
  endfacet
  facet normal 0 0 -1
    outer loop
      vertex 24.4615 55.5874 0
      vertex 24.4615 65.9126 0
      vertex 24.5 66.5 0
    endloop
  endfacet
  facet normal 0 0 -1
    outer loop
      vertex 24.3467 56.1647 0
      vertex 24.4615 65.9126 0
      vertex 24.4615 55.5874 0
    endloop
  endfacet
  facet normal 0 0 -1
    outer loop
      vertex 24.3467 56.1647 0
      vertex 24.3467 65.3353 0
      vertex 24.4615 65.9126 0
    endloop
  endfacet
  facet normal 0 0 -1
    outer loop
      vertex 24.1575 56.7221 0
      vertex 24.3467 65.3353 0
      vertex 24.3467 56.1647 0
    endloop
  endfacet
  facet normal 0 0 -1
    outer loop
      vertex 24.1575 56.7221 0
      vertex 24.1575 64.7779 0
      vertex 24.3467 65.3353 0
    endloop
  endfacet
  facet normal 0 0 -1
    outer loop
      vertex 23.8971 57.25 0
      vertex 24.1575 64.7779 0
      vertex 24.1575 56.7221 0
    endloop
  endfacet
  facet normal 0 0 -1
    outer loop
      vertex 23.8971 57.25 0
      vertex 23.8971 64.25 0
      vertex 24.1575 64.7779 0
    endloop
  endfacet
  facet normal 0 0 -1
    outer loop
      vertex 23.5701 57.7394 0
      vertex 23.8971 64.25 0
      vertex 23.8971 57.25 0
    endloop
  endfacet
  facet normal 0 0 -1
    outer loop
      vertex 23.5701 57.7394 0
      vertex 23.5701 63.7606 0
      vertex 23.8971 64.25 0
    endloop
  endfacet
  facet normal 0 0 -1
    outer loop
      vertex 23.182 58.182 0
      vertex 23.5701 63.7606 0
      vertex 23.5701 57.7394 0
    endloop
  endfacet
  facet normal 0 0 -1
    outer loop
      vertex 23.182 58.182 0
      vertex 23.182 63.318 0
      vertex 23.5701 63.7606 0
    endloop
  endfacet
  facet normal 0 0 -1
    outer loop
      vertex 22.7394 58.5701 0
      vertex 23.182 63.318 0
      vertex 23.182 58.182 0
    endloop
  endfacet
  facet normal 0 0 -1
    outer loop
      vertex 22.7394 58.5701 0
      vertex 22.7394 62.9299 0
      vertex 23.182 63.318 0
    endloop
  endfacet
  facet normal 0 0 -1
    outer loop
      vertex 22.25 58.8971 0
      vertex 22.7394 62.9299 0
      vertex 22.7394 58.5701 0
    endloop
  endfacet
  facet normal 0 0 -1
    outer loop
      vertex 22.25 58.8971 0
      vertex 22.25 62.6029 0
      vertex 22.7394 62.9299 0
    endloop
  endfacet
  facet normal 0 0 -1
    outer loop
      vertex 21.7221 59.1575 0
      vertex 22.25 62.6029 0
      vertex 22.25 58.8971 0
    endloop
  endfacet
  facet normal 0 0 -1
    outer loop
      vertex 21.7221 59.1575 0
      vertex 21.7221 62.3425 0
      vertex 22.25 62.6029 0
    endloop
  endfacet
  facet normal 0 0 -1
    outer loop
      vertex 21.1647 59.3467 0
      vertex 21.7221 62.3425 0
      vertex 21.7221 59.1575 0
    endloop
  endfacet
  facet normal 0 0 -1
    outer loop
      vertex 21.1647 59.3467 0
      vertex 21.1647 62.1533 0
      vertex 21.7221 62.3425 0
    endloop
  endfacet
  facet normal 0 0 -1
    outer loop
      vertex 20.5874 59.4615 0
      vertex 21.1647 62.1533 0
      vertex 21.1647 59.3467 0
    endloop
  endfacet
  facet normal 0 0 -1
    outer loop
      vertex 20.5874 59.4615 0
      vertex 20.5874 62.0385 0
      vertex 21.1647 62.1533 0
    endloop
  endfacet
  facet normal 0 0 -1
    outer loop
      vertex 20 59.5 0
      vertex 20.5874 62.0385 0
      vertex 20.5874 59.4615 0
    endloop
  endfacet
  facet normal 0 0 -1
    outer loop
      vertex 20 59.5 0
      vertex 20 62 0
      vertex 20.5874 62.0385 0
    endloop
  endfacet
  facet normal 0 0 -1
    outer loop
      vertex -20 59.5 0
      vertex 20 62 0
      vertex 20 59.5 0
    endloop
  endfacet
  facet normal 0 0 -1
    outer loop
      vertex -20 59.5 0
      vertex -20 62 0
      vertex 20 62 0
    endloop
  endfacet
  facet normal 0 0 -1
    outer loop
      vertex -20.5874 59.4615 0
      vertex -20 62 0
      vertex -20 59.5 0
    endloop
  endfacet
  facet normal 0 0 -1
    outer loop
      vertex -20.5874 59.4615 0
      vertex -20.5874 62.0385 0
      vertex -20 62 0
    endloop
  endfacet
  facet normal 0 0 -1
    outer loop
      vertex -21.1647 59.3467 0
      vertex -20.5874 62.0385 0
      vertex -20.5874 59.4615 0
    endloop
  endfacet
  facet normal 0 0 -1
    outer loop
      vertex -21.1647 59.3467 0
      vertex -21.1647 62.1533 0
      vertex -20.5874 62.0385 0
    endloop
  endfacet
  facet normal 0 0 -1
    outer loop
      vertex -21.7221 59.1575 0
      vertex -21.1647 62.1533 0
      vertex -21.1647 59.3467 0
    endloop
  endfacet
  facet normal 0 0 -1
    outer loop
      vertex -21.7221 59.1575 0
      vertex -21.7221 62.3425 0
      vertex -21.1647 62.1533 0
    endloop
  endfacet
  facet normal 0 0 -1
    outer loop
      vertex -22.25 58.8971 0
      vertex -21.7221 62.3425 0
      vertex -21.7221 59.1575 0
    endloop
  endfacet
  facet normal 0 0 -1
    outer loop
      vertex -22.25 58.8971 0
      vertex -22.25 62.6029 0
      vertex -21.7221 62.3425 0
    endloop
  endfacet
  facet normal 0 0 -1
    outer loop
      vertex -22.7394 58.5701 0
      vertex -22.25 62.6029 0
      vertex -22.25 58.8971 0
    endloop
  endfacet
  facet normal 0 0 -1
    outer loop
      vertex -22.7394 58.5701 0
      vertex -22.7394 62.9299 0
      vertex -22.25 62.6029 0
    endloop
  endfacet
  facet normal 0 0 -1
    outer loop
      vertex -23.182 58.182 0
      vertex -22.7394 62.9299 0
      vertex -22.7394 58.5701 0
    endloop
  endfacet
  facet normal 0 0 -1
    outer loop
      vertex -23.182 58.182 0
      vertex -23.182 63.318 0
      vertex -22.7394 62.9299 0
    endloop
  endfacet
  facet normal 0 0 -1
    outer loop
      vertex -23.5701 57.7394 0
      vertex -23.182 63.318 0
      vertex -23.182 58.182 0
    endloop
  endfacet
  facet normal 0 0 -1
    outer loop
      vertex -23.5701 57.7394 0
      vertex -23.5701 63.7606 0
      vertex -23.182 63.318 0
    endloop
  endfacet
  facet normal 0 0 -1
    outer loop
      vertex -23.8971 57.25 0
      vertex -23.5701 63.7606 0
      vertex -23.5701 57.7394 0
    endloop
  endfacet
  facet normal 0 0 -1
    outer loop
      vertex -23.8971 57.25 0
      vertex -23.8971 64.25 0
      vertex -23.5701 63.7606 0
    endloop
  endfacet
  facet normal 0 0 -1
    outer loop
      vertex -24.1575 56.7221 0
      vertex -23.8971 64.25 0
      vertex -23.8971 57.25 0
    endloop
  endfacet
  facet normal 0 0 -1
    outer loop
      vertex -24.1575 56.7221 0
      vertex -24.1575 64.7779 0
      vertex -23.8971 64.25 0
    endloop
  endfacet
  facet normal 0 0 -1
    outer loop
      vertex -24.3467 56.1647 0
      vertex -24.1575 64.7779 0
      vertex -24.1575 56.7221 0
    endloop
  endfacet
  facet normal 0 0 -1
    outer loop
      vertex -24.3467 56.1647 0
      vertex -24.3467 65.3353 0
      vertex -24.1575 64.7779 0
    endloop
  endfacet
  facet normal 0 0 -1
    outer loop
      vertex -24.4615 55.5874 0
      vertex -24.3467 65.3353 0
      vertex -24.3467 56.1647 0
    endloop
  endfacet
  facet normal 0 0 -1
    outer loop
      vertex -24.4615 55.5874 0
      vertex -24.4615 65.9126 0
      vertex -24.3467 65.3353 0
    endloop
  endfacet
  facet normal 0 0 -1
    outer loop
      vertex -24.5 55 0
      vertex -24.4615 65.9126 0
      vertex -24.4615 55.5874 0
    endloop
  endfacet
  facet normal -0 0 -1
    outer loop
      vertex -24.4615 65.9126 0
      vertex -24.5 55 0
      vertex -24.5 66.5 0
    endloop
  endfacet
  facet normal 0 0 -1
    outer loop
      vertex 24.4615 44.0874 0
      vertex 24.5 55 0
      vertex 24.5 43.5 0
    endloop
  endfacet
  facet normal 0 0 -1
    outer loop
      vertex 24.4615 44.0874 0
      vertex 24.4615 54.4126 0
      vertex 24.5 55 0
    endloop
  endfacet
  facet normal 0 0 -1
    outer loop
      vertex 24.3467 44.6647 0
      vertex 24.4615 54.4126 0
      vertex 24.4615 44.0874 0
    endloop
  endfacet
  facet normal 0 0 -1
    outer loop
      vertex 24.3467 44.6647 0
      vertex 24.3467 53.8353 0
      vertex 24.4615 54.4126 0
    endloop
  endfacet
  facet normal 0 0 -1
    outer loop
      vertex 24.1575 45.2221 0
      vertex 24.3467 53.8353 0
      vertex 24.3467 44.6647 0
    endloop
  endfacet
  facet normal 0 0 -1
    outer loop
      vertex 24.1575 45.2221 0
      vertex 24.1575 53.2779 0
      vertex 24.3467 53.8353 0
    endloop
  endfacet
  facet normal 0 0 -1
    outer loop
      vertex 23.8971 45.75 0
      vertex 24.1575 53.2779 0
      vertex 24.1575 45.2221 0
    endloop
  endfacet
  facet normal 0 0 -1
    outer loop
      vertex 23.8971 45.75 0
      vertex 23.8971 52.75 0
      vertex 24.1575 53.2779 0
    endloop
  endfacet
  facet normal 0 0 -1
    outer loop
      vertex 23.5701 46.2394 0
      vertex 23.8971 52.75 0
      vertex 23.8971 45.75 0
    endloop
  endfacet
  facet normal 0 0 -1
    outer loop
      vertex 23.5701 46.2394 0
      vertex 23.5701 52.2606 0
      vertex 23.8971 52.75 0
    endloop
  endfacet
  facet normal 0 0 -1
    outer loop
      vertex 23.182 46.682 0
      vertex 23.5701 52.2606 0
      vertex 23.5701 46.2394 0
    endloop
  endfacet
  facet normal 0 0 -1
    outer loop
      vertex 23.182 46.682 0
      vertex 23.182 51.818 0
      vertex 23.5701 52.2606 0
    endloop
  endfacet
  facet normal 0 0 -1
    outer loop
      vertex 22.7394 47.0701 0
      vertex 23.182 51.818 0
      vertex 23.182 46.682 0
    endloop
  endfacet
  facet normal 0 0 -1
    outer loop
      vertex 22.7394 47.0701 0
      vertex 22.7394 51.4299 0
      vertex 23.182 51.818 0
    endloop
  endfacet
  facet normal 0 0 -1
    outer loop
      vertex 22.25 47.3971 0
      vertex 22.7394 51.4299 0
      vertex 22.7394 47.0701 0
    endloop
  endfacet
  facet normal 0 0 -1
    outer loop
      vertex 22.25 47.3971 0
      vertex 22.25 51.1029 0
      vertex 22.7394 51.4299 0
    endloop
  endfacet
  facet normal 0 0 -1
    outer loop
      vertex 21.7221 47.6575 0
      vertex 22.25 51.1029 0
      vertex 22.25 47.3971 0
    endloop
  endfacet
  facet normal 0 0 -1
    outer loop
      vertex 21.7221 47.6575 0
      vertex 21.7221 50.8425 0
      vertex 22.25 51.1029 0
    endloop
  endfacet
  facet normal 0 0 -1
    outer loop
      vertex 21.1647 47.8467 0
      vertex 21.7221 50.8425 0
      vertex 21.7221 47.6575 0
    endloop
  endfacet
  facet normal 0 0 -1
    outer loop
      vertex 21.1647 47.8467 0
      vertex 21.1647 50.6533 0
      vertex 21.7221 50.8425 0
    endloop
  endfacet
  facet normal 0 0 -1
    outer loop
      vertex 20.5874 47.9615 0
      vertex 21.1647 50.6533 0
      vertex 21.1647 47.8467 0
    endloop
  endfacet
  facet normal 0 0 -1
    outer loop
      vertex 20.5874 47.9615 0
      vertex 20.5874 50.5385 0
      vertex 21.1647 50.6533 0
    endloop
  endfacet
  facet normal 0 0 -1
    outer loop
      vertex 20 48 0
      vertex 20.5874 50.5385 0
      vertex 20.5874 47.9615 0
    endloop
  endfacet
  facet normal 0 0 -1
    outer loop
      vertex 20 48 0
      vertex 20 50.5 0
      vertex 20.5874 50.5385 0
    endloop
  endfacet
  facet normal 0 0 -1
    outer loop
      vertex -20 48 0
      vertex 20 50.5 0
      vertex 20 48 0
    endloop
  endfacet
  facet normal 0 0 -1
    outer loop
      vertex -20 48 0
      vertex -20 50.5 0
      vertex 20 50.5 0
    endloop
  endfacet
  facet normal 0 0 -1
    outer loop
      vertex -20.5874 47.9615 0
      vertex -20 50.5 0
      vertex -20 48 0
    endloop
  endfacet
  facet normal 0 0 -1
    outer loop
      vertex -20.5874 47.9615 0
      vertex -20.5874 50.5385 0
      vertex -20 50.5 0
    endloop
  endfacet
  facet normal 0 0 -1
    outer loop
      vertex -21.1647 47.8467 0
      vertex -20.5874 50.5385 0
      vertex -20.5874 47.9615 0
    endloop
  endfacet
  facet normal 0 0 -1
    outer loop
      vertex -21.1647 47.8467 0
      vertex -21.1647 50.6533 0
      vertex -20.5874 50.5385 0
    endloop
  endfacet
  facet normal 0 0 -1
    outer loop
      vertex -21.7221 47.6575 0
      vertex -21.1647 50.6533 0
      vertex -21.1647 47.8467 0
    endloop
  endfacet
  facet normal 0 0 -1
    outer loop
      vertex -21.7221 47.6575 0
      vertex -21.7221 50.8425 0
      vertex -21.1647 50.6533 0
    endloop
  endfacet
  facet normal 0 0 -1
    outer loop
      vertex -22.25 47.3971 0
      vertex -21.7221 50.8425 0
      vertex -21.7221 47.6575 0
    endloop
  endfacet
  facet normal 0 0 -1
    outer loop
      vertex -22.25 47.3971 0
      vertex -22.25 51.1029 0
      vertex -21.7221 50.8425 0
    endloop
  endfacet
  facet normal 0 0 -1
    outer loop
      vertex -22.7394 47.0701 0
      vertex -22.25 51.1029 0
      vertex -22.25 47.3971 0
    endloop
  endfacet
  facet normal 0 0 -1
    outer loop
      vertex -22.7394 47.0701 0
      vertex -22.7394 51.4299 0
      vertex -22.25 51.1029 0
    endloop
  endfacet
  facet normal 0 0 -1
    outer loop
      vertex -23.182 46.682 0
      vertex -22.7394 51.4299 0
      vertex -22.7394 47.0701 0
    endloop
  endfacet
  facet normal 0 0 -1
    outer loop
      vertex -23.182 46.682 0
      vertex -23.182 51.818 0
      vertex -22.7394 51.4299 0
    endloop
  endfacet
  facet normal 0 0 -1
    outer loop
      vertex -23.5701 46.2394 0
      vertex -23.182 51.818 0
      vertex -23.182 46.682 0
    endloop
  endfacet
  facet normal 0 0 -1
    outer loop
      vertex -23.5701 46.2394 0
      vertex -23.5701 52.2606 0
      vertex -23.182 51.818 0
    endloop
  endfacet
  facet normal 0 0 -1
    outer loop
      vertex -23.8971 45.75 0
      vertex -23.5701 52.2606 0
      vertex -23.5701 46.2394 0
    endloop
  endfacet
  facet normal 0 0 -1
    outer loop
      vertex -23.8971 45.75 0
      vertex -23.8971 52.75 0
      vertex -23.5701 52.2606 0
    endloop
  endfacet
  facet normal 0 0 -1
    outer loop
      vertex -24.1575 45.2221 0
      vertex -23.8971 52.75 0
      vertex -23.8971 45.75 0
    endloop
  endfacet
  facet normal 0 0 -1
    outer loop
      vertex -24.1575 45.2221 0
      vertex -24.1575 53.2779 0
      vertex -23.8971 52.75 0
    endloop
  endfacet
  facet normal 0 0 -1
    outer loop
      vertex -24.3467 44.6647 0
      vertex -24.1575 53.2779 0
      vertex -24.1575 45.2221 0
    endloop
  endfacet
  facet normal 0 0 -1
    outer loop
      vertex -24.3467 44.6647 0
      vertex -24.3467 53.8353 0
      vertex -24.1575 53.2779 0
    endloop
  endfacet
  facet normal 0 0 -1
    outer loop
      vertex -24.4615 44.0874 0
      vertex -24.3467 53.8353 0
      vertex -24.3467 44.6647 0
    endloop
  endfacet
  facet normal 0 0 -1
    outer loop
      vertex -24.4615 44.0874 0
      vertex -24.4615 54.4126 0
      vertex -24.3467 53.8353 0
    endloop
  endfacet
  facet normal 0 0 -1
    outer loop
      vertex -24.5 43.5 0
      vertex -24.4615 54.4126 0
      vertex -24.4615 44.0874 0
    endloop
  endfacet
  facet normal -0 0 -1
    outer loop
      vertex -24.4615 54.4126 0
      vertex -24.5 43.5 0
      vertex -24.5 55 0
    endloop
  endfacet
  facet normal 0 0 -1
    outer loop
      vertex 24.4615 42.9126 0
      vertex 34.925 0 0
      vertex 24.4615 32.5874 0
    endloop
  endfacet
  facet normal 0 0 -1
    outer loop
      vertex 34.925 0 0
      vertex 24.4615 42.9126 0
      vertex 24.5 43.5 0
    endloop
  endfacet
  facet normal 0 0 -1
    outer loop
      vertex 24.3467 33.1647 0
      vertex 24.4615 42.9126 0
      vertex 24.4615 32.5874 0
    endloop
  endfacet
  facet normal 0 0 -1
    outer loop
      vertex 24.3467 33.1647 0
      vertex 24.3467 42.3353 0
      vertex 24.4615 42.9126 0
    endloop
  endfacet
  facet normal 0 0 -1
    outer loop
      vertex 24.1575 33.7221 0
      vertex 24.3467 42.3353 0
      vertex 24.3467 33.1647 0
    endloop
  endfacet
  facet normal 0 0 -1
    outer loop
      vertex 24.1575 33.7221 0
      vertex 24.1575 41.7779 0
      vertex 24.3467 42.3353 0
    endloop
  endfacet
  facet normal 0 0 -1
    outer loop
      vertex 23.8971 34.25 0
      vertex 24.1575 41.7779 0
      vertex 24.1575 33.7221 0
    endloop
  endfacet
  facet normal 0 0 -1
    outer loop
      vertex 23.8971 34.25 0
      vertex 23.8971 41.25 0
      vertex 24.1575 41.7779 0
    endloop
  endfacet
  facet normal 0 0 -1
    outer loop
      vertex 23.5701 34.7394 0
      vertex 23.8971 41.25 0
      vertex 23.8971 34.25 0
    endloop
  endfacet
  facet normal 0 0 -1
    outer loop
      vertex 23.5701 34.7394 0
      vertex 23.5701 40.7606 0
      vertex 23.8971 41.25 0
    endloop
  endfacet
  facet normal 0 0 -1
    outer loop
      vertex 23.182 35.182 0
      vertex 23.5701 40.7606 0
      vertex 23.5701 34.7394 0
    endloop
  endfacet
  facet normal 0 0 -1
    outer loop
      vertex 23.182 35.182 0
      vertex 23.182 40.318 0
      vertex 23.5701 40.7606 0
    endloop
  endfacet
  facet normal 0 0 -1
    outer loop
      vertex 22.7394 35.5701 0
      vertex 23.182 40.318 0
      vertex 23.182 35.182 0
    endloop
  endfacet
  facet normal 0 0 -1
    outer loop
      vertex 22.7394 35.5701 0
      vertex 22.7394 39.9299 0
      vertex 23.182 40.318 0
    endloop
  endfacet
  facet normal 0 0 -1
    outer loop
      vertex 22.25 35.8971 0
      vertex 22.7394 39.9299 0
      vertex 22.7394 35.5701 0
    endloop
  endfacet
  facet normal 0 0 -1
    outer loop
      vertex 22.25 35.8971 0
      vertex 22.25 39.6029 0
      vertex 22.7394 39.9299 0
    endloop
  endfacet
  facet normal 0 0 -1
    outer loop
      vertex 21.7221 36.1575 0
      vertex 22.25 39.6029 0
      vertex 22.25 35.8971 0
    endloop
  endfacet
  facet normal 0 0 -1
    outer loop
      vertex 21.7221 36.1575 0
      vertex 21.7221 39.3425 0
      vertex 22.25 39.6029 0
    endloop
  endfacet
  facet normal 0 0 -1
    outer loop
      vertex 21.1647 36.3467 0
      vertex 21.7221 39.3425 0
      vertex 21.7221 36.1575 0
    endloop
  endfacet
  facet normal 0 0 -1
    outer loop
      vertex 21.1647 36.3467 0
      vertex 21.1647 39.1533 0
      vertex 21.7221 39.3425 0
    endloop
  endfacet
  facet normal 0 0 -1
    outer loop
      vertex 20.5874 36.4615 0
      vertex 21.1647 39.1533 0
      vertex 21.1647 36.3467 0
    endloop
  endfacet
  facet normal 0 0 -1
    outer loop
      vertex 20.5874 36.4615 0
      vertex 20.5874 39.0385 0
      vertex 21.1647 39.1533 0
    endloop
  endfacet
  facet normal 0 0 -1
    outer loop
      vertex 20 36.5 0
      vertex 20.5874 39.0385 0
      vertex 20.5874 36.4615 0
    endloop
  endfacet
  facet normal 0 0 -1
    outer loop
      vertex 20 36.5 0
      vertex 20 39 0
      vertex 20.5874 39.0385 0
    endloop
  endfacet
  facet normal 0 0 -1
    outer loop
      vertex -20 36.5 0
      vertex 20 39 0
      vertex 20 36.5 0
    endloop
  endfacet
  facet normal 0 0 -1
    outer loop
      vertex -20 36.5 0
      vertex -20 39 0
      vertex 20 39 0
    endloop
  endfacet
  facet normal 0 0 -1
    outer loop
      vertex -20.5874 36.4615 0
      vertex -20 39 0
      vertex -20 36.5 0
    endloop
  endfacet
  facet normal 0 0 -1
    outer loop
      vertex -20.5874 36.4615 0
      vertex -20.5874 39.0385 0
      vertex -20 39 0
    endloop
  endfacet
  facet normal 0 0 -1
    outer loop
      vertex -21.1647 36.3467 0
      vertex -20.5874 39.0385 0
      vertex -20.5874 36.4615 0
    endloop
  endfacet
  facet normal 0 0 -1
    outer loop
      vertex -21.1647 36.3467 0
      vertex -21.1647 39.1533 0
      vertex -20.5874 39.0385 0
    endloop
  endfacet
  facet normal 0 0 -1
    outer loop
      vertex -21.7221 36.1575 0
      vertex -21.1647 39.1533 0
      vertex -21.1647 36.3467 0
    endloop
  endfacet
  facet normal 0 0 -1
    outer loop
      vertex -21.7221 36.1575 0
      vertex -21.7221 39.3425 0
      vertex -21.1647 39.1533 0
    endloop
  endfacet
  facet normal 0 0 -1
    outer loop
      vertex -22.25 35.8971 0
      vertex -21.7221 39.3425 0
      vertex -21.7221 36.1575 0
    endloop
  endfacet
  facet normal 0 0 -1
    outer loop
      vertex -22.25 35.8971 0
      vertex -22.25 39.6029 0
      vertex -21.7221 39.3425 0
    endloop
  endfacet
  facet normal 0 0 -1
    outer loop
      vertex -22.7394 35.5701 0
      vertex -22.25 39.6029 0
      vertex -22.25 35.8971 0
    endloop
  endfacet
  facet normal 0 0 -1
    outer loop
      vertex -22.7394 35.5701 0
      vertex -22.7394 39.9299 0
      vertex -22.25 39.6029 0
    endloop
  endfacet
  facet normal 0 0 -1
    outer loop
      vertex -23.182 35.182 0
      vertex -22.7394 39.9299 0
      vertex -22.7394 35.5701 0
    endloop
  endfacet
  facet normal 0 0 -1
    outer loop
      vertex -23.182 35.182 0
      vertex -23.182 40.318 0
      vertex -22.7394 39.9299 0
    endloop
  endfacet
  facet normal 0 0 -1
    outer loop
      vertex -23.5701 34.7394 0
      vertex -23.182 40.318 0
      vertex -23.182 35.182 0
    endloop
  endfacet
  facet normal 0 0 -1
    outer loop
      vertex -23.5701 34.7394 0
      vertex -23.5701 40.7606 0
      vertex -23.182 40.318 0
    endloop
  endfacet
  facet normal 0 0 -1
    outer loop
      vertex -23.8971 34.25 0
      vertex -23.5701 40.7606 0
      vertex -23.5701 34.7394 0
    endloop
  endfacet
  facet normal 0 0 -1
    outer loop
      vertex -23.8971 34.25 0
      vertex -23.8971 41.25 0
      vertex -23.5701 40.7606 0
    endloop
  endfacet
  facet normal 0 0 -1
    outer loop
      vertex -24.1575 33.7221 0
      vertex -23.8971 41.25 0
      vertex -23.8971 34.25 0
    endloop
  endfacet
  facet normal 0 0 -1
    outer loop
      vertex -24.1575 33.7221 0
      vertex -24.1575 41.7779 0
      vertex -23.8971 41.25 0
    endloop
  endfacet
  facet normal 0 0 -1
    outer loop
      vertex -24.3467 33.1647 0
      vertex -24.1575 41.7779 0
      vertex -24.1575 33.7221 0
    endloop
  endfacet
  facet normal 0 0 -1
    outer loop
      vertex -24.3467 33.1647 0
      vertex -24.3467 42.3353 0
      vertex -24.1575 41.7779 0
    endloop
  endfacet
  facet normal 0 0 -1
    outer loop
      vertex -24.4615 32.5874 0
      vertex -24.3467 42.3353 0
      vertex -24.3467 33.1647 0
    endloop
  endfacet
  facet normal 0 0 -1
    outer loop
      vertex -24.4615 32.5874 0
      vertex -24.4615 42.9126 0
      vertex -24.3467 42.3353 0
    endloop
  endfacet
  facet normal 0 0 -1
    outer loop
      vertex -34.925 0 0
      vertex -24.4615 32.5874 0
      vertex -24.5 32 0
    endloop
  endfacet
  facet normal -0 0 -1
    outer loop
      vertex -24.4615 32.5874 0
      vertex -34.925 0 0
      vertex -24.4615 42.9126 0
    endloop
  endfacet
  facet normal 0 0 -1
    outer loop
      vertex 24.4615 31.4126 0
      vertex 34.925 0 0
      vertex 24.4615 21.0874 0
    endloop
  endfacet
  facet normal 0 0 -1
    outer loop
      vertex 34.925 0 0
      vertex 24.4615 31.4126 0
      vertex 24.5 32 0
    endloop
  endfacet
  facet normal 0 0 -1
    outer loop
      vertex 24.3467 21.6647 0
      vertex 24.4615 31.4126 0
      vertex 24.4615 21.0874 0
    endloop
  endfacet
  facet normal 0 0 -1
    outer loop
      vertex 24.3467 21.6647 0
      vertex 24.3467 30.8353 0
      vertex 24.4615 31.4126 0
    endloop
  endfacet
  facet normal 0 0 -1
    outer loop
      vertex 24.1575 22.2221 0
      vertex 24.3467 30.8353 0
      vertex 24.3467 21.6647 0
    endloop
  endfacet
  facet normal 0 0 -1
    outer loop
      vertex 24.1575 22.2221 0
      vertex 24.1575 30.2779 0
      vertex 24.3467 30.8353 0
    endloop
  endfacet
  facet normal 0 0 -1
    outer loop
      vertex 23.8971 22.75 0
      vertex 24.1575 30.2779 0
      vertex 24.1575 22.2221 0
    endloop
  endfacet
  facet normal 0 0 -1
    outer loop
      vertex 23.8971 22.75 0
      vertex 23.8971 29.75 0
      vertex 24.1575 30.2779 0
    endloop
  endfacet
  facet normal 0 0 -1
    outer loop
      vertex 23.5701 23.2394 0
      vertex 23.8971 29.75 0
      vertex 23.8971 22.75 0
    endloop
  endfacet
  facet normal 0 0 -1
    outer loop
      vertex 23.5701 23.2394 0
      vertex 23.5701 29.2606 0
      vertex 23.8971 29.75 0
    endloop
  endfacet
  facet normal 0 0 -1
    outer loop
      vertex 23.182 23.682 0
      vertex 23.5701 29.2606 0
      vertex 23.5701 23.2394 0
    endloop
  endfacet
  facet normal 0 0 -1
    outer loop
      vertex 23.182 23.682 0
      vertex 23.182 28.818 0
      vertex 23.5701 29.2606 0
    endloop
  endfacet
  facet normal 0 0 -1
    outer loop
      vertex 22.7394 24.0701 0
      vertex 23.182 28.818 0
      vertex 23.182 23.682 0
    endloop
  endfacet
  facet normal 0 0 -1
    outer loop
      vertex 22.7394 24.0701 0
      vertex 22.7394 28.4299 0
      vertex 23.182 28.818 0
    endloop
  endfacet
  facet normal 0 0 -1
    outer loop
      vertex 22.25 24.3971 0
      vertex 22.7394 28.4299 0
      vertex 22.7394 24.0701 0
    endloop
  endfacet
  facet normal 0 0 -1
    outer loop
      vertex 22.25 24.3971 0
      vertex 22.25 28.1029 0
      vertex 22.7394 28.4299 0
    endloop
  endfacet
  facet normal 0 0 -1
    outer loop
      vertex 21.7221 24.6575 0
      vertex 22.25 28.1029 0
      vertex 22.25 24.3971 0
    endloop
  endfacet
  facet normal 0 0 -1
    outer loop
      vertex 21.7221 24.6575 0
      vertex 21.7221 27.8425 0
      vertex 22.25 28.1029 0
    endloop
  endfacet
  facet normal 0 0 -1
    outer loop
      vertex 21.1647 24.8467 0
      vertex 21.7221 27.8425 0
      vertex 21.7221 24.6575 0
    endloop
  endfacet
  facet normal 0 0 -1
    outer loop
      vertex 21.1647 24.8467 0
      vertex 21.1647 27.6533 0
      vertex 21.7221 27.8425 0
    endloop
  endfacet
  facet normal 0 0 -1
    outer loop
      vertex 20.5874 24.9615 0
      vertex 21.1647 27.6533 0
      vertex 21.1647 24.8467 0
    endloop
  endfacet
  facet normal 0 0 -1
    outer loop
      vertex 20.5874 24.9615 0
      vertex 20.5874 27.5385 0
      vertex 21.1647 27.6533 0
    endloop
  endfacet
  facet normal 0 0 -1
    outer loop
      vertex 20 25 0
      vertex 20.5874 27.5385 0
      vertex 20.5874 24.9615 0
    endloop
  endfacet
  facet normal 0 0 -1
    outer loop
      vertex 20 25 0
      vertex 20 27.5 0
      vertex 20.5874 27.5385 0
    endloop
  endfacet
  facet normal 0 0 -1
    outer loop
      vertex -20 25 0
      vertex 20 27.5 0
      vertex 20 25 0
    endloop
  endfacet
  facet normal 0 0 -1
    outer loop
      vertex -20 25 0
      vertex -20 27.5 0
      vertex 20 27.5 0
    endloop
  endfacet
  facet normal 0 0 -1
    outer loop
      vertex -20.5874 24.9615 0
      vertex -20 27.5 0
      vertex -20 25 0
    endloop
  endfacet
  facet normal 0 0 -1
    outer loop
      vertex -20.5874 24.9615 0
      vertex -20.5874 27.5385 0
      vertex -20 27.5 0
    endloop
  endfacet
  facet normal 0 0 -1
    outer loop
      vertex -21.1647 24.8467 0
      vertex -20.5874 27.5385 0
      vertex -20.5874 24.9615 0
    endloop
  endfacet
  facet normal 0 0 -1
    outer loop
      vertex -21.1647 24.8467 0
      vertex -21.1647 27.6533 0
      vertex -20.5874 27.5385 0
    endloop
  endfacet
  facet normal 0 0 -1
    outer loop
      vertex -21.7221 24.6575 0
      vertex -21.1647 27.6533 0
      vertex -21.1647 24.8467 0
    endloop
  endfacet
  facet normal 0 0 -1
    outer loop
      vertex -21.7221 24.6575 0
      vertex -21.7221 27.8425 0
      vertex -21.1647 27.6533 0
    endloop
  endfacet
  facet normal 0 0 -1
    outer loop
      vertex -22.25 24.3971 0
      vertex -21.7221 27.8425 0
      vertex -21.7221 24.6575 0
    endloop
  endfacet
  facet normal 0 0 -1
    outer loop
      vertex -22.25 24.3971 0
      vertex -22.25 28.1029 0
      vertex -21.7221 27.8425 0
    endloop
  endfacet
  facet normal 0 0 -1
    outer loop
      vertex -22.7394 24.0701 0
      vertex -22.25 28.1029 0
      vertex -22.25 24.3971 0
    endloop
  endfacet
  facet normal 0 0 -1
    outer loop
      vertex -22.7394 24.0701 0
      vertex -22.7394 28.4299 0
      vertex -22.25 28.1029 0
    endloop
  endfacet
  facet normal 0 0 -1
    outer loop
      vertex -23.182 23.682 0
      vertex -22.7394 28.4299 0
      vertex -22.7394 24.0701 0
    endloop
  endfacet
  facet normal 0 0 -1
    outer loop
      vertex -23.182 23.682 0
      vertex -23.182 28.818 0
      vertex -22.7394 28.4299 0
    endloop
  endfacet
  facet normal 0 0 -1
    outer loop
      vertex -23.5701 23.2394 0
      vertex -23.182 28.818 0
      vertex -23.182 23.682 0
    endloop
  endfacet
  facet normal 0 0 -1
    outer loop
      vertex -23.5701 23.2394 0
      vertex -23.5701 29.2606 0
      vertex -23.182 28.818 0
    endloop
  endfacet
  facet normal 0 0 -1
    outer loop
      vertex -23.8971 22.75 0
      vertex -23.5701 29.2606 0
      vertex -23.5701 23.2394 0
    endloop
  endfacet
  facet normal 0 0 -1
    outer loop
      vertex -23.8971 22.75 0
      vertex -23.8971 29.75 0
      vertex -23.5701 29.2606 0
    endloop
  endfacet
  facet normal 0 0 -1
    outer loop
      vertex -24.1575 22.2221 0
      vertex -23.8971 29.75 0
      vertex -23.8971 22.75 0
    endloop
  endfacet
  facet normal 0 0 -1
    outer loop
      vertex -24.1575 22.2221 0
      vertex -24.1575 30.2779 0
      vertex -23.8971 29.75 0
    endloop
  endfacet
  facet normal 0 0 -1
    outer loop
      vertex -24.3467 21.6647 0
      vertex -24.1575 30.2779 0
      vertex -24.1575 22.2221 0
    endloop
  endfacet
  facet normal 0 0 -1
    outer loop
      vertex -24.3467 21.6647 0
      vertex -24.3467 30.8353 0
      vertex -24.1575 30.2779 0
    endloop
  endfacet
  facet normal 0 0 -1
    outer loop
      vertex -24.4615 21.0874 0
      vertex -24.3467 30.8353 0
      vertex -24.3467 21.6647 0
    endloop
  endfacet
  facet normal 0 0 -1
    outer loop
      vertex -24.4615 21.0874 0
      vertex -24.4615 31.4126 0
      vertex -24.3467 30.8353 0
    endloop
  endfacet
  facet normal 0 0 -1
    outer loop
      vertex -34.925 0 0
      vertex -24.4615 21.0874 0
      vertex -24.5 20.5 0
    endloop
  endfacet
  facet normal -0 0 -1
    outer loop
      vertex -24.4615 21.0874 0
      vertex -34.925 0 0
      vertex -24.4615 31.4126 0
    endloop
  endfacet
  facet normal 0 0 -1
    outer loop
      vertex 24.3467 10.1647 0
      vertex 34.925 0 0
      vertex 24.4615 9.58737 0
    endloop
  endfacet
  facet normal 0 0 -1
    outer loop
      vertex 34.925 0 0
      vertex 24.4615 19.9126 0
      vertex 24.5 20.5 0
    endloop
  endfacet
  facet normal 0 0 -1
    outer loop
      vertex 24.3467 19.3353 0
      vertex 34.925 0 0
      vertex 24.3467 10.1647 0
    endloop
  endfacet
  facet normal 0 0 -1
    outer loop
      vertex 34.925 0 0
      vertex 24.3467 19.3353 0
      vertex 24.4615 19.9126 0
    endloop
  endfacet
  facet normal 0 0 -1
    outer loop
      vertex 24.1575 10.7221 0
      vertex 24.3467 19.3353 0
      vertex 24.3467 10.1647 0
    endloop
  endfacet
  facet normal 0 0 -1
    outer loop
      vertex 24.1575 10.7221 0
      vertex 24.1575 18.7779 0
      vertex 24.3467 19.3353 0
    endloop
  endfacet
  facet normal 0 0 -1
    outer loop
      vertex 23.8971 11.25 0
      vertex 24.1575 18.7779 0
      vertex 24.1575 10.7221 0
    endloop
  endfacet
  facet normal 0 0 -1
    outer loop
      vertex 23.8971 11.25 0
      vertex 23.8971 18.25 0
      vertex 24.1575 18.7779 0
    endloop
  endfacet
  facet normal 0 0 -1
    outer loop
      vertex 23.5701 11.7394 0
      vertex 23.8971 18.25 0
      vertex 23.8971 11.25 0
    endloop
  endfacet
  facet normal 0 0 -1
    outer loop
      vertex 23.5701 11.7394 0
      vertex 23.5701 17.7606 0
      vertex 23.8971 18.25 0
    endloop
  endfacet
  facet normal 0 0 -1
    outer loop
      vertex 23.182 12.182 0
      vertex 23.5701 17.7606 0
      vertex 23.5701 11.7394 0
    endloop
  endfacet
  facet normal 0 0 -1
    outer loop
      vertex 23.182 12.182 0
      vertex 23.182 17.318 0
      vertex 23.5701 17.7606 0
    endloop
  endfacet
  facet normal 0 0 -1
    outer loop
      vertex 22.7394 12.5701 0
      vertex 23.182 17.318 0
      vertex 23.182 12.182 0
    endloop
  endfacet
  facet normal 0 0 -1
    outer loop
      vertex 22.7394 12.5701 0
      vertex 22.7394 16.9299 0
      vertex 23.182 17.318 0
    endloop
  endfacet
  facet normal 0 0 -1
    outer loop
      vertex 22.25 12.8971 0
      vertex 22.7394 16.9299 0
      vertex 22.7394 12.5701 0
    endloop
  endfacet
  facet normal 0 0 -1
    outer loop
      vertex 22.25 12.8971 0
      vertex 22.25 16.6029 0
      vertex 22.7394 16.9299 0
    endloop
  endfacet
  facet normal 0 0 -1
    outer loop
      vertex 21.7221 13.1575 0
      vertex 22.25 16.6029 0
      vertex 22.25 12.8971 0
    endloop
  endfacet
  facet normal 0 0 -1
    outer loop
      vertex 21.7221 13.1575 0
      vertex 21.7221 16.3425 0
      vertex 22.25 16.6029 0
    endloop
  endfacet
  facet normal 0 0 -1
    outer loop
      vertex 21.1647 13.3467 0
      vertex 21.7221 16.3425 0
      vertex 21.7221 13.1575 0
    endloop
  endfacet
  facet normal 0 0 -1
    outer loop
      vertex 21.1647 13.3467 0
      vertex 21.1647 16.1533 0
      vertex 21.7221 16.3425 0
    endloop
  endfacet
  facet normal 0 0 -1
    outer loop
      vertex 20.5874 13.4615 0
      vertex 21.1647 16.1533 0
      vertex 21.1647 13.3467 0
    endloop
  endfacet
  facet normal 0 0 -1
    outer loop
      vertex 20.5874 13.4615 0
      vertex 20.5874 16.0385 0
      vertex 21.1647 16.1533 0
    endloop
  endfacet
  facet normal 0 0 -1
    outer loop
      vertex 20 13.5 0
      vertex 20.5874 16.0385 0
      vertex 20.5874 13.4615 0
    endloop
  endfacet
  facet normal 0 0 -1
    outer loop
      vertex 20 13.5 0
      vertex 20 16 0
      vertex 20.5874 16.0385 0
    endloop
  endfacet
  facet normal 0 0 -1
    outer loop
      vertex -20 13.5 0
      vertex 20 16 0
      vertex 20 13.5 0
    endloop
  endfacet
  facet normal 0 0 -1
    outer loop
      vertex -20 13.5 0
      vertex -20 16 0
      vertex 20 16 0
    endloop
  endfacet
  facet normal 0 0 -1
    outer loop
      vertex -20.5874 13.4615 0
      vertex -20 16 0
      vertex -20 13.5 0
    endloop
  endfacet
  facet normal 0 0 -1
    outer loop
      vertex -20.5874 13.4615 0
      vertex -20.5874 16.0385 0
      vertex -20 16 0
    endloop
  endfacet
  facet normal 0 0 -1
    outer loop
      vertex -21.1647 13.3467 0
      vertex -20.5874 16.0385 0
      vertex -20.5874 13.4615 0
    endloop
  endfacet
  facet normal 0 0 -1
    outer loop
      vertex -21.1647 13.3467 0
      vertex -21.1647 16.1533 0
      vertex -20.5874 16.0385 0
    endloop
  endfacet
  facet normal 0 0 -1
    outer loop
      vertex -21.7221 13.1575 0
      vertex -21.1647 16.1533 0
      vertex -21.1647 13.3467 0
    endloop
  endfacet
  facet normal 0 0 -1
    outer loop
      vertex -21.7221 13.1575 0
      vertex -21.7221 16.3425 0
      vertex -21.1647 16.1533 0
    endloop
  endfacet
  facet normal 0 0 -1
    outer loop
      vertex -22.25 12.8971 0
      vertex -21.7221 16.3425 0
      vertex -21.7221 13.1575 0
    endloop
  endfacet
  facet normal 0 0 -1
    outer loop
      vertex -22.25 12.8971 0
      vertex -22.25 16.6029 0
      vertex -21.7221 16.3425 0
    endloop
  endfacet
  facet normal 0 0 -1
    outer loop
      vertex -22.7394 12.5701 0
      vertex -22.25 16.6029 0
      vertex -22.25 12.8971 0
    endloop
  endfacet
  facet normal 0 0 -1
    outer loop
      vertex -22.7394 12.5701 0
      vertex -22.7394 16.9299 0
      vertex -22.25 16.6029 0
    endloop
  endfacet
  facet normal 0 0 -1
    outer loop
      vertex -23.182 12.182 0
      vertex -22.7394 16.9299 0
      vertex -22.7394 12.5701 0
    endloop
  endfacet
  facet normal 0 0 -1
    outer loop
      vertex -23.182 12.182 0
      vertex -23.182 17.318 0
      vertex -22.7394 16.9299 0
    endloop
  endfacet
  facet normal 0 0 -1
    outer loop
      vertex -23.5701 11.7394 0
      vertex -23.182 17.318 0
      vertex -23.182 12.182 0
    endloop
  endfacet
  facet normal 0 0 -1
    outer loop
      vertex -23.5701 11.7394 0
      vertex -23.5701 17.7606 0
      vertex -23.182 17.318 0
    endloop
  endfacet
  facet normal 0 0 -1
    outer loop
      vertex -23.8971 11.25 0
      vertex -23.5701 17.7606 0
      vertex -23.5701 11.7394 0
    endloop
  endfacet
  facet normal 0 0 -1
    outer loop
      vertex -23.8971 11.25 0
      vertex -23.8971 18.25 0
      vertex -23.5701 17.7606 0
    endloop
  endfacet
  facet normal 0 0 -1
    outer loop
      vertex -24.1575 10.7221 0
      vertex -23.8971 18.25 0
      vertex -23.8971 11.25 0
    endloop
  endfacet
  facet normal 0 0 -1
    outer loop
      vertex -24.1575 10.7221 0
      vertex -24.1575 18.7779 0
      vertex -23.8971 18.25 0
    endloop
  endfacet
  facet normal 0 0 -1
    outer loop
      vertex -24.3467 10.1647 0
      vertex -24.1575 18.7779 0
      vertex -24.1575 10.7221 0
    endloop
  endfacet
  facet normal 0 0 -1
    outer loop
      vertex -24.3467 10.1647 0
      vertex -24.3467 19.3353 0
      vertex -24.1575 18.7779 0
    endloop
  endfacet
  facet normal 0 0 -1
    outer loop
      vertex -34.925 0 0
      vertex -24.3467 10.1647 0
      vertex -24.4615 9.58737 0
    endloop
  endfacet
  facet normal -0 0 -1
    outer loop
      vertex -24.3467 10.1647 0
      vertex -34.925 0 0
      vertex -24.3467 19.3353 0
    endloop
  endfacet
  facet normal 0 0 -1
    outer loop
      vertex -34.925 0 0
      vertex -24.4615 9.58737 0
      vertex -24.5 9 0
    endloop
  endfacet
  facet normal -0 0 -1
    outer loop
      vertex -24.3467 19.3353 0
      vertex -34.925 0 0
      vertex -24.4615 19.9126 0
    endloop
  endfacet
  facet normal 0 0 -1
    outer loop
      vertex 24.4615 9.58737 0
      vertex 34.925 0 0
      vertex 24.5 9 0
    endloop
  endfacet
  facet normal 0 0 -1
    outer loop
      vertex 34.925 0 0
      vertex 24.4615 8.41263 0
      vertex 24.5 9 0
    endloop
  endfacet
  facet normal 0 0 -1
    outer loop
      vertex 34.925 0 0
      vertex 24.3467 7.83531 0
      vertex 24.4615 8.41263 0
    endloop
  endfacet
  facet normal 0 0 -1
    outer loop
      vertex 34.925 0 0
      vertex 24.1575 7.27792 0
      vertex 24.3467 7.83531 0
    endloop
  endfacet
  facet normal 0 0 -1
    outer loop
      vertex 34.925 0 0
      vertex 23.8971 6.75 0
      vertex 24.1575 7.27792 0
    endloop
  endfacet
  facet normal 0 0 -1
    outer loop
      vertex 34.925 0 0
      vertex 23.5701 6.26057 0
      vertex 23.8971 6.75 0
    endloop
  endfacet
  facet normal 0 0 -1
    outer loop
      vertex 34.925 0 0
      vertex 23.182 5.81802 0
      vertex 23.5701 6.26057 0
    endloop
  endfacet
  facet normal 0 0 -1
    outer loop
      vertex 34.925 0 0
      vertex 22.7394 5.42991 0
      vertex 23.182 5.81802 0
    endloop
  endfacet
  facet normal 0 0 -1
    outer loop
      vertex 34.925 0 0
      vertex 22.25 5.10289 0
      vertex 22.7394 5.42991 0
    endloop
  endfacet
  facet normal 0 0 -1
    outer loop
      vertex 34.925 0 0
      vertex 21.7221 4.84254 0
      vertex 22.25 5.10289 0
    endloop
  endfacet
  facet normal 0 0 -1
    outer loop
      vertex 34.925 0 0
      vertex 21.1647 4.65333 0
      vertex 21.7221 4.84254 0
    endloop
  endfacet
  facet normal 0 0 -1
    outer loop
      vertex 34.925 0 0
      vertex 20.5874 4.5385 0
      vertex 21.1647 4.65333 0
    endloop
  endfacet
  facet normal 0 0 -1
    outer loop
      vertex 34.925 0 0
      vertex 20 4.5 0
      vertex 20.5874 4.5385 0
    endloop
  endfacet
  facet normal 0 0 -1
    outer loop
      vertex 34.925 0 0
      vertex -20 4.5 0
      vertex 20 4.5 0
    endloop
  endfacet
  facet normal 0 0 -1
    outer loop
      vertex -34.925 0 0
      vertex -20 4.5 0
      vertex 34.925 0 0
    endloop
  endfacet
  facet normal -0 0 -1
    outer loop
      vertex -24.4615 19.9126 0
      vertex -34.925 0 0
      vertex -24.5 20.5 0
    endloop
  endfacet
  facet normal -0 0 -1
    outer loop
      vertex -24.4615 31.4126 0
      vertex -34.925 0 0
      vertex -24.5 32 0
    endloop
  endfacet
  facet normal -0 0 -1
    outer loop
      vertex -24.4615 42.9126 0
      vertex -34.925 0 0
      vertex -24.5 43.5 0
    endloop
  endfacet
  facet normal -0 0 -1
    outer loop
      vertex -24.5 43.5 0
      vertex -34.925 0 0
      vertex -24.5 55 0
    endloop
  endfacet
  facet normal 0 0 -1
    outer loop
      vertex -34.925 100.33 0
      vertex -24.5 55 0
      vertex -34.925 0 0
    endloop
  endfacet
  facet normal 0 0 -1
    outer loop
      vertex -24.5 55 0
      vertex -34.925 100.33 0
      vertex -24.5 66.5 0
    endloop
  endfacet
  facet normal 0 0 -1
    outer loop
      vertex -24.4615 77.4126 0
      vertex -34.925 100.33 0
      vertex -24.5 78 0
    endloop
  endfacet
  facet normal -0 0 -1
    outer loop
      vertex -24.4615 8.41263 0
      vertex -34.925 0 0
      vertex -24.5 9 0
    endloop
  endfacet
  facet normal -0 0 -1
    outer loop
      vertex -24.3467 7.83531 0
      vertex -34.925 0 0
      vertex -24.4615 8.41263 0
    endloop
  endfacet
  facet normal -0 0 -1
    outer loop
      vertex -24.1575 7.27792 0
      vertex -34.925 0 0
      vertex -24.3467 7.83531 0
    endloop
  endfacet
  facet normal -0 0 -1
    outer loop
      vertex -23.8971 6.75 0
      vertex -34.925 0 0
      vertex -24.1575 7.27792 0
    endloop
  endfacet
  facet normal -0 0 -1
    outer loop
      vertex -23.5701 6.26057 0
      vertex -34.925 0 0
      vertex -23.8971 6.75 0
    endloop
  endfacet
  facet normal -0 0 -1
    outer loop
      vertex -23.182 5.81802 0
      vertex -34.925 0 0
      vertex -23.5701 6.26057 0
    endloop
  endfacet
  facet normal -0 0 -1
    outer loop
      vertex -22.7394 5.42991 0
      vertex -34.925 0 0
      vertex -23.182 5.81802 0
    endloop
  endfacet
  facet normal -0 0 -1
    outer loop
      vertex -22.25 5.10289 0
      vertex -34.925 0 0
      vertex -22.7394 5.42991 0
    endloop
  endfacet
  facet normal -0 0 -1
    outer loop
      vertex -21.7221 4.84254 0
      vertex -34.925 0 0
      vertex -22.25 5.10289 0
    endloop
  endfacet
  facet normal -0 0 -1
    outer loop
      vertex -21.1647 4.65333 0
      vertex -34.925 0 0
      vertex -21.7221 4.84254 0
    endloop
  endfacet
  facet normal -0 0 -1
    outer loop
      vertex -20.5874 4.5385 0
      vertex -34.925 0 0
      vertex -21.1647 4.65333 0
    endloop
  endfacet
  facet normal -0 0 -1
    outer loop
      vertex -20 4.5 0
      vertex -34.925 0 0
      vertex -20.5874 4.5385 0
    endloop
  endfacet
  facet normal 0 0 -1
    outer loop
      vertex 24.4615 21.0874 0
      vertex 34.925 0 0
      vertex 24.5 20.5 0
    endloop
  endfacet
  facet normal 0 0 -1
    outer loop
      vertex 24.4615 32.5874 0
      vertex 34.925 0 0
      vertex 24.5 32 0
    endloop
  endfacet
  facet normal 0 0 -1
    outer loop
      vertex 34.925 0 0
      vertex 24.5 43.5 0
      vertex 34.925 100.33 0
    endloop
  endfacet
  facet normal 0 0 -1
    outer loop
      vertex 24.5 55 0
      vertex 34.925 100.33 0
      vertex 24.5 43.5 0
    endloop
  endfacet
  facet normal 0 0 -1
    outer loop
      vertex 24.5 66.5 0
      vertex 34.925 100.33 0
      vertex 24.5 55 0
    endloop
  endfacet
  facet normal 0 0 -1
    outer loop
      vertex 24.4615 67.0874 0
      vertex 34.925 100.33 0
      vertex 24.5 66.5 0
    endloop
  endfacet
  facet normal 0 0 -1
    outer loop
      vertex 24.4615 78.5874 0
      vertex 34.925 100.33 0
      vertex 24.5 78 0
    endloop
  endfacet
  facet normal 0 0 -1
    outer loop
      vertex 24.4615 90.0874 0
      vertex 34.925 100.33 0
      vertex 24.5 89.5 0
    endloop
  endfacet
  facet normal 0 0 -1
    outer loop
      vertex 24.3467 90.6647 0
      vertex 34.925 100.33 0
      vertex 24.4615 90.0874 0
    endloop
  endfacet
  facet normal 0 0 -1
    outer loop
      vertex 24.1575 91.2221 0
      vertex 34.925 100.33 0
      vertex 24.3467 90.6647 0
    endloop
  endfacet
  facet normal 0 0 -1
    outer loop
      vertex 23.8971 91.75 0
      vertex 34.925 100.33 0
      vertex 24.1575 91.2221 0
    endloop
  endfacet
  facet normal 0 0 -1
    outer loop
      vertex 23.5701 92.2394 0
      vertex 34.925 100.33 0
      vertex 23.8971 91.75 0
    endloop
  endfacet
  facet normal 0 0 -1
    outer loop
      vertex 23.182 92.682 0
      vertex 34.925 100.33 0
      vertex 23.5701 92.2394 0
    endloop
  endfacet
  facet normal 0 0 -1
    outer loop
      vertex 22.7394 93.0701 0
      vertex 34.925 100.33 0
      vertex 23.182 92.682 0
    endloop
  endfacet
  facet normal 0 0 -1
    outer loop
      vertex 22.25 93.3971 0
      vertex 34.925 100.33 0
      vertex 22.7394 93.0701 0
    endloop
  endfacet
  facet normal 0 0 -1
    outer loop
      vertex 21.7221 93.6575 0
      vertex 34.925 100.33 0
      vertex 22.25 93.3971 0
    endloop
  endfacet
  facet normal 0 0 -1
    outer loop
      vertex 21.1647 93.8467 0
      vertex 34.925 100.33 0
      vertex 21.7221 93.6575 0
    endloop
  endfacet
  facet normal 0 0 -1
    outer loop
      vertex 20.5874 93.9615 0
      vertex 34.925 100.33 0
      vertex 21.1647 93.8467 0
    endloop
  endfacet
  facet normal 0 0 -1
    outer loop
      vertex 20 94 0
      vertex 34.925 100.33 0
      vertex 20.5874 93.9615 0
    endloop
  endfacet
  facet normal 0 0 -1
    outer loop
      vertex -20 94 0
      vertex 34.925 100.33 0
      vertex 20 94 0
    endloop
  endfacet
  facet normal 0 0 -1
    outer loop
      vertex -34.925 100.33 0
      vertex -20 94 0
      vertex -20.5874 93.9615 0
    endloop
  endfacet
  facet normal 0 0 -1
    outer loop
      vertex -24.4615 88.9126 0
      vertex -34.925 100.33 0
      vertex -24.5 89.5 0
    endloop
  endfacet
  facet normal 0 0 -1
    outer loop
      vertex -20 94 0
      vertex -34.925 100.33 0
      vertex 34.925 100.33 0
    endloop
  endfacet
  facet normal 0 0 -1
    outer loop
      vertex -21.1647 93.8467 0
      vertex -34.925 100.33 0
      vertex -20.5874 93.9615 0
    endloop
  endfacet
  facet normal 0 0 -1
    outer loop
      vertex -21.7221 93.6575 0
      vertex -34.925 100.33 0
      vertex -21.1647 93.8467 0
    endloop
  endfacet
  facet normal 0 0 -1
    outer loop
      vertex -22.25 93.3971 0
      vertex -34.925 100.33 0
      vertex -21.7221 93.6575 0
    endloop
  endfacet
  facet normal 0 0 -1
    outer loop
      vertex -22.7394 93.0701 0
      vertex -34.925 100.33 0
      vertex -22.25 93.3971 0
    endloop
  endfacet
  facet normal 0 0 -1
    outer loop
      vertex -23.182 92.682 0
      vertex -34.925 100.33 0
      vertex -22.7394 93.0701 0
    endloop
  endfacet
  facet normal 0 0 -1
    outer loop
      vertex -23.5701 92.2394 0
      vertex -34.925 100.33 0
      vertex -23.182 92.682 0
    endloop
  endfacet
  facet normal 0 0 -1
    outer loop
      vertex -23.8971 91.75 0
      vertex -34.925 100.33 0
      vertex -23.5701 92.2394 0
    endloop
  endfacet
  facet normal 0 0 -1
    outer loop
      vertex -24.1575 91.2221 0
      vertex -34.925 100.33 0
      vertex -23.8971 91.75 0
    endloop
  endfacet
  facet normal 0 0 -1
    outer loop
      vertex -24.3467 90.6647 0
      vertex -34.925 100.33 0
      vertex -24.1575 91.2221 0
    endloop
  endfacet
  facet normal 0 0 -1
    outer loop
      vertex -24.4615 90.0874 0
      vertex -34.925 100.33 0
      vertex -24.3467 90.6647 0
    endloop
  endfacet
  facet normal 0 0 -1
    outer loop
      vertex -24.5 89.5 0
      vertex -34.925 100.33 0
      vertex -24.4615 90.0874 0
    endloop
  endfacet
  facet normal -1 0 0
    outer loop
      vertex -34.925 91.988 3.18274
      vertex -34.925 100.33 0
      vertex -34.925 92 3
    endloop
  endfacet
  facet normal -1 0 0
    outer loop
      vertex -34.925 100.33 0
      vertex -34.925 91.988 2.81726
      vertex -34.925 92 3
    endloop
  endfacet
  facet normal -1 0 0
    outer loop
      vertex -34.925 100.33 0
      vertex -34.925 91.9523 2.63765
      vertex -34.925 91.988 2.81726
    endloop
  endfacet
  facet normal -1 0 0
    outer loop
      vertex -34.925 100.33 0
      vertex -34.925 91.8934 2.46424
      vertex -34.925 91.9523 2.63765
    endloop
  endfacet
  facet normal -1 0 0
    outer loop
      vertex -34.925 100.33 0
      vertex -34.925 91.8124 2.3
      vertex -34.925 91.8934 2.46424
    endloop
  endfacet
  facet normal -1 0 0
    outer loop
      vertex -34.925 100.33 0
      vertex -34.925 91.7107 2.14773
      vertex -34.925 91.8124 2.3
    endloop
  endfacet
  facet normal -1 0 0
    outer loop
      vertex -34.925 100.33 0
      vertex -34.925 91.59 2.01005
      vertex -34.925 91.7107 2.14773
    endloop
  endfacet
  facet normal -1 0 0
    outer loop
      vertex -34.925 100.33 0
      vertex -34.925 91.4523 1.88931
      vertex -34.925 91.59 2.01005
    endloop
  endfacet
  facet normal -1 0 0
    outer loop
      vertex -34.925 100.33 0
      vertex -34.925 91.3 1.78756
      vertex -34.925 91.4523 1.88931
    endloop
  endfacet
  facet normal -1 0 0
    outer loop
      vertex -34.925 100.33 0
      vertex -34.925 91.1358 1.70657
      vertex -34.925 91.3 1.78756
    endloop
  endfacet
  facet normal -1 0 0
    outer loop
      vertex -34.925 100.33 0
      vertex -34.925 90.9623 1.6477
      vertex -34.925 91.1358 1.70657
    endloop
  endfacet
  facet normal -1 0 0
    outer loop
      vertex -34.925 100.33 0
      vertex -34.925 90.7827 1.61198
      vertex -34.925 90.9623 1.6477
    endloop
  endfacet
  facet normal -1 0 0
    outer loop
      vertex -34.925 100.33 0
      vertex -34.925 90.6 1.6
      vertex -34.925 90.7827 1.61198
    endloop
  endfacet
  facet normal -1 0 0
    outer loop
      vertex -34.925 100.33 0
      vertex -34.925 90.4173 1.61198
      vertex -34.925 90.6 1.6
    endloop
  endfacet
  facet normal -1 0 0
    outer loop
      vertex -34.925 89.212 2.81726
      vertex -34.925 74.43 3
      vertex -34.925 89.2 3
    endloop
  endfacet
  facet normal -1 0 0
    outer loop
      vertex -34.925 74.418 2.81726
      vertex -34.925 89.212 2.81726
      vertex -34.925 89.2477 2.63765
    endloop
  endfacet
  facet normal -1 0 0
    outer loop
      vertex -34.925 74.3823 2.63765
      vertex -34.925 89.2477 2.63765
      vertex -34.925 89.3066 2.46424
    endloop
  endfacet
  facet normal -1 0 0
    outer loop
      vertex -34.925 74.3234 2.46424
      vertex -34.925 89.3066 2.46424
      vertex -34.925 89.3876 2.3
    endloop
  endfacet
  facet normal -1 0 0
    outer loop
      vertex -34.925 74.2424 2.3
      vertex -34.925 89.3876 2.3
      vertex -34.925 89.4893 2.14773
    endloop
  endfacet
  facet normal -1 0 0
    outer loop
      vertex -34.925 74.1407 2.14773
      vertex -34.925 89.4893 2.14773
      vertex -34.925 89.61 2.01005
    endloop
  endfacet
  facet normal -1 0 0
    outer loop
      vertex -34.925 74.02 2.01005
      vertex -34.925 89.61 2.01005
      vertex -34.925 89.7477 1.88931
    endloop
  endfacet
  facet normal -1 0 0
    outer loop
      vertex -34.925 73.8823 1.88931
      vertex -34.925 89.7477 1.88931
      vertex -34.925 89.9 1.78756
    endloop
  endfacet
  facet normal -1 0 0
    outer loop
      vertex -34.925 73.73 1.78756
      vertex -34.925 89.9 1.78756
      vertex -34.925 90.0642 1.70657
    endloop
  endfacet
  facet normal -1 0 0
    outer loop
      vertex -34.925 73.5658 1.70657
      vertex -34.925 90.0642 1.70657
      vertex -34.925 90.2377 1.6477
    endloop
  endfacet
  facet normal -1 0 0
    outer loop
      vertex -34.925 73.3923 1.6477
      vertex -34.925 90.2377 1.6477
      vertex -34.925 90.4173 1.61198
    endloop
  endfacet
  facet normal -1 0 0
    outer loop
      vertex -34.925 73.2127 1.61198
      vertex -34.925 90.4173 1.61198
      vertex -34.925 100.33 0
    endloop
  endfacet
  facet normal -1 0 0
    outer loop
      vertex -34.925 89.212 2.81726
      vertex -34.925 74.418 2.81726
      vertex -34.925 74.43 3
    endloop
  endfacet
  facet normal -1 0 0
    outer loop
      vertex -34.925 89.2477 2.63765
      vertex -34.925 74.3823 2.63765
      vertex -34.925 74.418 2.81726
    endloop
  endfacet
  facet normal -1 0 0
    outer loop
      vertex -34.925 89.3066 2.46424
      vertex -34.925 74.3234 2.46424
      vertex -34.925 74.3823 2.63765
    endloop
  endfacet
  facet normal -1 0 0
    outer loop
      vertex -34.925 89.3876 2.3
      vertex -34.925 74.2424 2.3
      vertex -34.925 74.3234 2.46424
    endloop
  endfacet
  facet normal -1 0 0
    outer loop
      vertex -34.925 89.4893 2.14773
      vertex -34.925 74.1407 2.14773
      vertex -34.925 74.2424 2.3
    endloop
  endfacet
  facet normal -1 0 0
    outer loop
      vertex -34.925 89.61 2.01005
      vertex -34.925 74.02 2.01005
      vertex -34.925 74.1407 2.14773
    endloop
  endfacet
  facet normal -1 0 0
    outer loop
      vertex -34.925 89.7477 1.88931
      vertex -34.925 73.8823 1.88931
      vertex -34.925 74.02 2.01005
    endloop
  endfacet
  facet normal -1 0 0
    outer loop
      vertex -34.925 89.9 1.78756
      vertex -34.925 73.73 1.78756
      vertex -34.925 73.8823 1.88931
    endloop
  endfacet
  facet normal -1 0 0
    outer loop
      vertex -34.925 90.0642 1.70657
      vertex -34.925 73.5658 1.70657
      vertex -34.925 73.73 1.78756
    endloop
  endfacet
  facet normal -1 0 0
    outer loop
      vertex -34.925 90.2377 1.6477
      vertex -34.925 73.3923 1.6477
      vertex -34.925 73.5658 1.70657
    endloop
  endfacet
  facet normal -1 0 0
    outer loop
      vertex -34.925 90.4173 1.61198
      vertex -34.925 73.2127 1.61198
      vertex -34.925 73.3923 1.6477
    endloop
  endfacet
  facet normal -1 0 0
    outer loop
      vertex -34.925 100.33 0
      vertex -34.925 73.03 1.6
      vertex -34.925 73.2127 1.61198
    endloop
  endfacet
  facet normal -1 0 0
    outer loop
      vertex -34.925 71.642 2.81726
      vertex -34.925 36.33 3
      vertex -34.925 71.63 3
    endloop
  endfacet
  facet normal -1 0 0
    outer loop
      vertex -34.925 36.318 2.81726
      vertex -34.925 71.642 2.81726
      vertex -34.925 71.6777 2.63765
    endloop
  endfacet
  facet normal -1 0 0
    outer loop
      vertex -34.925 36.2823 2.63765
      vertex -34.925 71.6777 2.63765
      vertex -34.925 71.7366 2.46424
    endloop
  endfacet
  facet normal -1 0 0
    outer loop
      vertex -34.925 36.2234 2.46424
      vertex -34.925 71.7366 2.46424
      vertex -34.925 71.8176 2.3
    endloop
  endfacet
  facet normal -1 0 0
    outer loop
      vertex -34.925 36.1424 2.3
      vertex -34.925 71.8176 2.3
      vertex -34.925 71.9193 2.14773
    endloop
  endfacet
  facet normal -1 0 0
    outer loop
      vertex -34.925 36.0407 2.14773
      vertex -34.925 71.9193 2.14773
      vertex -34.925 72.04 2.01005
    endloop
  endfacet
  facet normal -1 0 0
    outer loop
      vertex -34.925 35.9199 2.01005
      vertex -34.925 72.04 2.01005
      vertex -34.925 72.1777 1.88931
    endloop
  endfacet
  facet normal -1 0 0
    outer loop
      vertex -34.925 35.7823 1.88931
      vertex -34.925 72.1777 1.88931
      vertex -34.925 72.33 1.78756
    endloop
  endfacet
  facet normal -1 0 0
    outer loop
      vertex -34.925 35.63 1.78756
      vertex -34.925 72.33 1.78756
      vertex -34.925 72.4942 1.70657
    endloop
  endfacet
  facet normal -1 0 0
    outer loop
      vertex -34.925 35.4658 1.70657
      vertex -34.925 72.4942 1.70657
      vertex -34.925 72.6677 1.6477
    endloop
  endfacet
  facet normal -1 0 0
    outer loop
      vertex -34.925 35.2923 1.6477
      vertex -34.925 72.6677 1.6477
      vertex -34.925 72.8473 1.61198
    endloop
  endfacet
  facet normal -1 0 0
    outer loop
      vertex -34.925 35.1127 1.61198
      vertex -34.925 72.8473 1.61198
      vertex -34.925 73.03 1.6
    endloop
  endfacet
  facet normal -1 0 0
    outer loop
      vertex -34.925 34.93 1.6
      vertex -34.925 73.03 1.6
      vertex -34.925 100.33 0
    endloop
  endfacet
  facet normal -1 0 0
    outer loop
      vertex -34.925 71.642 2.81726
      vertex -34.925 36.318 2.81726
      vertex -34.925 36.33 3
    endloop
  endfacet
  facet normal -1 0 0
    outer loop
      vertex -34.925 71.6777 2.63765
      vertex -34.925 36.2823 2.63765
      vertex -34.925 36.318 2.81726
    endloop
  endfacet
  facet normal -1 0 0
    outer loop
      vertex -34.925 71.7366 2.46424
      vertex -34.925 36.2234 2.46424
      vertex -34.925 36.2823 2.63765
    endloop
  endfacet
  facet normal -1 0 0
    outer loop
      vertex -34.925 71.8176 2.3
      vertex -34.925 36.1424 2.3
      vertex -34.925 36.2234 2.46424
    endloop
  endfacet
  facet normal -1 0 0
    outer loop
      vertex -34.925 71.9193 2.14773
      vertex -34.925 36.0407 2.14773
      vertex -34.925 36.1424 2.3
    endloop
  endfacet
  facet normal -1 0 0
    outer loop
      vertex -34.925 72.04 2.01005
      vertex -34.925 35.9199 2.01005
      vertex -34.925 36.0407 2.14773
    endloop
  endfacet
  facet normal -1 0 0
    outer loop
      vertex -34.925 72.1777 1.88931
      vertex -34.925 35.7823 1.88931
      vertex -34.925 35.9199 2.01005
    endloop
  endfacet
  facet normal -1 0 0
    outer loop
      vertex -34.925 72.33 1.78756
      vertex -34.925 35.63 1.78756
      vertex -34.925 35.7823 1.88931
    endloop
  endfacet
  facet normal -1 0 0
    outer loop
      vertex -34.925 72.4942 1.70657
      vertex -34.925 35.4658 1.70657
      vertex -34.925 35.63 1.78756
    endloop
  endfacet
  facet normal -1 0 0
    outer loop
      vertex -34.925 72.6677 1.6477
      vertex -34.925 35.2923 1.6477
      vertex -34.925 35.4658 1.70657
    endloop
  endfacet
  facet normal -1 0 0
    outer loop
      vertex -34.925 72.8473 1.61198
      vertex -34.925 35.1127 1.61198
      vertex -34.925 35.2923 1.6477
    endloop
  endfacet
  facet normal -1 0 0
    outer loop
      vertex -34.925 73.03 1.6
      vertex -34.925 34.93 1.6
      vertex -34.925 35.1127 1.61198
    endloop
  endfacet
  facet normal -1 0 0
    outer loop
      vertex -34.925 33.542 2.81726
      vertex -34.925 15.4 3
      vertex -34.925 33.53 3
    endloop
  endfacet
  facet normal -1 0 0
    outer loop
      vertex -34.925 15.388 2.81726
      vertex -34.925 33.542 2.81726
      vertex -34.925 33.5777 2.63765
    endloop
  endfacet
  facet normal -1 0 0
    outer loop
      vertex -34.925 15.3523 2.63765
      vertex -34.925 33.5777 2.63765
      vertex -34.925 33.6366 2.46424
    endloop
  endfacet
  facet normal -1 0 0
    outer loop
      vertex -34.925 15.2934 2.46424
      vertex -34.925 33.6366 2.46424
      vertex -34.925 33.7176 2.3
    endloop
  endfacet
  facet normal -1 0 0
    outer loop
      vertex -34.925 15.2124 2.3
      vertex -34.925 33.7176 2.3
      vertex -34.925 33.8193 2.14773
    endloop
  endfacet
  facet normal -1 0 0
    outer loop
      vertex -34.925 15.1107 2.14773
      vertex -34.925 33.8193 2.14773
      vertex -34.925 33.94 2.01005
    endloop
  endfacet
  facet normal -1 0 0
    outer loop
      vertex -34.925 14.9899 2.01005
      vertex -34.925 33.94 2.01005
      vertex -34.925 34.0777 1.88931
    endloop
  endfacet
  facet normal -1 0 0
    outer loop
      vertex -34.925 14.8523 1.88931
      vertex -34.925 34.0777 1.88931
      vertex -34.925 34.23 1.78756
    endloop
  endfacet
  facet normal -1 0 0
    outer loop
      vertex -34.925 14.7 1.78756
      vertex -34.925 34.23 1.78756
      vertex -34.925 34.3942 1.70657
    endloop
  endfacet
  facet normal -1 0 0
    outer loop
      vertex -34.925 14.5358 1.70657
      vertex -34.925 34.3942 1.70657
      vertex -34.925 34.5677 1.6477
    endloop
  endfacet
  facet normal -1 0 0
    outer loop
      vertex -34.925 14.3623 1.6477
      vertex -34.925 34.5677 1.6477
      vertex -34.925 34.7473 1.61198
    endloop
  endfacet
  facet normal -1 0 0
    outer loop
      vertex -34.925 33.542 2.81726
      vertex -34.925 15.388 2.81726
      vertex -34.925 15.4 3
    endloop
  endfacet
  facet normal -1 0 0
    outer loop
      vertex -34.925 14.1827 1.61198
      vertex -34.925 34.7473 1.61198
      vertex -34.925 34.93 1.6
    endloop
  endfacet
  facet normal -1 0 0
    outer loop
      vertex -34.925 33.5777 2.63765
      vertex -34.925 15.3523 2.63765
      vertex -34.925 15.388 2.81726
    endloop
  endfacet
  facet normal -1 0 0
    outer loop
      vertex -34.925 33.6366 2.46424
      vertex -34.925 15.2934 2.46424
      vertex -34.925 15.3523 2.63765
    endloop
  endfacet
  facet normal -1 0 0
    outer loop
      vertex -34.925 33.7176 2.3
      vertex -34.925 15.2124 2.3
      vertex -34.925 15.2934 2.46424
    endloop
  endfacet
  facet normal -1 0 0
    outer loop
      vertex -34.925 33.8193 2.14773
      vertex -34.925 15.1107 2.14773
      vertex -34.925 15.2124 2.3
    endloop
  endfacet
  facet normal -1 0 0
    outer loop
      vertex -34.925 33.94 2.01005
      vertex -34.925 14.9899 2.01005
      vertex -34.925 15.1107 2.14773
    endloop
  endfacet
  facet normal -1 0 0
    outer loop
      vertex -34.925 0 0
      vertex -34.925 34.93 1.6
      vertex -34.925 100.33 0
    endloop
  endfacet
  facet normal -1 0 0
    outer loop
      vertex -34.925 34.0777 1.88931
      vertex -34.925 14.8523 1.88931
      vertex -34.925 14.9899 2.01005
    endloop
  endfacet
  facet normal -1 0 0
    outer loop
      vertex -34.925 34.23 1.78756
      vertex -34.925 14.7 1.78756
      vertex -34.925 14.8523 1.88931
    endloop
  endfacet
  facet normal -1 0 0
    outer loop
      vertex -34.925 34.3942 1.70657
      vertex -34.925 14.5358 1.70657
      vertex -34.925 14.7 1.78756
    endloop
  endfacet
  facet normal -1 0 0
    outer loop
      vertex -34.925 34.5677 1.6477
      vertex -34.925 14.3623 1.6477
      vertex -34.925 14.5358 1.70657
    endloop
  endfacet
  facet normal -1 0 0
    outer loop
      vertex -34.925 34.7473 1.61198
      vertex -34.925 14.1827 1.61198
      vertex -34.925 14.3623 1.6477
    endloop
  endfacet
  facet normal -1 -0 0
    outer loop
      vertex -34.925 34.93 1.6
      vertex -34.925 0 0
      vertex -34.925 14.1827 1.61198
    endloop
  endfacet
  facet normal -1 -0 0
    outer loop
      vertex -34.925 12.612 2.81726
      vertex -34.925 0 0
      vertex -34.925 12.6 3
    endloop
  endfacet
  facet normal -1 -0 0
    outer loop
      vertex -34.925 12.6477 2.63765
      vertex -34.925 0 0
      vertex -34.925 12.612 2.81726
    endloop
  endfacet
  facet normal -1 -0 0
    outer loop
      vertex -34.925 12.7066 2.46424
      vertex -34.925 0 0
      vertex -34.925 12.6477 2.63765
    endloop
  endfacet
  facet normal -1 -0 0
    outer loop
      vertex -34.925 12.7876 2.3
      vertex -34.925 0 0
      vertex -34.925 12.7066 2.46424
    endloop
  endfacet
  facet normal -1 -0 0
    outer loop
      vertex -34.925 12.8893 2.14773
      vertex -34.925 0 0
      vertex -34.925 12.7876 2.3
    endloop
  endfacet
  facet normal -1 -0 0
    outer loop
      vertex -34.925 13.01 2.01005
      vertex -34.925 0 0
      vertex -34.925 12.8893 2.14773
    endloop
  endfacet
  facet normal -1 -0 0
    outer loop
      vertex -34.925 13.1477 1.88931
      vertex -34.925 0 0
      vertex -34.925 13.01 2.01005
    endloop
  endfacet
  facet normal -1 -0 0
    outer loop
      vertex -34.925 13.3 1.78756
      vertex -34.925 0 0
      vertex -34.925 13.1477 1.88931
    endloop
  endfacet
  facet normal -1 -0 0
    outer loop
      vertex -34.925 13.4642 1.70657
      vertex -34.925 0 0
      vertex -34.925 13.3 1.78756
    endloop
  endfacet
  facet normal -1 -0 0
    outer loop
      vertex -34.925 13.6377 1.6477
      vertex -34.925 0 0
      vertex -34.925 13.4642 1.70657
    endloop
  endfacet
  facet normal -1 -0 0
    outer loop
      vertex -34.925 13.8173 1.61198
      vertex -34.925 0 0
      vertex -34.925 13.6377 1.6477
    endloop
  endfacet
  facet normal -1 -0 0
    outer loop
      vertex -34.925 14 1.6
      vertex -34.925 0 0
      vertex -34.925 13.8173 1.61198
    endloop
  endfacet
  facet normal -1 0 0
    outer loop
      vertex -34.925 14.1827 1.61198
      vertex -34.925 0 0
      vertex -34.925 14 1.6
    endloop
  endfacet
  facet normal -1 0 0
    outer loop
      vertex -34.925 91.9523 3.36235
      vertex -34.925 100.33 0
      vertex -34.925 91.988 3.18274
    endloop
  endfacet
  facet normal -1 0 0
    outer loop
      vertex -34.925 100.33 0
      vertex -34.925 91.9523 3.36235
      vertex -34.925 100.33 10
    endloop
  endfacet
  facet normal -1 0 0
    outer loop
      vertex -34.925 91.8934 3.53576
      vertex -34.925 100.33 10
      vertex -34.925 91.9523 3.36235
    endloop
  endfacet
  facet normal -1 0 0
    outer loop
      vertex -34.925 91.8124 3.7
      vertex -34.925 100.33 10
      vertex -34.925 91.8934 3.53576
    endloop
  endfacet
  facet normal -1 0 0
    outer loop
      vertex -34.925 91.7107 3.85227
      vertex -34.925 100.33 10
      vertex -34.925 91.8124 3.7
    endloop
  endfacet
  facet normal -1 0 0
    outer loop
      vertex -34.925 91.59 3.98995
      vertex -34.925 100.33 10
      vertex -34.925 91.7107 3.85227
    endloop
  endfacet
  facet normal -1 0 0
    outer loop
      vertex -34.925 91.4523 4.11069
      vertex -34.925 100.33 10
      vertex -34.925 91.59 3.98995
    endloop
  endfacet
  facet normal -1 0 0
    outer loop
      vertex -34.925 91.3 4.21243
      vertex -34.925 100.33 10
      vertex -34.925 91.4523 4.11069
    endloop
  endfacet
  facet normal -1 0 0
    outer loop
      vertex -34.925 91.1358 4.29343
      vertex -34.925 100.33 10
      vertex -34.925 91.3 4.21243
    endloop
  endfacet
  facet normal -1 0 0
    outer loop
      vertex -34.925 90.9623 4.3523
      vertex -34.925 100.33 10
      vertex -34.925 91.1358 4.29343
    endloop
  endfacet
  facet normal -1 0 0
    outer loop
      vertex -34.925 90.7827 4.38802
      vertex -34.925 100.33 10
      vertex -34.925 90.9623 4.3523
    endloop
  endfacet
  facet normal -1 0 0
    outer loop
      vertex -34.925 90.6 4.4
      vertex -34.925 100.33 10
      vertex -34.925 90.7827 4.38802
    endloop
  endfacet
  facet normal -1 0 0
    outer loop
      vertex -34.925 90.4173 4.38802
      vertex -34.925 100.33 10
      vertex -34.925 90.6 4.4
    endloop
  endfacet
  facet normal -1 0 0
    outer loop
      vertex -34.925 90.2377 4.3523
      vertex -34.925 100.33 10
      vertex -34.925 90.4173 4.38802
    endloop
  endfacet
  facet normal -1 0 0
    outer loop
      vertex -34.925 73.3923 4.3523
      vertex -34.925 90.2377 4.3523
      vertex -34.925 90.0642 4.29343
    endloop
  endfacet
  facet normal -1 0 0
    outer loop
      vertex -34.925 73.5658 4.29343
      vertex -34.925 90.0642 4.29343
      vertex -34.925 89.9 4.21243
    endloop
  endfacet
  facet normal -1 0 0
    outer loop
      vertex -34.925 74.43 3
      vertex -34.925 89.212 3.18274
      vertex -34.925 89.2 3
    endloop
  endfacet
  facet normal -1 0 0
    outer loop
      vertex -34.925 74.418 3.18274
      vertex -34.925 89.212 3.18274
      vertex -34.925 74.43 3
    endloop
  endfacet
  facet normal -1 0 0
    outer loop
      vertex -34.925 89.212 3.18274
      vertex -34.925 74.418 3.18274
      vertex -34.925 89.2477 3.36235
    endloop
  endfacet
  facet normal -1 0 0
    outer loop
      vertex -34.925 74.3823 3.36235
      vertex -34.925 89.2477 3.36235
      vertex -34.925 74.418 3.18274
    endloop
  endfacet
  facet normal -1 0 0
    outer loop
      vertex -34.925 89.2477 3.36235
      vertex -34.925 74.3823 3.36235
      vertex -34.925 89.3066 3.53576
    endloop
  endfacet
  facet normal -1 0 0
    outer loop
      vertex -34.925 74.3234 3.53576
      vertex -34.925 89.3066 3.53576
      vertex -34.925 74.3823 3.36235
    endloop
  endfacet
  facet normal -1 0 0
    outer loop
      vertex -34.925 89.3066 3.53576
      vertex -34.925 74.3234 3.53576
      vertex -34.925 89.3876 3.7
    endloop
  endfacet
  facet normal -1 0 0
    outer loop
      vertex -34.925 74.2424 3.7
      vertex -34.925 89.3876 3.7
      vertex -34.925 74.3234 3.53576
    endloop
  endfacet
  facet normal -1 0 0
    outer loop
      vertex -34.925 89.3876 3.7
      vertex -34.925 74.2424 3.7
      vertex -34.925 89.4893 3.85227
    endloop
  endfacet
  facet normal -1 0 0
    outer loop
      vertex -34.925 74.1407 3.85227
      vertex -34.925 89.4893 3.85227
      vertex -34.925 74.2424 3.7
    endloop
  endfacet
  facet normal -1 0 0
    outer loop
      vertex -34.925 89.4893 3.85227
      vertex -34.925 74.1407 3.85227
      vertex -34.925 89.61 3.98995
    endloop
  endfacet
  facet normal -1 0 0
    outer loop
      vertex -34.925 74.02 3.98995
      vertex -34.925 89.61 3.98995
      vertex -34.925 74.1407 3.85227
    endloop
  endfacet
  facet normal -1 0 0
    outer loop
      vertex -34.925 89.61 3.98995
      vertex -34.925 74.02 3.98995
      vertex -34.925 89.7477 4.11069
    endloop
  endfacet
  facet normal -1 0 0
    outer loop
      vertex -34.925 73.8823 4.11069
      vertex -34.925 89.7477 4.11069
      vertex -34.925 74.02 3.98995
    endloop
  endfacet
  facet normal -1 0 0
    outer loop
      vertex -34.925 89.7477 4.11069
      vertex -34.925 73.8823 4.11069
      vertex -34.925 89.9 4.21243
    endloop
  endfacet
  facet normal -1 0 0
    outer loop
      vertex -34.925 73.73 4.21243
      vertex -34.925 89.9 4.21243
      vertex -34.925 73.8823 4.11069
    endloop
  endfacet
  facet normal -1 0 0
    outer loop
      vertex -34.925 73.5658 4.29343
      vertex -34.925 89.9 4.21243
      vertex -34.925 73.73 4.21243
    endloop
  endfacet
  facet normal -1 0 0
    outer loop
      vertex -34.925 90.0642 4.29343
      vertex -34.925 73.5658 4.29343
      vertex -34.925 73.3923 4.3523
    endloop
  endfacet
  facet normal -1 0 0
    outer loop
      vertex -34.925 90.2377 4.3523
      vertex -34.925 73.3923 4.3523
      vertex -34.925 100.33 10
    endloop
  endfacet
  facet normal -1 0 0
    outer loop
      vertex -34.925 73.2127 4.38802
      vertex -34.925 100.33 10
      vertex -34.925 73.3923 4.3523
    endloop
  endfacet
  facet normal -1 0 0
    outer loop
      vertex -34.925 73.03 4.4
      vertex -34.925 100.33 10
      vertex -34.925 73.2127 4.38802
    endloop
  endfacet
  facet normal -1 0 0
    outer loop
      vertex -34.925 72.8473 4.38802
      vertex -34.925 100.33 10
      vertex -34.925 73.03 4.4
    endloop
  endfacet
  facet normal -1 0 0
    outer loop
      vertex -34.925 35.1127 4.38802
      vertex -34.925 72.8473 4.38802
      vertex -34.925 72.6677 4.3523
    endloop
  endfacet
  facet normal -1 0 0
    outer loop
      vertex -34.925 36.33 3
      vertex -34.925 71.642 3.18274
      vertex -34.925 71.63 3
    endloop
  endfacet
  facet normal -1 0 0
    outer loop
      vertex -34.925 36.318 3.18274
      vertex -34.925 71.642 3.18274
      vertex -34.925 36.33 3
    endloop
  endfacet
  facet normal -1 0 0
    outer loop
      vertex -34.925 71.642 3.18274
      vertex -34.925 36.318 3.18274
      vertex -34.925 71.6777 3.36235
    endloop
  endfacet
  facet normal -1 0 0
    outer loop
      vertex -34.925 36.2823 3.36235
      vertex -34.925 71.6777 3.36235
      vertex -34.925 36.318 3.18274
    endloop
  endfacet
  facet normal -1 0 0
    outer loop
      vertex -34.925 71.6777 3.36235
      vertex -34.925 36.2823 3.36235
      vertex -34.925 71.7366 3.53576
    endloop
  endfacet
  facet normal -1 0 0
    outer loop
      vertex -34.925 36.2234 3.53576
      vertex -34.925 71.7366 3.53576
      vertex -34.925 36.2823 3.36235
    endloop
  endfacet
  facet normal -1 0 0
    outer loop
      vertex -34.925 71.7366 3.53576
      vertex -34.925 36.2234 3.53576
      vertex -34.925 71.8176 3.7
    endloop
  endfacet
  facet normal -1 0 0
    outer loop
      vertex -34.925 36.1424 3.7
      vertex -34.925 71.8176 3.7
      vertex -34.925 36.2234 3.53576
    endloop
  endfacet
  facet normal -1 0 0
    outer loop
      vertex -34.925 71.8176 3.7
      vertex -34.925 36.1424 3.7
      vertex -34.925 71.9193 3.85227
    endloop
  endfacet
  facet normal -1 0 0
    outer loop
      vertex -34.925 36.0407 3.85227
      vertex -34.925 71.9193 3.85227
      vertex -34.925 36.1424 3.7
    endloop
  endfacet
  facet normal -1 0 0
    outer loop
      vertex -34.925 71.9193 3.85227
      vertex -34.925 36.0407 3.85227
      vertex -34.925 72.04 3.98995
    endloop
  endfacet
  facet normal -1 0 0
    outer loop
      vertex -34.925 35.9199 3.98995
      vertex -34.925 72.04 3.98995
      vertex -34.925 36.0407 3.85227
    endloop
  endfacet
  facet normal -1 0 0
    outer loop
      vertex -34.925 72.04 3.98995
      vertex -34.925 35.9199 3.98995
      vertex -34.925 72.1777 4.11069
    endloop
  endfacet
  facet normal -1 0 0
    outer loop
      vertex -34.925 35.7823 4.11069
      vertex -34.925 72.1777 4.11069
      vertex -34.925 35.9199 3.98995
    endloop
  endfacet
  facet normal -1 0 0
    outer loop
      vertex -34.925 72.1777 4.11069
      vertex -34.925 35.7823 4.11069
      vertex -34.925 72.33 4.21243
    endloop
  endfacet
  facet normal -1 0 0
    outer loop
      vertex -34.925 35.63 4.21243
      vertex -34.925 72.33 4.21243
      vertex -34.925 35.7823 4.11069
    endloop
  endfacet
  facet normal -1 0 0
    outer loop
      vertex -34.925 72.33 4.21243
      vertex -34.925 35.63 4.21243
      vertex -34.925 72.4942 4.29343
    endloop
  endfacet
  facet normal -1 0 0
    outer loop
      vertex -34.925 35.4658 4.29343
      vertex -34.925 72.4942 4.29343
      vertex -34.925 35.63 4.21243
    endloop
  endfacet
  facet normal -1 0 0
    outer loop
      vertex -34.925 72.4942 4.29343
      vertex -34.925 35.4658 4.29343
      vertex -34.925 72.6677 4.3523
    endloop
  endfacet
  facet normal -1 0 0
    outer loop
      vertex -34.925 35.2923 4.3523
      vertex -34.925 72.6677 4.3523
      vertex -34.925 35.4658 4.29343
    endloop
  endfacet
  facet normal -1 0 0
    outer loop
      vertex -34.925 35.1127 4.38802
      vertex -34.925 72.6677 4.3523
      vertex -34.925 35.2923 4.3523
    endloop
  endfacet
  facet normal -1 0 0
    outer loop
      vertex -34.925 72.8473 4.38802
      vertex -34.925 35.1127 4.38802
      vertex -34.925 100.33 10
    endloop
  endfacet
  facet normal -1 0 0
    outer loop
      vertex -34.925 34.93 4.4
      vertex -34.925 100.33 10
      vertex -34.925 35.1127 4.38802
    endloop
  endfacet
  facet normal -1 0 0
    outer loop
      vertex -34.925 0 10
      vertex -34.925 34.93 4.4
      vertex -34.925 34.7473 4.38802
    endloop
  endfacet
  facet normal -1 0 0
    outer loop
      vertex -34.925 15.4 3
      vertex -34.925 33.542 3.18274
      vertex -34.925 33.53 3
    endloop
  endfacet
  facet normal -1 0 0
    outer loop
      vertex -34.925 15.388 3.18274
      vertex -34.925 33.542 3.18274
      vertex -34.925 15.4 3
    endloop
  endfacet
  facet normal -1 0 0
    outer loop
      vertex -34.925 33.542 3.18274
      vertex -34.925 15.388 3.18274
      vertex -34.925 33.5777 3.36235
    endloop
  endfacet
  facet normal -1 0 0
    outer loop
      vertex -34.925 15.3523 3.36235
      vertex -34.925 33.5777 3.36235
      vertex -34.925 15.388 3.18274
    endloop
  endfacet
  facet normal -1 0 0
    outer loop
      vertex -34.925 33.5777 3.36235
      vertex -34.925 15.3523 3.36235
      vertex -34.925 33.6366 3.53576
    endloop
  endfacet
  facet normal -1 0 0
    outer loop
      vertex -34.925 15.2934 3.53576
      vertex -34.925 33.6366 3.53576
      vertex -34.925 15.3523 3.36235
    endloop
  endfacet
  facet normal -1 0 0
    outer loop
      vertex -34.925 33.6366 3.53576
      vertex -34.925 15.2934 3.53576
      vertex -34.925 33.7176 3.7
    endloop
  endfacet
  facet normal -1 0 0
    outer loop
      vertex -34.925 15.2124 3.7
      vertex -34.925 33.7176 3.7
      vertex -34.925 15.2934 3.53576
    endloop
  endfacet
  facet normal -1 0 0
    outer loop
      vertex -34.925 33.7176 3.7
      vertex -34.925 15.2124 3.7
      vertex -34.925 33.8193 3.85227
    endloop
  endfacet
  facet normal -1 0 0
    outer loop
      vertex -34.925 15.1107 3.85227
      vertex -34.925 33.8193 3.85227
      vertex -34.925 15.2124 3.7
    endloop
  endfacet
  facet normal -1 0 0
    outer loop
      vertex -34.925 33.8193 3.85227
      vertex -34.925 15.1107 3.85227
      vertex -34.925 33.94 3.98995
    endloop
  endfacet
  facet normal -1 0 0
    outer loop
      vertex -34.925 14.9899 3.98995
      vertex -34.925 33.94 3.98995
      vertex -34.925 15.1107 3.85227
    endloop
  endfacet
  facet normal -1 0 0
    outer loop
      vertex -34.925 33.94 3.98995
      vertex -34.925 14.9899 3.98995
      vertex -34.925 34.0777 4.11069
    endloop
  endfacet
  facet normal -1 0 0
    outer loop
      vertex -34.925 14.8523 4.11069
      vertex -34.925 34.0777 4.11069
      vertex -34.925 14.9899 3.98995
    endloop
  endfacet
  facet normal -1 0 0
    outer loop
      vertex -34.925 34.0777 4.11069
      vertex -34.925 14.8523 4.11069
      vertex -34.925 34.23 4.21243
    endloop
  endfacet
  facet normal -1 0 0
    outer loop
      vertex -34.925 14.7 4.21243
      vertex -34.925 34.23 4.21243
      vertex -34.925 14.8523 4.11069
    endloop
  endfacet
  facet normal -1 0 0
    outer loop
      vertex -34.925 34.23 4.21243
      vertex -34.925 14.7 4.21243
      vertex -34.925 34.3942 4.29343
    endloop
  endfacet
  facet normal -1 0 0
    outer loop
      vertex -34.925 14.5358 4.29343
      vertex -34.925 34.3942 4.29343
      vertex -34.925 14.7 4.21243
    endloop
  endfacet
  facet normal -1 0 0
    outer loop
      vertex -34.925 34.3942 4.29343
      vertex -34.925 14.5358 4.29343
      vertex -34.925 34.5677 4.3523
    endloop
  endfacet
  facet normal -1 0 0
    outer loop
      vertex -34.925 14.3623 4.3523
      vertex -34.925 34.5677 4.3523
      vertex -34.925 14.5358 4.29343
    endloop
  endfacet
  facet normal -1 0 0
    outer loop
      vertex -34.925 0 10
      vertex -34.925 34.5677 4.3523
      vertex -34.925 14.3623 4.3523
    endloop
  endfacet
  facet normal -1 0 0
    outer loop
      vertex -34.925 34.5677 4.3523
      vertex -34.925 0 10
      vertex -34.925 34.7473 4.38802
    endloop
  endfacet
  facet normal -1 0 0
    outer loop
      vertex -34.925 0 10
      vertex -34.925 14.3623 4.3523
      vertex -34.925 14.1827 4.38802
    endloop
  endfacet
  facet normal -1 0 0
    outer loop
      vertex -34.925 0 10
      vertex -34.925 14.1827 4.38802
      vertex -34.925 14 4.4
    endloop
  endfacet
  facet normal -1 0 0
    outer loop
      vertex -34.925 0 0
      vertex -34.925 12.612 3.18274
      vertex -34.925 12.6 3
    endloop
  endfacet
  facet normal -1 0 0
    outer loop
      vertex -34.925 0 0
      vertex -34.925 12.6477 3.36235
      vertex -34.925 12.612 3.18274
    endloop
  endfacet
  facet normal -1 0 0
    outer loop
      vertex -34.925 0 10
      vertex -34.925 12.6477 3.36235
      vertex -34.925 0 0
    endloop
  endfacet
  facet normal -1 0 0
    outer loop
      vertex -34.925 12.6477 3.36235
      vertex -34.925 0 10
      vertex -34.925 12.7066 3.53576
    endloop
  endfacet
  facet normal -1 0 0
    outer loop
      vertex -34.925 12.7066 3.53576
      vertex -34.925 0 10
      vertex -34.925 12.7876 3.7
    endloop
  endfacet
  facet normal -1 0 0
    outer loop
      vertex -34.925 12.7876 3.7
      vertex -34.925 0 10
      vertex -34.925 12.8893 3.85227
    endloop
  endfacet
  facet normal -1 0 0
    outer loop
      vertex -34.925 12.8893 3.85227
      vertex -34.925 0 10
      vertex -34.925 13.01 3.98995
    endloop
  endfacet
  facet normal -1 0 0
    outer loop
      vertex -34.925 13.01 3.98995
      vertex -34.925 0 10
      vertex -34.925 13.1477 4.11069
    endloop
  endfacet
  facet normal -1 0 0
    outer loop
      vertex -34.925 13.1477 4.11069
      vertex -34.925 0 10
      vertex -34.925 13.3 4.21243
    endloop
  endfacet
  facet normal -1 0 0
    outer loop
      vertex -34.925 13.3 4.21243
      vertex -34.925 0 10
      vertex -34.925 13.4642 4.29343
    endloop
  endfacet
  facet normal -1 0 0
    outer loop
      vertex -34.925 34.93 4.4
      vertex -34.925 0 10
      vertex -34.925 100.33 10
    endloop
  endfacet
  facet normal -1 0 0
    outer loop
      vertex -34.925 13.8173 4.38802
      vertex -34.925 0 10
      vertex -34.925 14 4.4
    endloop
  endfacet
  facet normal -1 0 0
    outer loop
      vertex -34.925 13.6377 4.3523
      vertex -34.925 0 10
      vertex -34.925 13.8173 4.38802
    endloop
  endfacet
  facet normal -1 0 0
    outer loop
      vertex -34.925 13.4642 4.29343
      vertex -34.925 0 10
      vertex -34.925 13.6377 4.3523
    endloop
  endfacet
  facet normal 0 1 0
    outer loop
      vertex 34.925 100.33 10
      vertex 29.925 100.33 3
      vertex 29.925 100.33 10
    endloop
  endfacet
  facet normal 0 1 0
    outer loop
      vertex 29.925 100.33 3
      vertex 34.925 100.33 0
      vertex -29.925 100.33 3
    endloop
  endfacet
  facet normal 0 1 -0
    outer loop
      vertex 34.925 100.33 0
      vertex 29.925 100.33 3
      vertex 34.925 100.33 10
    endloop
  endfacet
  facet normal 0 1 -0
    outer loop
      vertex -29.925 100.33 3
      vertex -34.925 100.33 10
      vertex -29.925 100.33 10
    endloop
  endfacet
  facet normal 0 1 0
    outer loop
      vertex -29.925 100.33 3
      vertex -34.925 100.33 0
      vertex -34.925 100.33 10
    endloop
  endfacet
  facet normal 0 1 0
    outer loop
      vertex -34.925 100.33 0
      vertex -29.925 100.33 3
      vertex 34.925 100.33 0
    endloop
  endfacet
  facet normal 0 -1 0
    outer loop
      vertex -34.925 0 10
      vertex -29.925 0 3
      vertex -29.925 0 10
    endloop
  endfacet
  facet normal 0 -1 -0
    outer loop
      vertex -29.925 0 3
      vertex -34.925 0 0
      vertex 29.925 0 3
    endloop
  endfacet
  facet normal 0 -1 0
    outer loop
      vertex -34.925 0 0
      vertex -29.925 0 3
      vertex -34.925 0 10
    endloop
  endfacet
  facet normal 0 -1 0
    outer loop
      vertex 29.925 0 3
      vertex 34.925 0 10
      vertex 29.925 0 10
    endloop
  endfacet
  facet normal 0 -1 0
    outer loop
      vertex 29.925 0 3
      vertex 34.925 0 0
      vertex 34.925 0 10
    endloop
  endfacet
  facet normal 0 -1 0
    outer loop
      vertex 34.925 0 0
      vertex 29.925 0 3
      vertex -34.925 0 0
    endloop
  endfacet
  facet normal 1 -0 0
    outer loop
      vertex 34.925 91.9523 3.36235
      vertex 34.925 100.33 0
      vertex 34.925 100.33 10
    endloop
  endfacet
  facet normal 1 0 0
    outer loop
      vertex 34.925 100.33 0
      vertex 34.925 91.988 3.18274
      vertex 34.925 92 3
    endloop
  endfacet
  facet normal 1 0 0
    outer loop
      vertex 34.925 100.33 0
      vertex 34.925 91.9523 3.36235
      vertex 34.925 91.988 3.18274
    endloop
  endfacet
  facet normal 1 0 0
    outer loop
      vertex 34.925 100.33 10
      vertex 34.925 91.8934 3.53576
      vertex 34.925 91.9523 3.36235
    endloop
  endfacet
  facet normal 1 0 0
    outer loop
      vertex 34.925 100.33 10
      vertex 34.925 91.8124 3.7
      vertex 34.925 91.8934 3.53576
    endloop
  endfacet
  facet normal 1 0 0
    outer loop
      vertex 34.925 100.33 10
      vertex 34.925 91.7107 3.85227
      vertex 34.925 91.8124 3.7
    endloop
  endfacet
  facet normal 1 0 0
    outer loop
      vertex 34.925 100.33 10
      vertex 34.925 91.59 3.98995
      vertex 34.925 91.7107 3.85227
    endloop
  endfacet
  facet normal 1 0 0
    outer loop
      vertex 34.925 100.33 10
      vertex 34.925 91.4523 4.11069
      vertex 34.925 91.59 3.98995
    endloop
  endfacet
  facet normal 1 0 0
    outer loop
      vertex 34.925 100.33 10
      vertex 34.925 91.3 4.21243
      vertex 34.925 91.4523 4.11069
    endloop
  endfacet
  facet normal 1 0 0
    outer loop
      vertex 34.925 100.33 10
      vertex 34.925 91.1358 4.29343
      vertex 34.925 91.3 4.21243
    endloop
  endfacet
  facet normal 1 0 0
    outer loop
      vertex 34.925 100.33 10
      vertex 34.925 90.9623 4.3523
      vertex 34.925 91.1358 4.29343
    endloop
  endfacet
  facet normal 1 0 0
    outer loop
      vertex 34.925 100.33 10
      vertex 34.925 90.7827 4.38802
      vertex 34.925 90.9623 4.3523
    endloop
  endfacet
  facet normal 1 0 0
    outer loop
      vertex 34.925 100.33 10
      vertex 34.925 90.6 4.4
      vertex 34.925 90.7827 4.38802
    endloop
  endfacet
  facet normal 1 0 0
    outer loop
      vertex 34.925 100.33 10
      vertex 34.925 90.4173 4.38802
      vertex 34.925 90.6 4.4
    endloop
  endfacet
  facet normal 1 0 0
    outer loop
      vertex 34.925 100.33 10
      vertex 34.925 90.2377 4.3523
      vertex 34.925 90.4173 4.38802
    endloop
  endfacet
  facet normal 1 0 0
    outer loop
      vertex 34.925 73.3923 4.3523
      vertex 34.925 90.2377 4.3523
      vertex 34.925 100.33 10
    endloop
  endfacet
  facet normal 1 0 0
    outer loop
      vertex 34.925 90.2377 4.3523
      vertex 34.925 73.3923 4.3523
      vertex 34.925 90.0642 4.29343
    endloop
  endfacet
  facet normal 1 0 0
    outer loop
      vertex 34.925 89.212 3.18274
      vertex 34.925 74.43 3
      vertex 34.925 89.2 3
    endloop
  endfacet
  facet normal 1 0 0
    outer loop
      vertex 34.925 74.418 3.18274
      vertex 34.925 89.212 3.18274
      vertex 34.925 89.2477 3.36235
    endloop
  endfacet
  facet normal 1 0 0
    outer loop
      vertex 34.925 74.3823 3.36235
      vertex 34.925 89.2477 3.36235
      vertex 34.925 89.3066 3.53576
    endloop
  endfacet
  facet normal 1 0 0
    outer loop
      vertex 34.925 74.3234 3.53576
      vertex 34.925 89.3066 3.53576
      vertex 34.925 89.3876 3.7
    endloop
  endfacet
  facet normal 1 0 0
    outer loop
      vertex 34.925 74.2424 3.7
      vertex 34.925 89.3876 3.7
      vertex 34.925 89.4893 3.85227
    endloop
  endfacet
  facet normal 1 0 0
    outer loop
      vertex 34.925 74.1407 3.85227
      vertex 34.925 89.4893 3.85227
      vertex 34.925 89.61 3.98995
    endloop
  endfacet
  facet normal 1 0 0
    outer loop
      vertex 34.925 74.02 3.98995
      vertex 34.925 89.61 3.98995
      vertex 34.925 89.7477 4.11069
    endloop
  endfacet
  facet normal 1 0 0
    outer loop
      vertex 34.925 73.8823 4.11069
      vertex 34.925 89.7477 4.11069
      vertex 34.925 89.9 4.21243
    endloop
  endfacet
  facet normal 1 0 -0
    outer loop
      vertex 34.925 73.5658 4.29343
      vertex 34.925 90.0642 4.29343
      vertex 34.925 73.3923 4.3523
    endloop
  endfacet
  facet normal 1 0 0
    outer loop
      vertex 34.925 89.212 3.18274
      vertex 34.925 74.418 3.18274
      vertex 34.925 74.43 3
    endloop
  endfacet
  facet normal 1 0 0
    outer loop
      vertex 34.925 89.2477 3.36235
      vertex 34.925 74.3823 3.36235
      vertex 34.925 74.418 3.18274
    endloop
  endfacet
  facet normal 1 0 0
    outer loop
      vertex 34.925 89.3066 3.53576
      vertex 34.925 74.3234 3.53576
      vertex 34.925 74.3823 3.36235
    endloop
  endfacet
  facet normal 1 0 0
    outer loop
      vertex 34.925 89.3876 3.7
      vertex 34.925 74.2424 3.7
      vertex 34.925 74.3234 3.53576
    endloop
  endfacet
  facet normal 1 0 0
    outer loop
      vertex 34.925 89.4893 3.85227
      vertex 34.925 74.1407 3.85227
      vertex 34.925 74.2424 3.7
    endloop
  endfacet
  facet normal 1 0 0
    outer loop
      vertex 34.925 89.61 3.98995
      vertex 34.925 74.02 3.98995
      vertex 34.925 74.1407 3.85227
    endloop
  endfacet
  facet normal 1 0 0
    outer loop
      vertex 34.925 89.7477 4.11069
      vertex 34.925 73.8823 4.11069
      vertex 34.925 74.02 3.98995
    endloop
  endfacet
  facet normal 1 0 0
    outer loop
      vertex 34.925 89.9 4.21243
      vertex 34.925 73.73 4.21243
      vertex 34.925 73.8823 4.11069
    endloop
  endfacet
  facet normal 1 0 0
    outer loop
      vertex 34.925 89.9 4.21243
      vertex 34.925 73.5658 4.29343
      vertex 34.925 73.73 4.21243
    endloop
  endfacet
  facet normal 1 0 0
    outer loop
      vertex 34.925 90.0642 4.29343
      vertex 34.925 73.5658 4.29343
      vertex 34.925 89.9 4.21243
    endloop
  endfacet
  facet normal 1 0 0
    outer loop
      vertex 34.925 100.33 10
      vertex 34.925 73.2127 4.38802
      vertex 34.925 73.3923 4.3523
    endloop
  endfacet
  facet normal 1 0 0
    outer loop
      vertex 34.925 100.33 10
      vertex 34.925 73.03 4.4
      vertex 34.925 73.2127 4.38802
    endloop
  endfacet
  facet normal 1 0 0
    outer loop
      vertex 34.925 100.33 10
      vertex 34.925 72.8473 4.38802
      vertex 34.925 73.03 4.4
    endloop
  endfacet
  facet normal 1 0 0
    outer loop
      vertex 34.925 35.1127 4.38802
      vertex 34.925 72.8473 4.38802
      vertex 34.925 100.33 10
    endloop
  endfacet
  facet normal 1 0 0
    outer loop
      vertex 34.925 71.642 3.18274
      vertex 34.925 36.33 3
      vertex 34.925 71.63 3
    endloop
  endfacet
  facet normal 1 0 0
    outer loop
      vertex 34.925 36.318 3.18274
      vertex 34.925 71.642 3.18274
      vertex 34.925 71.6777 3.36235
    endloop
  endfacet
  facet normal 1 0 0
    outer loop
      vertex 34.925 36.2823 3.36235
      vertex 34.925 71.6777 3.36235
      vertex 34.925 71.7366 3.53576
    endloop
  endfacet
  facet normal 1 0 0
    outer loop
      vertex 34.925 36.2234 3.53576
      vertex 34.925 71.7366 3.53576
      vertex 34.925 71.8176 3.7
    endloop
  endfacet
  facet normal 1 0 0
    outer loop
      vertex 34.925 36.1424 3.7
      vertex 34.925 71.8176 3.7
      vertex 34.925 71.9193 3.85227
    endloop
  endfacet
  facet normal 1 0 0
    outer loop
      vertex 34.925 36.0407 3.85227
      vertex 34.925 71.9193 3.85227
      vertex 34.925 72.04 3.98995
    endloop
  endfacet
  facet normal 1 0 0
    outer loop
      vertex 34.925 35.9199 3.98995
      vertex 34.925 72.04 3.98995
      vertex 34.925 72.1777 4.11069
    endloop
  endfacet
  facet normal 1 0 0
    outer loop
      vertex 34.925 35.7823 4.11069
      vertex 34.925 72.1777 4.11069
      vertex 34.925 72.33 4.21243
    endloop
  endfacet
  facet normal 1 0 0
    outer loop
      vertex 34.925 35.63 4.21243
      vertex 34.925 72.33 4.21243
      vertex 34.925 72.4942 4.29343
    endloop
  endfacet
  facet normal 1 0 0
    outer loop
      vertex 34.925 35.4658 4.29343
      vertex 34.925 72.4942 4.29343
      vertex 34.925 72.6677 4.3523
    endloop
  endfacet
  facet normal 1 0 0
    outer loop
      vertex 34.925 72.8473 4.38802
      vertex 34.925 35.1127 4.38802
      vertex 34.925 72.6677 4.3523
    endloop
  endfacet
  facet normal 1 0 0
    outer loop
      vertex 34.925 71.642 3.18274
      vertex 34.925 36.318 3.18274
      vertex 34.925 36.33 3
    endloop
  endfacet
  facet normal 1 0 0
    outer loop
      vertex 34.925 71.6777 3.36235
      vertex 34.925 36.2823 3.36235
      vertex 34.925 36.318 3.18274
    endloop
  endfacet
  facet normal 1 0 0
    outer loop
      vertex 34.925 71.7366 3.53576
      vertex 34.925 36.2234 3.53576
      vertex 34.925 36.2823 3.36235
    endloop
  endfacet
  facet normal 1 0 0
    outer loop
      vertex 34.925 71.8176 3.7
      vertex 34.925 36.1424 3.7
      vertex 34.925 36.2234 3.53576
    endloop
  endfacet
  facet normal 1 0 0
    outer loop
      vertex 34.925 71.9193 3.85227
      vertex 34.925 36.0407 3.85227
      vertex 34.925 36.1424 3.7
    endloop
  endfacet
  facet normal 1 0 0
    outer loop
      vertex 34.925 72.04 3.98995
      vertex 34.925 35.9199 3.98995
      vertex 34.925 36.0407 3.85227
    endloop
  endfacet
  facet normal 1 0 0
    outer loop
      vertex 34.925 72.1777 4.11069
      vertex 34.925 35.7823 4.11069
      vertex 34.925 35.9199 3.98995
    endloop
  endfacet
  facet normal 1 0 0
    outer loop
      vertex 34.925 72.33 4.21243
      vertex 34.925 35.63 4.21243
      vertex 34.925 35.7823 4.11069
    endloop
  endfacet
  facet normal 1 0 0
    outer loop
      vertex 34.925 72.4942 4.29343
      vertex 34.925 35.4658 4.29343
      vertex 34.925 35.63 4.21243
    endloop
  endfacet
  facet normal 1 0 0
    outer loop
      vertex 34.925 72.6677 4.3523
      vertex 34.925 35.2923 4.3523
      vertex 34.925 35.4658 4.29343
    endloop
  endfacet
  facet normal 1 0 0
    outer loop
      vertex 34.925 72.6677 4.3523
      vertex 34.925 35.1127 4.38802
      vertex 34.925 35.2923 4.3523
    endloop
  endfacet
  facet normal 1 0 0
    outer loop
      vertex 34.925 100.33 10
      vertex 34.925 34.93 4.4
      vertex 34.925 35.1127 4.38802
    endloop
  endfacet
  facet normal 1 -0 0
    outer loop
      vertex 34.925 0 10
      vertex 34.925 34.93 4.4
      vertex 34.925 100.33 10
    endloop
  endfacet
  facet normal 1 0 0
    outer loop
      vertex 34.925 33.542 3.18274
      vertex 34.925 15.4 3
      vertex 34.925 33.53 3
    endloop
  endfacet
  facet normal 1 0 0
    outer loop
      vertex 34.925 15.388 3.18274
      vertex 34.925 33.542 3.18274
      vertex 34.925 33.5777 3.36235
    endloop
  endfacet
  facet normal 1 0 0
    outer loop
      vertex 34.925 15.3523 3.36235
      vertex 34.925 33.5777 3.36235
      vertex 34.925 33.6366 3.53576
    endloop
  endfacet
  facet normal 1 0 0
    outer loop
      vertex 34.925 15.2934 3.53576
      vertex 34.925 33.6366 3.53576
      vertex 34.925 33.7176 3.7
    endloop
  endfacet
  facet normal 1 0 0
    outer loop
      vertex 34.925 15.2124 3.7
      vertex 34.925 33.7176 3.7
      vertex 34.925 33.8193 3.85227
    endloop
  endfacet
  facet normal 1 0 0
    outer loop
      vertex 34.925 15.1107 3.85227
      vertex 34.925 33.8193 3.85227
      vertex 34.925 33.94 3.98995
    endloop
  endfacet
  facet normal 1 0 0
    outer loop
      vertex 34.925 14.9899 3.98995
      vertex 34.925 33.94 3.98995
      vertex 34.925 34.0777 4.11069
    endloop
  endfacet
  facet normal 1 0 0
    outer loop
      vertex 34.925 14.8523 4.11069
      vertex 34.925 34.0777 4.11069
      vertex 34.925 34.23 4.21243
    endloop
  endfacet
  facet normal 1 0 0
    outer loop
      vertex 34.925 14.7 4.21243
      vertex 34.925 34.23 4.21243
      vertex 34.925 34.3942 4.29343
    endloop
  endfacet
  facet normal 1 0 0
    outer loop
      vertex 34.925 14.5358 4.29343
      vertex 34.925 34.3942 4.29343
      vertex 34.925 34.5677 4.3523
    endloop
  endfacet
  facet normal 1 0 0
    outer loop
      vertex 34.925 0 10
      vertex 34.925 34.5677 4.3523
      vertex 34.925 34.7473 4.38802
    endloop
  endfacet
  facet normal 1 0 0
    outer loop
      vertex 34.925 34.93 4.4
      vertex 34.925 0 10
      vertex 34.925 34.7473 4.38802
    endloop
  endfacet
  facet normal 1 0 0
    outer loop
      vertex 34.925 33.542 3.18274
      vertex 34.925 15.388 3.18274
      vertex 34.925 15.4 3
    endloop
  endfacet
  facet normal 1 0 0
    outer loop
      vertex 34.925 33.5777 3.36235
      vertex 34.925 15.3523 3.36235
      vertex 34.925 15.388 3.18274
    endloop
  endfacet
  facet normal 1 0 0
    outer loop
      vertex 34.925 33.6366 3.53576
      vertex 34.925 15.2934 3.53576
      vertex 34.925 15.3523 3.36235
    endloop
  endfacet
  facet normal 1 0 0
    outer loop
      vertex 34.925 33.7176 3.7
      vertex 34.925 15.2124 3.7
      vertex 34.925 15.2934 3.53576
    endloop
  endfacet
  facet normal 1 0 0
    outer loop
      vertex 34.925 33.8193 3.85227
      vertex 34.925 15.1107 3.85227
      vertex 34.925 15.2124 3.7
    endloop
  endfacet
  facet normal 1 0 0
    outer loop
      vertex 34.925 33.94 3.98995
      vertex 34.925 14.9899 3.98995
      vertex 34.925 15.1107 3.85227
    endloop
  endfacet
  facet normal 1 0 0
    outer loop
      vertex 34.925 34.0777 4.11069
      vertex 34.925 14.8523 4.11069
      vertex 34.925 14.9899 3.98995
    endloop
  endfacet
  facet normal 1 0 0
    outer loop
      vertex 34.925 34.23 4.21243
      vertex 34.925 14.7 4.21243
      vertex 34.925 14.8523 4.11069
    endloop
  endfacet
  facet normal 1 0 0
    outer loop
      vertex 34.925 34.3942 4.29343
      vertex 34.925 14.5358 4.29343
      vertex 34.925 14.7 4.21243
    endloop
  endfacet
  facet normal 1 0 0
    outer loop
      vertex 34.925 34.5677 4.3523
      vertex 34.925 14.3623 4.3523
      vertex 34.925 14.5358 4.29343
    endloop
  endfacet
  facet normal 1 0 0
    outer loop
      vertex 34.925 34.5677 4.3523
      vertex 34.925 0 10
      vertex 34.925 14.3623 4.3523
    endloop
  endfacet
  facet normal 1 0 0
    outer loop
      vertex 34.925 14.3623 4.3523
      vertex 34.925 0 10
      vertex 34.925 14.1827 4.38802
    endloop
  endfacet
  facet normal 1 0 0
    outer loop
      vertex 34.925 12.6477 3.36235
      vertex 34.925 0 0
      vertex 34.925 12.612 3.18274
    endloop
  endfacet
  facet normal 1 0 0
    outer loop
      vertex 34.925 0 0
      vertex 34.925 12.6477 3.36235
      vertex 34.925 0 10
    endloop
  endfacet
  facet normal 1 0 0
    outer loop
      vertex 34.925 12.7066 3.53576
      vertex 34.925 0 10
      vertex 34.925 12.6477 3.36235
    endloop
  endfacet
  facet normal 1 0 0
    outer loop
      vertex 34.925 12.7876 3.7
      vertex 34.925 0 10
      vertex 34.925 12.7066 3.53576
    endloop
  endfacet
  facet normal 1 0 0
    outer loop
      vertex 34.925 12.8893 3.85227
      vertex 34.925 0 10
      vertex 34.925 12.7876 3.7
    endloop
  endfacet
  facet normal 1 0 0
    outer loop
      vertex 34.925 13.01 3.98995
      vertex 34.925 0 10
      vertex 34.925 12.8893 3.85227
    endloop
  endfacet
  facet normal 1 0 0
    outer loop
      vertex 34.925 13.1477 4.11069
      vertex 34.925 0 10
      vertex 34.925 13.01 3.98995
    endloop
  endfacet
  facet normal 1 0 0
    outer loop
      vertex 34.925 13.3 4.21243
      vertex 34.925 0 10
      vertex 34.925 13.1477 4.11069
    endloop
  endfacet
  facet normal 1 0 0
    outer loop
      vertex 34.925 13.4642 4.29343
      vertex 34.925 0 10
      vertex 34.925 13.3 4.21243
    endloop
  endfacet
  facet normal 1 0 0
    outer loop
      vertex 34.925 13.6377 4.3523
      vertex 34.925 0 10
      vertex 34.925 13.4642 4.29343
    endloop
  endfacet
  facet normal 1 0 0
    outer loop
      vertex 34.925 13.8173 4.38802
      vertex 34.925 0 10
      vertex 34.925 13.6377 4.3523
    endloop
  endfacet
  facet normal 1 0 0
    outer loop
      vertex 34.925 14 4.4
      vertex 34.925 0 10
      vertex 34.925 13.8173 4.38802
    endloop
  endfacet
  facet normal 1 0 0
    outer loop
      vertex 34.925 14.1827 4.38802
      vertex 34.925 0 10
      vertex 34.925 14 4.4
    endloop
  endfacet
  facet normal 1 -0 0
    outer loop
      vertex 34.925 91.988 2.81726
      vertex 34.925 100.33 0
      vertex 34.925 92 3
    endloop
  endfacet
  facet normal 1 -0 0
    outer loop
      vertex 34.925 91.9523 2.63765
      vertex 34.925 100.33 0
      vertex 34.925 91.988 2.81726
    endloop
  endfacet
  facet normal 1 -0 0
    outer loop
      vertex 34.925 91.8934 2.46424
      vertex 34.925 100.33 0
      vertex 34.925 91.9523 2.63765
    endloop
  endfacet
  facet normal 1 -0 0
    outer loop
      vertex 34.925 91.8124 2.3
      vertex 34.925 100.33 0
      vertex 34.925 91.8934 2.46424
    endloop
  endfacet
  facet normal 1 -0 0
    outer loop
      vertex 34.925 91.7107 2.14773
      vertex 34.925 100.33 0
      vertex 34.925 91.8124 2.3
    endloop
  endfacet
  facet normal 1 -0 0
    outer loop
      vertex 34.925 91.59 2.01005
      vertex 34.925 100.33 0
      vertex 34.925 91.7107 2.14773
    endloop
  endfacet
  facet normal 1 -0 0
    outer loop
      vertex 34.925 91.4523 1.88931
      vertex 34.925 100.33 0
      vertex 34.925 91.59 2.01005
    endloop
  endfacet
  facet normal 1 -0 0
    outer loop
      vertex 34.925 91.3 1.78756
      vertex 34.925 100.33 0
      vertex 34.925 91.4523 1.88931
    endloop
  endfacet
  facet normal 1 -0 0
    outer loop
      vertex 34.925 91.1358 1.70657
      vertex 34.925 100.33 0
      vertex 34.925 91.3 1.78756
    endloop
  endfacet
  facet normal 1 -0 0
    outer loop
      vertex 34.925 90.9623 1.6477
      vertex 34.925 100.33 0
      vertex 34.925 91.1358 1.70657
    endloop
  endfacet
  facet normal 1 -0 0
    outer loop
      vertex 34.925 90.7827 1.61198
      vertex 34.925 100.33 0
      vertex 34.925 90.9623 1.6477
    endloop
  endfacet
  facet normal 1 -0 0
    outer loop
      vertex 34.925 90.6 1.6
      vertex 34.925 100.33 0
      vertex 34.925 90.7827 1.61198
    endloop
  endfacet
  facet normal 1 0 0
    outer loop
      vertex 34.925 90.4173 1.61198
      vertex 34.925 100.33 0
      vertex 34.925 90.6 1.6
    endloop
  endfacet
  facet normal 1 -0 0
    outer loop
      vertex 34.925 74.43 3
      vertex 34.925 89.212 2.81726
      vertex 34.925 89.2 3
    endloop
  endfacet
  facet normal 1 0 0
    outer loop
      vertex 34.925 74.418 2.81726
      vertex 34.925 89.212 2.81726
      vertex 34.925 74.43 3
    endloop
  endfacet
  facet normal 1 0 0
    outer loop
      vertex 34.925 89.212 2.81726
      vertex 34.925 74.418 2.81726
      vertex 34.925 89.2477 2.63765
    endloop
  endfacet
  facet normal 1 0 0
    outer loop
      vertex 34.925 74.3823 2.63765
      vertex 34.925 89.2477 2.63765
      vertex 34.925 74.418 2.81726
    endloop
  endfacet
  facet normal 1 0 0
    outer loop
      vertex 34.925 89.2477 2.63765
      vertex 34.925 74.3823 2.63765
      vertex 34.925 89.3066 2.46424
    endloop
  endfacet
  facet normal 1 0 0
    outer loop
      vertex 34.925 74.3234 2.46424
      vertex 34.925 89.3066 2.46424
      vertex 34.925 74.3823 2.63765
    endloop
  endfacet
  facet normal 1 0 0
    outer loop
      vertex 34.925 89.3066 2.46424
      vertex 34.925 74.3234 2.46424
      vertex 34.925 89.3876 2.3
    endloop
  endfacet
  facet normal 1 0 0
    outer loop
      vertex 34.925 74.2424 2.3
      vertex 34.925 89.3876 2.3
      vertex 34.925 74.3234 2.46424
    endloop
  endfacet
  facet normal 1 0 0
    outer loop
      vertex 34.925 89.3876 2.3
      vertex 34.925 74.2424 2.3
      vertex 34.925 89.4893 2.14773
    endloop
  endfacet
  facet normal 1 0 0
    outer loop
      vertex 34.925 74.1407 2.14773
      vertex 34.925 89.4893 2.14773
      vertex 34.925 74.2424 2.3
    endloop
  endfacet
  facet normal 1 0 0
    outer loop
      vertex 34.925 89.4893 2.14773
      vertex 34.925 74.1407 2.14773
      vertex 34.925 89.61 2.01005
    endloop
  endfacet
  facet normal 1 0 0
    outer loop
      vertex 34.925 74.02 2.01005
      vertex 34.925 89.61 2.01005
      vertex 34.925 74.1407 2.14773
    endloop
  endfacet
  facet normal 1 0 0
    outer loop
      vertex 34.925 89.61 2.01005
      vertex 34.925 74.02 2.01005
      vertex 34.925 89.7477 1.88931
    endloop
  endfacet
  facet normal 1 0 0
    outer loop
      vertex 34.925 73.8823 1.88931
      vertex 34.925 89.7477 1.88931
      vertex 34.925 74.02 2.01005
    endloop
  endfacet
  facet normal 1 0 0
    outer loop
      vertex 34.925 89.7477 1.88931
      vertex 34.925 73.8823 1.88931
      vertex 34.925 89.9 1.78756
    endloop
  endfacet
  facet normal 1 0 0
    outer loop
      vertex 34.925 73.73 1.78756
      vertex 34.925 89.9 1.78756
      vertex 34.925 73.8823 1.88931
    endloop
  endfacet
  facet normal 1 0 0
    outer loop
      vertex 34.925 89.9 1.78756
      vertex 34.925 73.73 1.78756
      vertex 34.925 90.0642 1.70657
    endloop
  endfacet
  facet normal 1 0 0
    outer loop
      vertex 34.925 73.5658 1.70657
      vertex 34.925 90.0642 1.70657
      vertex 34.925 73.73 1.78756
    endloop
  endfacet
  facet normal 1 0 0
    outer loop
      vertex 34.925 90.0642 1.70657
      vertex 34.925 73.5658 1.70657
      vertex 34.925 90.2377 1.6477
    endloop
  endfacet
  facet normal 1 0 0
    outer loop
      vertex 34.925 73.3923 1.6477
      vertex 34.925 90.2377 1.6477
      vertex 34.925 73.5658 1.70657
    endloop
  endfacet
  facet normal 1 0 0
    outer loop
      vertex 34.925 90.2377 1.6477
      vertex 34.925 73.3923 1.6477
      vertex 34.925 90.4173 1.61198
    endloop
  endfacet
  facet normal 1 0 0
    outer loop
      vertex 34.925 73.2127 1.61198
      vertex 34.925 90.4173 1.61198
      vertex 34.925 73.3923 1.6477
    endloop
  endfacet
  facet normal 1 0 0
    outer loop
      vertex 34.925 90.4173 1.61198
      vertex 34.925 73.2127 1.61198
      vertex 34.925 100.33 0
    endloop
  endfacet
  facet normal 1 -0 0
    outer loop
      vertex 34.925 73.03 1.6
      vertex 34.925 100.33 0
      vertex 34.925 73.2127 1.61198
    endloop
  endfacet
  facet normal 1 -0 0
    outer loop
      vertex 34.925 36.33 3
      vertex 34.925 71.642 2.81726
      vertex 34.925 71.63 3
    endloop
  endfacet
  facet normal 1 0 0
    outer loop
      vertex 34.925 36.318 2.81726
      vertex 34.925 71.642 2.81726
      vertex 34.925 36.33 3
    endloop
  endfacet
  facet normal 1 0 0
    outer loop
      vertex 34.925 71.642 2.81726
      vertex 34.925 36.318 2.81726
      vertex 34.925 71.6777 2.63765
    endloop
  endfacet
  facet normal 1 0 0
    outer loop
      vertex 34.925 36.2823 2.63765
      vertex 34.925 71.6777 2.63765
      vertex 34.925 36.318 2.81726
    endloop
  endfacet
  facet normal 1 0 0
    outer loop
      vertex 34.925 71.6777 2.63765
      vertex 34.925 36.2823 2.63765
      vertex 34.925 71.7366 2.46424
    endloop
  endfacet
  facet normal 1 0 0
    outer loop
      vertex 34.925 36.2234 2.46424
      vertex 34.925 71.7366 2.46424
      vertex 34.925 36.2823 2.63765
    endloop
  endfacet
  facet normal 1 0 0
    outer loop
      vertex 34.925 71.7366 2.46424
      vertex 34.925 36.2234 2.46424
      vertex 34.925 71.8176 2.3
    endloop
  endfacet
  facet normal 1 0 0
    outer loop
      vertex 34.925 36.1424 2.3
      vertex 34.925 71.8176 2.3
      vertex 34.925 36.2234 2.46424
    endloop
  endfacet
  facet normal 1 0 0
    outer loop
      vertex 34.925 71.8176 2.3
      vertex 34.925 36.1424 2.3
      vertex 34.925 71.9193 2.14773
    endloop
  endfacet
  facet normal 1 0 0
    outer loop
      vertex 34.925 36.0407 2.14773
      vertex 34.925 71.9193 2.14773
      vertex 34.925 36.1424 2.3
    endloop
  endfacet
  facet normal 1 0 0
    outer loop
      vertex 34.925 71.9193 2.14773
      vertex 34.925 36.0407 2.14773
      vertex 34.925 72.04 2.01005
    endloop
  endfacet
  facet normal 1 0 0
    outer loop
      vertex 34.925 35.9199 2.01005
      vertex 34.925 72.04 2.01005
      vertex 34.925 36.0407 2.14773
    endloop
  endfacet
  facet normal 1 0 0
    outer loop
      vertex 34.925 72.04 2.01005
      vertex 34.925 35.9199 2.01005
      vertex 34.925 72.1777 1.88931
    endloop
  endfacet
  facet normal 1 0 0
    outer loop
      vertex 34.925 35.7823 1.88931
      vertex 34.925 72.1777 1.88931
      vertex 34.925 35.9199 2.01005
    endloop
  endfacet
  facet normal 1 0 0
    outer loop
      vertex 34.925 72.1777 1.88931
      vertex 34.925 35.7823 1.88931
      vertex 34.925 72.33 1.78756
    endloop
  endfacet
  facet normal 1 0 0
    outer loop
      vertex 34.925 35.63 1.78756
      vertex 34.925 72.33 1.78756
      vertex 34.925 35.7823 1.88931
    endloop
  endfacet
  facet normal 1 0 0
    outer loop
      vertex 34.925 72.33 1.78756
      vertex 34.925 35.63 1.78756
      vertex 34.925 72.4942 1.70657
    endloop
  endfacet
  facet normal 1 0 0
    outer loop
      vertex 34.925 35.4658 1.70657
      vertex 34.925 72.4942 1.70657
      vertex 34.925 35.63 1.78756
    endloop
  endfacet
  facet normal 1 0 0
    outer loop
      vertex 34.925 72.4942 1.70657
      vertex 34.925 35.4658 1.70657
      vertex 34.925 72.6677 1.6477
    endloop
  endfacet
  facet normal 1 0 0
    outer loop
      vertex 34.925 35.2923 1.6477
      vertex 34.925 72.6677 1.6477
      vertex 34.925 35.4658 1.70657
    endloop
  endfacet
  facet normal 1 0 0
    outer loop
      vertex 34.925 72.6677 1.6477
      vertex 34.925 35.2923 1.6477
      vertex 34.925 72.8473 1.61198
    endloop
  endfacet
  facet normal 1 0 0
    outer loop
      vertex 34.925 35.1127 1.61198
      vertex 34.925 72.8473 1.61198
      vertex 34.925 35.2923 1.6477
    endloop
  endfacet
  facet normal 1 0 0
    outer loop
      vertex 34.925 72.8473 1.61198
      vertex 34.925 35.1127 1.61198
      vertex 34.925 73.03 1.6
    endloop
  endfacet
  facet normal 1 0 0
    outer loop
      vertex 34.925 34.93 1.6
      vertex 34.925 73.03 1.6
      vertex 34.925 35.1127 1.61198
    endloop
  endfacet
  facet normal 1 0 0
    outer loop
      vertex 34.925 73.03 1.6
      vertex 34.925 34.93 1.6
      vertex 34.925 100.33 0
    endloop
  endfacet
  facet normal 1 -0 0
    outer loop
      vertex 34.925 15.4 3
      vertex 34.925 33.542 2.81726
      vertex 34.925 33.53 3
    endloop
  endfacet
  facet normal 1 0 0
    outer loop
      vertex 34.925 15.388 2.81726
      vertex 34.925 33.542 2.81726
      vertex 34.925 15.4 3
    endloop
  endfacet
  facet normal 1 0 0
    outer loop
      vertex 34.925 33.542 2.81726
      vertex 34.925 15.388 2.81726
      vertex 34.925 33.5777 2.63765
    endloop
  endfacet
  facet normal 1 0 0
    outer loop
      vertex 34.925 15.3523 2.63765
      vertex 34.925 33.5777 2.63765
      vertex 34.925 15.388 2.81726
    endloop
  endfacet
  facet normal 1 0 0
    outer loop
      vertex 34.925 33.5777 2.63765
      vertex 34.925 15.3523 2.63765
      vertex 34.925 33.6366 2.46424
    endloop
  endfacet
  facet normal 1 0 0
    outer loop
      vertex 34.925 15.2934 2.46424
      vertex 34.925 33.6366 2.46424
      vertex 34.925 15.3523 2.63765
    endloop
  endfacet
  facet normal 1 0 0
    outer loop
      vertex 34.925 33.6366 2.46424
      vertex 34.925 15.2934 2.46424
      vertex 34.925 33.7176 2.3
    endloop
  endfacet
  facet normal 1 0 0
    outer loop
      vertex 34.925 15.2124 2.3
      vertex 34.925 33.7176 2.3
      vertex 34.925 15.2934 2.46424
    endloop
  endfacet
  facet normal 1 0 0
    outer loop
      vertex 34.925 33.7176 2.3
      vertex 34.925 15.2124 2.3
      vertex 34.925 33.8193 2.14773
    endloop
  endfacet
  facet normal 1 0 0
    outer loop
      vertex 34.925 15.1107 2.14773
      vertex 34.925 33.8193 2.14773
      vertex 34.925 15.2124 2.3
    endloop
  endfacet
  facet normal 1 0 0
    outer loop
      vertex 34.925 33.8193 2.14773
      vertex 34.925 15.1107 2.14773
      vertex 34.925 33.94 2.01005
    endloop
  endfacet
  facet normal 1 0 0
    outer loop
      vertex 34.925 14.9899 2.01005
      vertex 34.925 33.94 2.01005
      vertex 34.925 15.1107 2.14773
    endloop
  endfacet
  facet normal 1 0 0
    outer loop
      vertex 34.925 33.94 2.01005
      vertex 34.925 14.9899 2.01005
      vertex 34.925 34.0777 1.88931
    endloop
  endfacet
  facet normal 1 0 0
    outer loop
      vertex 34.925 14.8523 1.88931
      vertex 34.925 34.0777 1.88931
      vertex 34.925 14.9899 2.01005
    endloop
  endfacet
  facet normal 1 0 0
    outer loop
      vertex 34.925 34.0777 1.88931
      vertex 34.925 14.8523 1.88931
      vertex 34.925 34.23 1.78756
    endloop
  endfacet
  facet normal 1 0 0
    outer loop
      vertex 34.925 14.7 1.78756
      vertex 34.925 34.23 1.78756
      vertex 34.925 14.8523 1.88931
    endloop
  endfacet
  facet normal 1 0 0
    outer loop
      vertex 34.925 34.23 1.78756
      vertex 34.925 14.7 1.78756
      vertex 34.925 34.3942 1.70657
    endloop
  endfacet
  facet normal 1 0 0
    outer loop
      vertex 34.925 14.5358 1.70657
      vertex 34.925 34.3942 1.70657
      vertex 34.925 14.7 1.78756
    endloop
  endfacet
  facet normal 1 0 0
    outer loop
      vertex 34.925 34.3942 1.70657
      vertex 34.925 14.5358 1.70657
      vertex 34.925 34.5677 1.6477
    endloop
  endfacet
  facet normal 1 0 0
    outer loop
      vertex 34.925 14.3623 1.6477
      vertex 34.925 34.5677 1.6477
      vertex 34.925 14.5358 1.70657
    endloop
  endfacet
  facet normal 1 0 0
    outer loop
      vertex 34.925 34.5677 1.6477
      vertex 34.925 14.3623 1.6477
      vertex 34.925 34.7473 1.61198
    endloop
  endfacet
  facet normal 1 0 0
    outer loop
      vertex 34.925 14.1827 1.61198
      vertex 34.925 34.7473 1.61198
      vertex 34.925 14.3623 1.6477
    endloop
  endfacet
  facet normal 1 0 0
    outer loop
      vertex 34.925 34.7473 1.61198
      vertex 34.925 14.1827 1.61198
      vertex 34.925 34.93 1.6
    endloop
  endfacet
  facet normal 1 0 0
    outer loop
      vertex 34.925 0 0
      vertex 34.925 34.93 1.6
      vertex 34.925 14.1827 1.61198
    endloop
  endfacet
  facet normal 1 0 0
    outer loop
      vertex 34.925 0 0
      vertex 34.925 14.1827 1.61198
      vertex 34.925 14 1.6
    endloop
  endfacet
  facet normal 1 0 0
    outer loop
      vertex 34.925 12.612 3.18274
      vertex 34.925 0 0
      vertex 34.925 12.6 3
    endloop
  endfacet
  facet normal 1 0 0
    outer loop
      vertex 34.925 12.6 3
      vertex 34.925 0 0
      vertex 34.925 12.612 2.81726
    endloop
  endfacet
  facet normal 1 0 0
    outer loop
      vertex 34.925 12.612 2.81726
      vertex 34.925 0 0
      vertex 34.925 12.6477 2.63765
    endloop
  endfacet
  facet normal 1 0 0
    outer loop
      vertex 34.925 12.6477 2.63765
      vertex 34.925 0 0
      vertex 34.925 12.7066 2.46424
    endloop
  endfacet
  facet normal 1 0 0
    outer loop
      vertex 34.925 12.7066 2.46424
      vertex 34.925 0 0
      vertex 34.925 12.7876 2.3
    endloop
  endfacet
  facet normal 1 0 0
    outer loop
      vertex 34.925 12.7876 2.3
      vertex 34.925 0 0
      vertex 34.925 12.8893 2.14773
    endloop
  endfacet
  facet normal 1 0 0
    outer loop
      vertex 34.925 12.8893 2.14773
      vertex 34.925 0 0
      vertex 34.925 13.01 2.01005
    endloop
  endfacet
  facet normal 1 0 0
    outer loop
      vertex 34.925 13.01 2.01005
      vertex 34.925 0 0
      vertex 34.925 13.1477 1.88931
    endloop
  endfacet
  facet normal 1 0 0
    outer loop
      vertex 34.925 34.93 1.6
      vertex 34.925 0 0
      vertex 34.925 100.33 0
    endloop
  endfacet
  facet normal 1 0 0
    outer loop
      vertex 34.925 13.8173 1.61198
      vertex 34.925 0 0
      vertex 34.925 14 1.6
    endloop
  endfacet
  facet normal 1 0 0
    outer loop
      vertex 34.925 13.6377 1.6477
      vertex 34.925 0 0
      vertex 34.925 13.8173 1.61198
    endloop
  endfacet
  facet normal 1 0 0
    outer loop
      vertex 34.925 13.4642 1.70657
      vertex 34.925 0 0
      vertex 34.925 13.6377 1.6477
    endloop
  endfacet
  facet normal 1 0 0
    outer loop
      vertex 34.925 13.3 1.78756
      vertex 34.925 0 0
      vertex 34.925 13.4642 1.70657
    endloop
  endfacet
  facet normal 1 0 0
    outer loop
      vertex 34.925 13.1477 1.88931
      vertex 34.925 0 0
      vertex 34.925 13.3 1.78756
    endloop
  endfacet
  facet normal 0 0 1
    outer loop
      vertex 28.425 10.7966 10
      vertex 30.0077 12.8593 10
      vertex 29.8701 12.9801 10
    endloop
  endfacet
  facet normal 0 0 1
    outer loop
      vertex 30.0077 12.8593 10
      vertex 29.8247 10.1063 10
      vertex 29.925 10.0864 10
    endloop
  endfacet
  facet normal 0 0 1
    outer loop
      vertex 28.0316 11.1416 10
      vertex 29.8701 12.9801 10
      vertex 29.7493 13.1177 10
    endloop
  endfacet
  facet normal 0 0 1
    outer loop
      vertex 27.6866 11.535 10
      vertex 29.7493 13.1177 10
      vertex 29.6476 13.27 10
    endloop
  endfacet
  facet normal 0 0 1
    outer loop
      vertex 27.3959 11.97 10
      vertex 29.6476 13.27 10
      vertex 29.5666 13.4342 10
    endloop
  endfacet
  facet normal 0 0 1
    outer loop
      vertex 27.1645 12.4393 10
      vertex 29.5666 13.4342 10
      vertex 29.5077 13.6077 10
    endloop
  endfacet
  facet normal 0 0 1
    outer loop
      vertex 26.9963 12.9347 10
      vertex 29.5077 13.6077 10
      vertex 29.472 13.7873 10
    endloop
  endfacet
  facet normal 0 0 1
    outer loop
      vertex 30.0077 12.8593 10
      vertex 29.3293 10.2745 10
      vertex 29.8247 10.1063 10
    endloop
  endfacet
  facet normal 0 0 1
    outer loop
      vertex 26.8942 13.4479 10
      vertex 29.472 13.7873 10
      vertex 29.46 13.97 10
    endloop
  endfacet
  facet normal -0 0 1
    outer loop
      vertex 27.3959 15.97 10
      vertex 29.6476 14.67 10
      vertex 27.6866 16.405 10
    endloop
  endfacet
  facet normal 0 0 1
    outer loop
      vertex 29.6476 14.67 10
      vertex 27.3959 15.97 10
      vertex 29.5666 14.5058 10
    endloop
  endfacet
  facet normal 0 0 1
    outer loop
      vertex 30.0077 12.8593 10
      vertex 28.86 10.5059 10
      vertex 29.3293 10.2745 10
    endloop
  endfacet
  facet normal -0 0 1
    outer loop
      vertex 27.1645 15.5007 10
      vertex 29.5666 14.5058 10
      vertex 27.3959 15.97 10
    endloop
  endfacet
  facet normal 0 0 1
    outer loop
      vertex 30.0077 12.8593 10
      vertex 28.425 10.7966 10
      vertex 28.86 10.5059 10
    endloop
  endfacet
  facet normal 0 0 1
    outer loop
      vertex 29.5666 14.5058 10
      vertex 27.1645 15.5007 10
      vertex 29.5077 14.3323 10
    endloop
  endfacet
  facet normal 0 0 1
    outer loop
      vertex 29.8701 12.9801 10
      vertex 28.0316 11.1416 10
      vertex 28.425 10.7966 10
    endloop
  endfacet
  facet normal -0 0 1
    outer loop
      vertex 26.9963 15.0053 10
      vertex 29.5077 14.3323 10
      vertex 27.1645 15.5007 10
    endloop
  endfacet
  facet normal 0 0 1
    outer loop
      vertex 29.7493 13.1177 10
      vertex 27.6866 11.535 10
      vertex 28.0316 11.1416 10
    endloop
  endfacet
  facet normal 0 0 1
    outer loop
      vertex 29.5077 14.3323 10
      vertex 26.9963 15.0053 10
      vertex 29.472 14.1527 10
    endloop
  endfacet
  facet normal 0 0 1
    outer loop
      vertex 29.6476 13.27 10
      vertex 27.3959 11.97 10
      vertex 27.6866 11.535 10
    endloop
  endfacet
  facet normal -0 0 1
    outer loop
      vertex 26.8942 14.4921 10
      vertex 29.472 14.1527 10
      vertex 26.9963 15.0053 10
    endloop
  endfacet
  facet normal 0 0 1
    outer loop
      vertex 29.5666 13.4342 10
      vertex 27.1645 12.4393 10
      vertex 27.3959 11.97 10
    endloop
  endfacet
  facet normal 0 0 1
    outer loop
      vertex 29.472 14.1527 10
      vertex 26.8942 14.4921 10
      vertex 29.46 13.97 10
    endloop
  endfacet
  facet normal 0 0 1
    outer loop
      vertex 29.5077 13.6077 10
      vertex 26.9963 12.9347 10
      vertex 27.1645 12.4393 10
    endloop
  endfacet
  facet normal 0 0 1
    outer loop
      vertex 26.86 13.97 10
      vertex 29.46 13.97 10
      vertex 26.8942 14.4921 10
    endloop
  endfacet
  facet normal 0 0 1
    outer loop
      vertex 29.472 13.7873 10
      vertex 26.8942 13.4479 10
      vertex 26.9963 12.9347 10
    endloop
  endfacet
  facet normal 0 0 1
    outer loop
      vertex 29.46 13.97 10
      vertex 26.86 13.97 10
      vertex 26.8942 13.4479 10
    endloop
  endfacet
  facet normal 0 0 1
    outer loop
      vertex 32.2123 90.2077 10
      vertex 34.925 100.33 10
      vertex 32.248 90.3873 10
    endloop
  endfacet
  facet normal 0 0 1
    outer loop
      vertex 34.925 100.33 10
      vertex 32.248 14.1527 10
      vertex 32.26 13.97 10
    endloop
  endfacet
  facet normal 0 0 1
    outer loop
      vertex 32.2123 14.3323 10
      vertex 34.925 100.33 10
      vertex 32.2123 90.2077 10
    endloop
  endfacet
  facet normal 0 0 1
    outer loop
      vertex 34.925 100.33 10
      vertex 32.2123 14.3323 10
      vertex 32.248 14.1527 10
    endloop
  endfacet
  facet normal -0 0 1
    outer loop
      vertex 32.1534 90.0342 10
      vertex 32.2123 14.3323 10
      vertex 32.2123 90.2077 10
    endloop
  endfacet
  facet normal 0 0 1
    outer loop
      vertex 32.1534 90.0342 10
      vertex 32.1534 14.5058 10
      vertex 32.2123 14.3323 10
    endloop
  endfacet
  facet normal -0 0 1
    outer loop
      vertex 32.0724 89.87 10
      vertex 32.1534 14.5058 10
      vertex 32.1534 90.0342 10
    endloop
  endfacet
  facet normal 0 0 1
    outer loop
      vertex 32.0724 89.87 10
      vertex 32.0724 14.67 10
      vertex 32.1534 14.5058 10
    endloop
  endfacet
  facet normal -0 0 1
    outer loop
      vertex 31.9707 89.7177 10
      vertex 32.0724 14.67 10
      vertex 32.0724 89.87 10
    endloop
  endfacet
  facet normal 0 0 1
    outer loop
      vertex 31.9707 89.7177 10
      vertex 31.9707 14.8223 10
      vertex 32.0724 14.67 10
    endloop
  endfacet
  facet normal 0 0 1
    outer loop
      vertex 29.925 86.6863 10
      vertex 31.9707 89.7177 10
      vertex 31.8499 89.58 10
    endloop
  endfacet
  facet normal 0 0 1
    outer loop
      vertex 31.9707 89.7177 10
      vertex 29.925 86.6863 10
      vertex 31.9707 14.8223 10
    endloop
  endfacet
  facet normal 0 0 1
    outer loop
      vertex 29.925 86.6863 10
      vertex 31.8499 89.58 10
      vertex 31.7123 89.4593 10
    endloop
  endfacet
  facet normal -0 0 1
    outer loop
      vertex 29.925 17.8536 10
      vertex 31.9707 14.8223 10
      vertex 29.925 86.6863 10
    endloop
  endfacet
  facet normal 0 0 1
    outer loop
      vertex 29.925 86.6863 10
      vertex 31.7123 89.4593 10
      vertex 31.56 89.3576 10
    endloop
  endfacet
  facet normal 0 0 1
    outer loop
      vertex 31.9707 14.8223 10
      vertex 29.925 17.8536 10
      vertex 31.8499 14.9599 10
    endloop
  endfacet
  facet normal 0 0 1
    outer loop
      vertex 29.925 86.6863 10
      vertex 31.56 89.3576 10
      vertex 31.3958 89.2766 10
    endloop
  endfacet
  facet normal 0 0 1
    outer loop
      vertex 31.8499 14.9599 10
      vertex 29.925 17.8536 10
      vertex 31.7123 15.0807 10
    endloop
  endfacet
  facet normal 0 0 1
    outer loop
      vertex 29.925 86.6863 10
      vertex 31.3958 89.2766 10
      vertex 31.2223 89.2177 10
    endloop
  endfacet
  facet normal 0 0 1
    outer loop
      vertex 31.7123 15.0807 10
      vertex 29.925 17.8536 10
      vertex 31.56 15.1824 10
    endloop
  endfacet
  facet normal 0 0 1
    outer loop
      vertex 29.925 86.6863 10
      vertex 31.2223 89.2177 10
      vertex 31.0427 89.182 10
    endloop
  endfacet
  facet normal 0 0 1
    outer loop
      vertex 31.56 15.1824 10
      vertex 29.925 17.8536 10
      vertex 31.3958 15.2634 10
    endloop
  endfacet
  facet normal 0 0 1
    outer loop
      vertex 29.925 86.6863 10
      vertex 31.0427 89.182 10
      vertex 30.86 89.17 10
    endloop
  endfacet
  facet normal 0 0 1
    outer loop
      vertex 31.3958 15.2634 10
      vertex 29.925 17.8536 10
      vertex 31.2223 15.3223 10
    endloop
  endfacet
  facet normal 0 0 1
    outer loop
      vertex 29.925 86.6863 10
      vertex 30.86 89.17 10
      vertex 30.6773 89.182 10
    endloop
  endfacet
  facet normal 0 0 1
    outer loop
      vertex 31.2223 15.3223 10
      vertex 29.925 17.8536 10
      vertex 31.0427 15.358 10
    endloop
  endfacet
  facet normal 0 0 1
    outer loop
      vertex 29.925 86.6863 10
      vertex 30.6773 89.182 10
      vertex 30.4977 89.2177 10
    endloop
  endfacet
  facet normal 0 0 1
    outer loop
      vertex 31.0427 15.358 10
      vertex 29.925 17.8536 10
      vertex 30.86 15.37 10
    endloop
  endfacet
  facet normal 0 0 1
    outer loop
      vertex 29.8247 86.7063 10
      vertex 30.4977 89.2177 10
      vertex 30.3242 89.2766 10
    endloop
  endfacet
  facet normal 0 0 1
    outer loop
      vertex 30.86 15.37 10
      vertex 29.925 17.8536 10
      vertex 30.6773 15.358 10
    endloop
  endfacet
  facet normal 0 0 1
    outer loop
      vertex 29.3293 86.8745 10
      vertex 30.3242 89.2766 10
      vertex 30.16 89.3576 10
    endloop
  endfacet
  facet normal 0 0 1
    outer loop
      vertex 30.6773 15.358 10
      vertex 29.925 17.8536 10
      vertex 30.4977 15.3223 10
    endloop
  endfacet
  facet normal 0 0 1
    outer loop
      vertex 28.86 87.1059 10
      vertex 30.16 89.3576 10
      vertex 30.0077 89.4593 10
    endloop
  endfacet
  facet normal -0 0 1
    outer loop
      vertex 29.8247 17.8337 10
      vertex 30.4977 15.3223 10
      vertex 29.925 17.8536 10
    endloop
  endfacet
  facet normal 0 0 1
    outer loop
      vertex 30.4977 15.3223 10
      vertex 29.8247 17.8337 10
      vertex 30.3242 15.2634 10
    endloop
  endfacet
  facet normal 0 0 1
    outer loop
      vertex 28.425 87.3966 10
      vertex 30.0077 89.4593 10
      vertex 29.8701 89.58 10
    endloop
  endfacet
  facet normal 0 0 1
    outer loop
      vertex 30.4977 89.2177 10
      vertex 29.8247 86.7063 10
      vertex 29.925 86.6863 10
    endloop
  endfacet
  facet normal 0 0 1
    outer loop
      vertex 28.0316 87.7416 10
      vertex 29.8701 89.58 10
      vertex 29.7493 89.7177 10
    endloop
  endfacet
  facet normal 0 0 1
    outer loop
      vertex 27.6866 88.135 10
      vertex 29.7493 89.7177 10
      vertex 29.6476 89.87 10
    endloop
  endfacet
  facet normal 0 0 1
    outer loop
      vertex 27.3959 88.57 10
      vertex 29.6476 89.87 10
      vertex 29.5666 90.0342 10
    endloop
  endfacet
  facet normal 0 0 1
    outer loop
      vertex 27.1645 89.0393 10
      vertex 29.5666 90.0342 10
      vertex 29.5077 90.2077 10
    endloop
  endfacet
  facet normal 0 0 1
    outer loop
      vertex 26.9963 89.5347 10
      vertex 29.5077 90.2077 10
      vertex 29.472 90.3873 10
    endloop
  endfacet
  facet normal 0 0 1
    outer loop
      vertex 30.3242 89.2766 10
      vertex 29.3293 86.8745 10
      vertex 29.8247 86.7063 10
    endloop
  endfacet
  facet normal 0 0 1
    outer loop
      vertex 26.8942 90.0479 10
      vertex 29.472 90.3873 10
      vertex 29.46 90.57 10
    endloop
  endfacet
  facet normal -0 0 1
    outer loop
      vertex 27.3959 92.57 10
      vertex 29.6476 91.27 10
      vertex 27.6866 93.005 10
    endloop
  endfacet
  facet normal 0 0 1
    outer loop
      vertex 29.6476 91.27 10
      vertex 27.3959 92.57 10
      vertex 29.5666 91.1058 10
    endloop
  endfacet
  facet normal 0 0 1
    outer loop
      vertex 30.16 89.3576 10
      vertex 28.86 87.1059 10
      vertex 29.3293 86.8745 10
    endloop
  endfacet
  facet normal -0 0 1
    outer loop
      vertex 27.1645 92.1007 10
      vertex 29.5666 91.1058 10
      vertex 27.3959 92.57 10
    endloop
  endfacet
  facet normal 0 0 1
    outer loop
      vertex 30.0077 89.4593 10
      vertex 28.425 87.3966 10
      vertex 28.86 87.1059 10
    endloop
  endfacet
  facet normal 0 0 1
    outer loop
      vertex 29.5666 91.1058 10
      vertex 27.1645 92.1007 10
      vertex 29.5077 90.9323 10
    endloop
  endfacet
  facet normal 0 0 1
    outer loop
      vertex 29.8701 89.58 10
      vertex 28.0316 87.7416 10
      vertex 28.425 87.3966 10
    endloop
  endfacet
  facet normal -0 0 1
    outer loop
      vertex 26.9963 91.6053 10
      vertex 29.5077 90.9323 10
      vertex 27.1645 92.1007 10
    endloop
  endfacet
  facet normal 0 0 1
    outer loop
      vertex 29.7493 89.7177 10
      vertex 27.6866 88.135 10
      vertex 28.0316 87.7416 10
    endloop
  endfacet
  facet normal 0 0 1
    outer loop
      vertex 29.5077 90.9323 10
      vertex 26.9963 91.6053 10
      vertex 29.472 90.7527 10
    endloop
  endfacet
  facet normal 0 0 1
    outer loop
      vertex 29.6476 89.87 10
      vertex 27.3959 88.57 10
      vertex 27.6866 88.135 10
    endloop
  endfacet
  facet normal -0 0 1
    outer loop
      vertex 26.8942 91.0921 10
      vertex 29.472 90.7527 10
      vertex 26.9963 91.6053 10
    endloop
  endfacet
  facet normal 0 0 1
    outer loop
      vertex 29.5666 90.0342 10
      vertex 27.1645 89.0393 10
      vertex 27.3959 88.57 10
    endloop
  endfacet
  facet normal 0 0 1
    outer loop
      vertex 29.472 90.7527 10
      vertex 26.8942 91.0921 10
      vertex 29.46 90.57 10
    endloop
  endfacet
  facet normal 0 0 1
    outer loop
      vertex 29.5077 90.2077 10
      vertex 26.9963 89.5347 10
      vertex 27.1645 89.0393 10
    endloop
  endfacet
  facet normal 0 0 1
    outer loop
      vertex 26.86 90.57 10
      vertex 29.46 90.57 10
      vertex 26.8942 91.0921 10
    endloop
  endfacet
  facet normal 0 0 1
    outer loop
      vertex 29.472 90.3873 10
      vertex 26.8942 90.0479 10
      vertex 26.9963 89.5347 10
    endloop
  endfacet
  facet normal 0 0 1
    outer loop
      vertex 29.46 90.57 10
      vertex 26.86 90.57 10
      vertex 26.8942 90.0479 10
    endloop
  endfacet
  facet normal 0 0 1
    outer loop
      vertex 32.248 90.3873 10
      vertex 34.925 100.33 10
      vertex 32.26 90.57 10
    endloop
  endfacet
  facet normal 0 0 1
    outer loop
      vertex 34.925 100.33 10
      vertex 32.248 90.7527 10
      vertex 32.26 90.57 10
    endloop
  endfacet
  facet normal 0 0 1
    outer loop
      vertex 34.925 100.33 10
      vertex 32.2123 90.9323 10
      vertex 32.248 90.7527 10
    endloop
  endfacet
  facet normal 0 0 1
    outer loop
      vertex 34.925 100.33 10
      vertex 32.1534 91.1058 10
      vertex 32.2123 90.9323 10
    endloop
  endfacet
  facet normal 0 0 1
    outer loop
      vertex 34.925 100.33 10
      vertex 32.0724 91.27 10
      vertex 32.1534 91.1058 10
    endloop
  endfacet
  facet normal 0 0 1
    outer loop
      vertex 34.925 100.33 10
      vertex 31.9707 91.4223 10
      vertex 32.0724 91.27 10
    endloop
  endfacet
  facet normal 0 0 1
    outer loop
      vertex 34.925 100.33 10
      vertex 31.8499 91.56 10
      vertex 31.9707 91.4223 10
    endloop
  endfacet
  facet normal 0 0 1
    outer loop
      vertex 34.925 100.33 10
      vertex 31.7123 91.6807 10
      vertex 31.8499 91.56 10
    endloop
  endfacet
  facet normal -0 0 1
    outer loop
      vertex 29.925 94.4537 10
      vertex 31.7123 91.6807 10
      vertex 34.925 100.33 10
    endloop
  endfacet
  facet normal 0 0 1
    outer loop
      vertex 31.7123 91.6807 10
      vertex 29.925 94.4537 10
      vertex 31.56 91.7824 10
    endloop
  endfacet
  facet normal 0 0 1
    outer loop
      vertex 31.56 91.7824 10
      vertex 29.925 94.4537 10
      vertex 31.3958 91.8634 10
    endloop
  endfacet
  facet normal 0 0 1
    outer loop
      vertex 31.3958 91.8634 10
      vertex 29.925 94.4537 10
      vertex 31.2223 91.9223 10
    endloop
  endfacet
  facet normal 0 0 1
    outer loop
      vertex 31.2223 91.9223 10
      vertex 29.925 94.4537 10
      vertex 31.0427 91.958 10
    endloop
  endfacet
  facet normal 0 0 1
    outer loop
      vertex 31.0427 91.958 10
      vertex 29.925 94.4537 10
      vertex 30.86 91.97 10
    endloop
  endfacet
  facet normal 0 0 1
    outer loop
      vertex 30.86 91.97 10
      vertex 29.925 94.4537 10
      vertex 30.6773 91.958 10
    endloop
  endfacet
  facet normal 0 0 1
    outer loop
      vertex 30.6773 91.958 10
      vertex 29.925 94.4537 10
      vertex 30.4977 91.9223 10
    endloop
  endfacet
  facet normal -0 0 1
    outer loop
      vertex 29.8247 94.4337 10
      vertex 30.4977 91.9223 10
      vertex 29.925 94.4537 10
    endloop
  endfacet
  facet normal 0 0 1
    outer loop
      vertex 30.4977 91.9223 10
      vertex 29.8247 94.4337 10
      vertex 30.3242 91.8634 10
    endloop
  endfacet
  facet normal 0 0 1
    outer loop
      vertex 29.925 94.4537 10
      vertex 34.925 100.33 10
      vertex 29.925 100.33 10
    endloop
  endfacet
  facet normal -0 0 1
    outer loop
      vertex 29.3293 94.2655 10
      vertex 30.3242 91.8634 10
      vertex 29.8247 94.4337 10
    endloop
  endfacet
  facet normal 0 0 1
    outer loop
      vertex 30.3242 91.8634 10
      vertex 29.3293 94.2655 10
      vertex 30.16 91.7824 10
    endloop
  endfacet
  facet normal -0 0 1
    outer loop
      vertex 28.86 94.0341 10
      vertex 30.16 91.7824 10
      vertex 29.3293 94.2655 10
    endloop
  endfacet
  facet normal 0 0 1
    outer loop
      vertex 30.16 91.7824 10
      vertex 28.86 94.0341 10
      vertex 30.0077 91.6807 10
    endloop
  endfacet
  facet normal -0 0 1
    outer loop
      vertex 28.425 93.7434 10
      vertex 30.0077 91.6807 10
      vertex 28.86 94.0341 10
    endloop
  endfacet
  facet normal 0 0 1
    outer loop
      vertex 30.0077 91.6807 10
      vertex 28.425 93.7434 10
      vertex 29.8701 91.56 10
    endloop
  endfacet
  facet normal -0 0 1
    outer loop
      vertex 28.0316 93.3984 10
      vertex 29.8701 91.56 10
      vertex 28.425 93.7434 10
    endloop
  endfacet
  facet normal 0 0 1
    outer loop
      vertex 29.8701 91.56 10
      vertex 28.0316 93.3984 10
      vertex 29.7493 91.4223 10
    endloop
  endfacet
  facet normal 0 0 1
    outer loop
      vertex 29.7493 91.4223 10
      vertex 27.6866 93.005 10
      vertex 29.6476 91.27 10
    endloop
  endfacet
  facet normal -0 0 1
    outer loop
      vertex 27.6866 93.005 10
      vertex 29.7493 91.4223 10
      vertex 28.0316 93.3984 10
    endloop
  endfacet
  facet normal 0 0 1
    outer loop
      vertex 34.925 100.33 10
      vertex 32.26 13.97 10
      vertex 34.925 0 10
    endloop
  endfacet
  facet normal -0 0 1
    outer loop
      vertex 32.248 13.7873 10
      vertex 34.925 0 10
      vertex 32.26 13.97 10
    endloop
  endfacet
  facet normal -0 0 1
    outer loop
      vertex 32.2123 13.6077 10
      vertex 34.925 0 10
      vertex 32.248 13.7873 10
    endloop
  endfacet
  facet normal -0 0 1
    outer loop
      vertex 32.1534 13.4342 10
      vertex 34.925 0 10
      vertex 32.2123 13.6077 10
    endloop
  endfacet
  facet normal -0 0 1
    outer loop
      vertex 32.0724 13.27 10
      vertex 34.925 0 10
      vertex 32.1534 13.4342 10
    endloop
  endfacet
  facet normal -0 0 1
    outer loop
      vertex 31.9707 13.1177 10
      vertex 34.925 0 10
      vertex 32.0724 13.27 10
    endloop
  endfacet
  facet normal -0 0 1
    outer loop
      vertex 31.8499 12.9801 10
      vertex 34.925 0 10
      vertex 31.9707 13.1177 10
    endloop
  endfacet
  facet normal 0 0 1
    outer loop
      vertex 29.925 10.0864 10
      vertex 31.8499 12.9801 10
      vertex 31.7123 12.8593 10
    endloop
  endfacet
  facet normal 0 0 1
    outer loop
      vertex 29.925 10.0864 10
      vertex 31.7123 12.8593 10
      vertex 31.56 12.7576 10
    endloop
  endfacet
  facet normal 0 0 1
    outer loop
      vertex 29.925 10.0864 10
      vertex 31.56 12.7576 10
      vertex 31.3958 12.6766 10
    endloop
  endfacet
  facet normal 0 0 1
    outer loop
      vertex 29.925 10.0864 10
      vertex 31.3958 12.6766 10
      vertex 31.2223 12.6177 10
    endloop
  endfacet
  facet normal 0 0 1
    outer loop
      vertex 29.925 10.0864 10
      vertex 31.2223 12.6177 10
      vertex 31.0427 12.582 10
    endloop
  endfacet
  facet normal 0 0 1
    outer loop
      vertex 29.925 10.0864 10
      vertex 31.0427 12.582 10
      vertex 30.86 12.57 10
    endloop
  endfacet
  facet normal 0 0 1
    outer loop
      vertex 29.925 10.0864 10
      vertex 30.86 12.57 10
      vertex 30.6773 12.582 10
    endloop
  endfacet
  facet normal 0 0 1
    outer loop
      vertex 29.925 10.0864 10
      vertex 30.6773 12.582 10
      vertex 30.4977 12.6177 10
    endloop
  endfacet
  facet normal 0 0 1
    outer loop
      vertex 29.925 10.0864 10
      vertex 30.4977 12.6177 10
      vertex 30.3242 12.6766 10
    endloop
  endfacet
  facet normal 0 0 1
    outer loop
      vertex 29.925 10.0864 10
      vertex 30.3242 12.6766 10
      vertex 30.16 12.7576 10
    endloop
  endfacet
  facet normal 0 0 1
    outer loop
      vertex 29.925 10.0864 10
      vertex 30.16 12.7576 10
      vertex 30.0077 12.8593 10
    endloop
  endfacet
  facet normal 0 0 1
    outer loop
      vertex 31.8499 12.9801 10
      vertex 29.925 10.0864 10
      vertex 34.925 0 10
    endloop
  endfacet
  facet normal 0 0 1
    outer loop
      vertex 34.925 0 10
      vertex 29.925 10.0864 10
      vertex 29.925 0 10
    endloop
  endfacet
  facet normal -0 0 1
    outer loop
      vertex 29.3293 17.6655 10
      vertex 30.3242 15.2634 10
      vertex 29.8247 17.8337 10
    endloop
  endfacet
  facet normal 0 0 1
    outer loop
      vertex 30.3242 15.2634 10
      vertex 29.3293 17.6655 10
      vertex 30.16 15.1824 10
    endloop
  endfacet
  facet normal -0 0 1
    outer loop
      vertex 28.86 17.4341 10
      vertex 30.16 15.1824 10
      vertex 29.3293 17.6655 10
    endloop
  endfacet
  facet normal 0 0 1
    outer loop
      vertex 30.16 15.1824 10
      vertex 28.86 17.4341 10
      vertex 30.0077 15.0807 10
    endloop
  endfacet
  facet normal -0 0 1
    outer loop
      vertex 28.425 17.1434 10
      vertex 30.0077 15.0807 10
      vertex 28.86 17.4341 10
    endloop
  endfacet
  facet normal 0 0 1
    outer loop
      vertex 30.0077 15.0807 10
      vertex 28.425 17.1434 10
      vertex 29.8701 14.9599 10
    endloop
  endfacet
  facet normal -0 0 1
    outer loop
      vertex 28.0316 16.7984 10
      vertex 29.8701 14.9599 10
      vertex 28.425 17.1434 10
    endloop
  endfacet
  facet normal 0 0 1
    outer loop
      vertex 29.8701 14.9599 10
      vertex 28.0316 16.7984 10
      vertex 29.7493 14.8223 10
    endloop
  endfacet
  facet normal 0 0 1
    outer loop
      vertex 29.7493 14.8223 10
      vertex 27.6866 16.405 10
      vertex 29.6476 14.67 10
    endloop
  endfacet
  facet normal -0 0 1
    outer loop
      vertex 27.6866 16.405 10
      vertex 29.7493 14.8223 10
      vertex 28.0316 16.7984 10
    endloop
  endfacet
  facet normal -1 0 0
    outer loop
      vertex 29.925 94.4537 3
      vertex 29.925 100.33 10
      vertex 29.925 100.33 3
    endloop
  endfacet
  facet normal -1 -0 0
    outer loop
      vertex 29.925 100.33 10
      vertex 29.925 94.4537 3
      vertex 29.925 94.4537 10
    endloop
  endfacet
  facet normal -1 0 0
    outer loop
      vertex 29.925 0 3
      vertex 29.925 10.0864 10
      vertex 29.925 10.0864 3
    endloop
  endfacet
  facet normal -1 -0 0
    outer loop
      vertex 29.925 10.0864 10
      vertex 29.925 0 3
      vertex 29.925 0 10
    endloop
  endfacet
  facet normal -1 0 0
    outer loop
      vertex 29.925 17.8536 3
      vertex 29.925 86.6863 10
      vertex 29.925 86.6863 3
    endloop
  endfacet
  facet normal -1 -0 0
    outer loop
      vertex 29.925 86.6863 10
      vertex 29.925 17.8536 3
      vertex 29.925 17.8536 10
    endloop
  endfacet
  facet normal 0.980779 -0.195124 0
    outer loop
      vertex -26.9963 12.9347 10
      vertex -26.8942 13.4479 3
      vertex -26.8942 13.4479 10
    endloop
  endfacet
  facet normal 0.980779 -0.195124 0
    outer loop
      vertex -26.8942 13.4479 3
      vertex -26.9963 12.9347 10
      vertex -26.9963 12.9347 3
    endloop
  endfacet
  facet normal 0.980779 0.195124 0
    outer loop
      vertex -26.8942 14.4921 10
      vertex -26.9963 15.0053 3
      vertex -26.9963 15.0053 10
    endloop
  endfacet
  facet normal 0.980779 0.195124 0
    outer loop
      vertex -26.9963 15.0053 3
      vertex -26.8942 14.4921 10
      vertex -26.8942 14.4921 3
    endloop
  endfacet
  facet normal 0.997861 0.0653646 0
    outer loop
      vertex -26.86 13.97 10
      vertex -26.8942 14.4921 3
      vertex -26.8942 14.4921 10
    endloop
  endfacet
  facet normal 0.997861 0.0653646 0
    outer loop
      vertex -26.8942 14.4921 3
      vertex -26.86 13.97 10
      vertex -26.86 13.97 3
    endloop
  endfacet
  facet normal 0.831432 -0.555626 0
    outer loop
      vertex -27.6866 11.535 10
      vertex -27.3959 11.97 3
      vertex -27.3959 11.97 10
    endloop
  endfacet
  facet normal 0.831432 -0.555626 0
    outer loop
      vertex -27.3959 11.97 3
      vertex -27.6866 11.535 10
      vertex -27.6866 11.535 3
    endloop
  endfacet
  facet normal 0.659343 -0.751842 0
    outer loop
      vertex -28.425 10.7966 3
      vertex -28.0316 11.1416 10
      vertex -28.425 10.7966 10
    endloop
  endfacet
  facet normal 0.659343 -0.751842 0
    outer loop
      vertex -28.0316 11.1416 10
      vertex -28.425 10.7966 3
      vertex -28.0316 11.1416 3
    endloop
  endfacet
  facet normal 0.751842 0.659343 0
    outer loop
      vertex -27.6866 16.405 10
      vertex -28.0316 16.7984 3
      vertex -28.0316 16.7984 10
    endloop
  endfacet
  facet normal 0.751842 0.659343 0
    outer loop
      vertex -28.0316 16.7984 3
      vertex -27.6866 16.405 10
      vertex -27.6866 16.405 3
    endloop
  endfacet
  facet normal 0.751842 -0.659343 0
    outer loop
      vertex -28.0316 11.1416 10
      vertex -27.6866 11.535 3
      vertex -27.6866 11.535 10
    endloop
  endfacet
  facet normal 0.751842 -0.659343 0
    outer loop
      vertex -27.6866 11.535 3
      vertex -28.0316 11.1416 10
      vertex -28.0316 11.1416 3
    endloop
  endfacet
  facet normal 0.94691 0.321498 0
    outer loop
      vertex -26.9963 15.0053 10
      vertex -27.1645 15.5007 3
      vertex -27.1645 15.5007 10
    endloop
  endfacet
  facet normal 0.94691 0.321498 0
    outer loop
      vertex -27.1645 15.5007 3
      vertex -26.9963 15.0053 10
      vertex -26.9963 15.0053 3
    endloop
  endfacet
  facet normal 0.321498 -0.94691 0
    outer loop
      vertex -29.8247 10.1063 3
      vertex -29.3293 10.2745 10
      vertex -29.8247 10.1063 10
    endloop
  endfacet
  facet normal 0.321498 -0.94691 0
    outer loop
      vertex -29.3293 10.2745 10
      vertex -29.8247 10.1063 3
      vertex -29.3293 10.2745 3
    endloop
  endfacet
  facet normal 0.659343 0.751842 -0
    outer loop
      vertex -28.0316 16.7984 3
      vertex -28.425 17.1434 10
      vertex -28.0316 16.7984 10
    endloop
  endfacet
  facet normal 0.659343 0.751842 0
    outer loop
      vertex -28.425 17.1434 10
      vertex -28.0316 16.7984 3
      vertex -28.425 17.1434 3
    endloop
  endfacet
  facet normal 0.831432 0.555626 0
    outer loop
      vertex -27.3959 15.97 10
      vertex -27.6866 16.405 3
      vertex -27.6866 16.405 10
    endloop
  endfacet
  facet normal 0.831432 0.555626 0
    outer loop
      vertex -27.6866 16.405 3
      vertex -27.3959 15.97 10
      vertex -27.3959 15.97 3
    endloop
  endfacet
  facet normal 0.321498 0.94691 -0
    outer loop
      vertex -29.3293 17.6655 3
      vertex -29.8247 17.8337 10
      vertex -29.3293 17.6655 10
    endloop
  endfacet
  facet normal 0.321498 0.94691 0
    outer loop
      vertex -29.8247 17.8337 10
      vertex -29.3293 17.6655 3
      vertex -29.8247 17.8337 3
    endloop
  endfacet
  facet normal 0.555626 0.831432 -0
    outer loop
      vertex -28.425 17.1434 3
      vertex -28.86 17.4341 10
      vertex -28.425 17.1434 10
    endloop
  endfacet
  facet normal 0.555626 0.831432 0
    outer loop
      vertex -28.86 17.4341 10
      vertex -28.425 17.1434 3
      vertex -28.86 17.4341 3
    endloop
  endfacet
  facet normal 0.555626 -0.831432 0
    outer loop
      vertex -28.86 10.5059 3
      vertex -28.425 10.7966 10
      vertex -28.86 10.5059 10
    endloop
  endfacet
  facet normal 0.555626 -0.831432 0
    outer loop
      vertex -28.425 10.7966 10
      vertex -28.86 10.5059 3
      vertex -28.425 10.7966 3
    endloop
  endfacet
  facet normal 0.997861 -0.0653646 0
    outer loop
      vertex -26.8942 13.4479 10
      vertex -26.86 13.97 3
      vertex -26.86 13.97 10
    endloop
  endfacet
  facet normal 0.997861 -0.0653646 0
    outer loop
      vertex -26.86 13.97 3
      vertex -26.8942 13.4479 10
      vertex -26.8942 13.4479 3
    endloop
  endfacet
  facet normal 0.442238 0.896898 -0
    outer loop
      vertex -28.86 17.4341 3
      vertex -29.3293 17.6655 10
      vertex -28.86 17.4341 10
    endloop
  endfacet
  facet normal 0.442238 0.896898 0
    outer loop
      vertex -29.3293 17.6655 10
      vertex -28.86 17.4341 3
      vertex -29.3293 17.6655 3
    endloop
  endfacet
  facet normal 0.442238 -0.896898 0
    outer loop
      vertex -29.3293 10.2745 3
      vertex -28.86 10.5059 10
      vertex -29.3293 10.2745 10
    endloop
  endfacet
  facet normal 0.442238 -0.896898 0
    outer loop
      vertex -28.86 10.5059 10
      vertex -29.3293 10.2745 3
      vertex -28.86 10.5059 3
    endloop
  endfacet
  facet normal 0.896898 0.442238 0
    outer loop
      vertex -27.1645 15.5007 10
      vertex -27.3959 15.97 3
      vertex -27.3959 15.97 10
    endloop
  endfacet
  facet normal 0.896898 0.442238 0
    outer loop
      vertex -27.3959 15.97 3
      vertex -27.1645 15.5007 10
      vertex -27.1645 15.5007 3
    endloop
  endfacet
  facet normal 0.194611 0.98088 -0
    outer loop
      vertex -29.8247 17.8337 3
      vertex -29.925 17.8536 10
      vertex -29.8247 17.8337 10
    endloop
  endfacet
  facet normal 0.194611 0.98088 0
    outer loop
      vertex -29.925 17.8536 10
      vertex -29.8247 17.8337 3
      vertex -29.925 17.8536 3
    endloop
  endfacet
  facet normal 0.896898 -0.442238 0
    outer loop
      vertex -27.3959 11.97 10
      vertex -27.1645 12.4393 3
      vertex -27.1645 12.4393 10
    endloop
  endfacet
  facet normal 0.896898 -0.442238 0
    outer loop
      vertex -27.1645 12.4393 3
      vertex -27.3959 11.97 10
      vertex -27.3959 11.97 3
    endloop
  endfacet
  facet normal 0.94691 -0.321498 0
    outer loop
      vertex -27.1645 12.4393 10
      vertex -26.9963 12.9347 3
      vertex -26.9963 12.9347 10
    endloop
  endfacet
  facet normal 0.94691 -0.321498 0
    outer loop
      vertex -26.9963 12.9347 3
      vertex -27.1645 12.4393 10
      vertex -27.1645 12.4393 3
    endloop
  endfacet
  facet normal 0.194611 -0.98088 0
    outer loop
      vertex -29.925 10.0864 3
      vertex -29.8247 10.1063 10
      vertex -29.925 10.0864 10
    endloop
  endfacet
  facet normal 0.194611 -0.98088 0
    outer loop
      vertex -29.8247 10.1063 10
      vertex -29.925 10.0864 3
      vertex -29.8247 10.1063 3
    endloop
  endfacet
  facet normal 0.980779 0.195124 0
    outer loop
      vertex -26.8942 91.0921 10
      vertex -26.9963 91.6053 3
      vertex -26.9963 91.6053 10
    endloop
  endfacet
  facet normal 0.980779 0.195124 0
    outer loop
      vertex -26.9963 91.6053 3
      vertex -26.8942 91.0921 10
      vertex -26.8942 91.0921 3
    endloop
  endfacet
  facet normal 0.997861 0.0653646 0
    outer loop
      vertex -26.86 90.57 10
      vertex -26.8942 91.0921 3
      vertex -26.8942 91.0921 10
    endloop
  endfacet
  facet normal 0.997861 0.0653646 0
    outer loop
      vertex -26.8942 91.0921 3
      vertex -26.86 90.57 10
      vertex -26.86 90.57 3
    endloop
  endfacet
  facet normal 0.442238 0.896898 -0
    outer loop
      vertex -28.86 94.0341 3
      vertex -29.3293 94.2655 10
      vertex -28.86 94.0341 10
    endloop
  endfacet
  facet normal 0.442238 0.896898 0
    outer loop
      vertex -29.3293 94.2655 10
      vertex -28.86 94.0341 3
      vertex -29.3293 94.2655 3
    endloop
  endfacet
  facet normal 0.659343 0.751842 -0
    outer loop
      vertex -28.0316 93.3984 3
      vertex -28.425 93.7434 10
      vertex -28.0316 93.3984 10
    endloop
  endfacet
  facet normal 0.659343 0.751842 0
    outer loop
      vertex -28.425 93.7434 10
      vertex -28.0316 93.3984 3
      vertex -28.425 93.7434 3
    endloop
  endfacet
  facet normal 0.321498 -0.94691 0
    outer loop
      vertex -29.8247 86.7063 3
      vertex -29.3293 86.8745 10
      vertex -29.8247 86.7063 10
    endloop
  endfacet
  facet normal 0.321498 -0.94691 0
    outer loop
      vertex -29.3293 86.8745 10
      vertex -29.8247 86.7063 3
      vertex -29.3293 86.8745 3
    endloop
  endfacet
  facet normal 0.659343 -0.751842 0
    outer loop
      vertex -28.425 87.3966 3
      vertex -28.0316 87.7416 10
      vertex -28.425 87.3966 10
    endloop
  endfacet
  facet normal 0.659343 -0.751842 0
    outer loop
      vertex -28.0316 87.7416 10
      vertex -28.425 87.3966 3
      vertex -28.0316 87.7416 3
    endloop
  endfacet
  facet normal 0.997861 -0.0653646 0
    outer loop
      vertex -26.8942 90.0479 10
      vertex -26.86 90.57 3
      vertex -26.86 90.57 10
    endloop
  endfacet
  facet normal 0.997861 -0.0653646 0
    outer loop
      vertex -26.86 90.57 3
      vertex -26.8942 90.0479 10
      vertex -26.8942 90.0479 3
    endloop
  endfacet
  facet normal 0.94691 -0.321498 0
    outer loop
      vertex -27.1645 89.0393 10
      vertex -26.9963 89.5347 3
      vertex -26.9963 89.5347 10
    endloop
  endfacet
  facet normal 0.94691 -0.321498 0
    outer loop
      vertex -26.9963 89.5347 3
      vertex -27.1645 89.0393 10
      vertex -27.1645 89.0393 3
    endloop
  endfacet
  facet normal 0.442238 -0.896898 0
    outer loop
      vertex -29.3293 86.8745 3
      vertex -28.86 87.1059 10
      vertex -29.3293 86.8745 10
    endloop
  endfacet
  facet normal 0.442238 -0.896898 0
    outer loop
      vertex -28.86 87.1059 10
      vertex -29.3293 86.8745 3
      vertex -28.86 87.1059 3
    endloop
  endfacet
  facet normal 0.896898 0.442238 0
    outer loop
      vertex -27.1645 92.1007 10
      vertex -27.3959 92.57 3
      vertex -27.3959 92.57 10
    endloop
  endfacet
  facet normal 0.896898 0.442238 0
    outer loop
      vertex -27.3959 92.57 3
      vertex -27.1645 92.1007 10
      vertex -27.1645 92.1007 3
    endloop
  endfacet
  facet normal 0.831432 0.555626 0
    outer loop
      vertex -27.3959 92.57 10
      vertex -27.6866 93.005 3
      vertex -27.6866 93.005 10
    endloop
  endfacet
  facet normal 0.831432 0.555626 0
    outer loop
      vertex -27.6866 93.005 3
      vertex -27.3959 92.57 10
      vertex -27.3959 92.57 3
    endloop
  endfacet
  facet normal 0.751842 -0.659343 0
    outer loop
      vertex -28.0316 87.7416 10
      vertex -27.6866 88.135 3
      vertex -27.6866 88.135 10
    endloop
  endfacet
  facet normal 0.751842 -0.659343 0
    outer loop
      vertex -27.6866 88.135 3
      vertex -28.0316 87.7416 10
      vertex -28.0316 87.7416 3
    endloop
  endfacet
  facet normal 0.555626 -0.831432 0
    outer loop
      vertex -28.86 87.1059 3
      vertex -28.425 87.3966 10
      vertex -28.86 87.1059 10
    endloop
  endfacet
  facet normal 0.555626 -0.831432 0
    outer loop
      vertex -28.425 87.3966 10
      vertex -28.86 87.1059 3
      vertex -28.425 87.3966 3
    endloop
  endfacet
  facet normal 0.195552 -0.980693 0
    outer loop
      vertex -29.925 86.6863 3
      vertex -29.8247 86.7063 10
      vertex -29.925 86.6863 10
    endloop
  endfacet
  facet normal 0.195552 -0.980693 0
    outer loop
      vertex -29.8247 86.7063 10
      vertex -29.925 86.6863 3
      vertex -29.8247 86.7063 3
    endloop
  endfacet
  facet normal 0.555626 0.831432 -0
    outer loop
      vertex -28.425 93.7434 3
      vertex -28.86 94.0341 10
      vertex -28.425 93.7434 10
    endloop
  endfacet
  facet normal 0.555626 0.831432 0
    outer loop
      vertex -28.86 94.0341 10
      vertex -28.425 93.7434 3
      vertex -28.86 94.0341 3
    endloop
  endfacet
  facet normal 0.980779 -0.195124 0
    outer loop
      vertex -26.9963 89.5347 10
      vertex -26.8942 90.0479 3
      vertex -26.8942 90.0479 10
    endloop
  endfacet
  facet normal 0.980779 -0.195124 0
    outer loop
      vertex -26.8942 90.0479 3
      vertex -26.9963 89.5347 10
      vertex -26.9963 89.5347 3
    endloop
  endfacet
  facet normal 0.321498 0.94691 -0
    outer loop
      vertex -29.3293 94.2655 3
      vertex -29.8247 94.4337 10
      vertex -29.3293 94.2655 10
    endloop
  endfacet
  facet normal 0.321498 0.94691 0
    outer loop
      vertex -29.8247 94.4337 10
      vertex -29.3293 94.2655 3
      vertex -29.8247 94.4337 3
    endloop
  endfacet
  facet normal 0.195552 0.980693 -0
    outer loop
      vertex -29.8247 94.4337 3
      vertex -29.925 94.4537 10
      vertex -29.8247 94.4337 10
    endloop
  endfacet
  facet normal 0.195552 0.980693 0
    outer loop
      vertex -29.925 94.4537 10
      vertex -29.8247 94.4337 3
      vertex -29.925 94.4537 3
    endloop
  endfacet
  facet normal 0.751842 0.659343 0
    outer loop
      vertex -27.6866 93.005 10
      vertex -28.0316 93.3984 3
      vertex -28.0316 93.3984 10
    endloop
  endfacet
  facet normal 0.751842 0.659343 0
    outer loop
      vertex -28.0316 93.3984 3
      vertex -27.6866 93.005 10
      vertex -27.6866 93.005 3
    endloop
  endfacet
  facet normal 0.831432 -0.555626 0
    outer loop
      vertex -27.6866 88.135 10
      vertex -27.3959 88.57 3
      vertex -27.3959 88.57 10
    endloop
  endfacet
  facet normal 0.831432 -0.555626 0
    outer loop
      vertex -27.3959 88.57 3
      vertex -27.6866 88.135 10
      vertex -27.6866 88.135 3
    endloop
  endfacet
  facet normal 0.94691 0.321498 0
    outer loop
      vertex -26.9963 91.6053 10
      vertex -27.1645 92.1007 3
      vertex -27.1645 92.1007 10
    endloop
  endfacet
  facet normal 0.94691 0.321498 0
    outer loop
      vertex -27.1645 92.1007 3
      vertex -26.9963 91.6053 10
      vertex -26.9963 91.6053 3
    endloop
  endfacet
  facet normal 0.896898 -0.442238 0
    outer loop
      vertex -27.3959 88.57 10
      vertex -27.1645 89.0393 3
      vertex -27.1645 89.0393 10
    endloop
  endfacet
  facet normal 0.896898 -0.442238 0
    outer loop
      vertex -27.1645 89.0393 3
      vertex -27.3959 88.57 10
      vertex -27.3959 88.57 3
    endloop
  endfacet
  facet normal -0.831432 -0.555626 0
    outer loop
      vertex 27.6866 11.535 3
      vertex 27.3959 11.97 10
      vertex 27.3959 11.97 3
    endloop
  endfacet
  facet normal -0.831432 -0.555626 0
    outer loop
      vertex 27.3959 11.97 10
      vertex 27.6866 11.535 3
      vertex 27.6866 11.535 10
    endloop
  endfacet
  facet normal -0.194611 0.98088 0
    outer loop
      vertex 29.925 17.8536 3
      vertex 29.8247 17.8337 10
      vertex 29.925 17.8536 10
    endloop
  endfacet
  facet normal -0.194611 0.98088 0
    outer loop
      vertex 29.8247 17.8337 10
      vertex 29.925 17.8536 3
      vertex 29.8247 17.8337 3
    endloop
  endfacet
  facet normal -0.980779 -0.195124 0
    outer loop
      vertex 26.9963 12.9347 3
      vertex 26.8942 13.4479 10
      vertex 26.8942 13.4479 3
    endloop
  endfacet
  facet normal -0.980779 -0.195124 0
    outer loop
      vertex 26.8942 13.4479 10
      vertex 26.9963 12.9347 3
      vertex 26.9963 12.9347 10
    endloop
  endfacet
  facet normal -0.321498 -0.94691 0
    outer loop
      vertex 29.3293 10.2745 3
      vertex 29.8247 10.1063 10
      vertex 29.3293 10.2745 10
    endloop
  endfacet
  facet normal -0.321498 -0.94691 -0
    outer loop
      vertex 29.8247 10.1063 10
      vertex 29.3293 10.2745 3
      vertex 29.8247 10.1063 3
    endloop
  endfacet
  facet normal -0.321498 0.94691 0
    outer loop
      vertex 29.8247 17.8337 3
      vertex 29.3293 17.6655 10
      vertex 29.8247 17.8337 10
    endloop
  endfacet
  facet normal -0.321498 0.94691 0
    outer loop
      vertex 29.3293 17.6655 10
      vertex 29.8247 17.8337 3
      vertex 29.3293 17.6655 3
    endloop
  endfacet
  facet normal -0.659343 0.751842 0
    outer loop
      vertex 28.425 17.1434 3
      vertex 28.0316 16.7984 10
      vertex 28.425 17.1434 10
    endloop
  endfacet
  facet normal -0.659343 0.751842 0
    outer loop
      vertex 28.0316 16.7984 10
      vertex 28.425 17.1434 3
      vertex 28.0316 16.7984 3
    endloop
  endfacet
  facet normal -0.94691 -0.321498 0
    outer loop
      vertex 27.1645 12.4393 3
      vertex 26.9963 12.9347 10
      vertex 26.9963 12.9347 3
    endloop
  endfacet
  facet normal -0.94691 -0.321498 0
    outer loop
      vertex 26.9963 12.9347 10
      vertex 27.1645 12.4393 3
      vertex 27.1645 12.4393 10
    endloop
  endfacet
  facet normal -0.997861 0.0653646 0
    outer loop
      vertex 26.86 13.97 3
      vertex 26.8942 14.4921 10
      vertex 26.8942 14.4921 3
    endloop
  endfacet
  facet normal -0.997861 0.0653646 0
    outer loop
      vertex 26.8942 14.4921 10
      vertex 26.86 13.97 3
      vertex 26.86 13.97 10
    endloop
  endfacet
  facet normal -0.751842 0.659343 0
    outer loop
      vertex 27.6866 16.405 3
      vertex 28.0316 16.7984 10
      vertex 28.0316 16.7984 3
    endloop
  endfacet
  facet normal -0.751842 0.659343 0
    outer loop
      vertex 28.0316 16.7984 10
      vertex 27.6866 16.405 3
      vertex 27.6866 16.405 10
    endloop
  endfacet
  facet normal -0.997861 -0.0653646 0
    outer loop
      vertex 26.8942 13.4479 3
      vertex 26.86 13.97 10
      vertex 26.86 13.97 3
    endloop
  endfacet
  facet normal -0.997861 -0.0653646 0
    outer loop
      vertex 26.86 13.97 10
      vertex 26.8942 13.4479 3
      vertex 26.8942 13.4479 10
    endloop
  endfacet
  facet normal -0.442238 -0.896898 0
    outer loop
      vertex 28.86 10.5059 3
      vertex 29.3293 10.2745 10
      vertex 28.86 10.5059 10
    endloop
  endfacet
  facet normal -0.442238 -0.896898 -0
    outer loop
      vertex 29.3293 10.2745 10
      vertex 28.86 10.5059 3
      vertex 29.3293 10.2745 3
    endloop
  endfacet
  facet normal -0.659343 -0.751842 0
    outer loop
      vertex 28.0316 11.1416 3
      vertex 28.425 10.7966 10
      vertex 28.0316 11.1416 10
    endloop
  endfacet
  facet normal -0.659343 -0.751842 -0
    outer loop
      vertex 28.425 10.7966 10
      vertex 28.0316 11.1416 3
      vertex 28.425 10.7966 3
    endloop
  endfacet
  facet normal -0.896898 0.442238 0
    outer loop
      vertex 27.1645 15.5007 3
      vertex 27.3959 15.97 10
      vertex 27.3959 15.97 3
    endloop
  endfacet
  facet normal -0.896898 0.442238 0
    outer loop
      vertex 27.3959 15.97 10
      vertex 27.1645 15.5007 3
      vertex 27.1645 15.5007 10
    endloop
  endfacet
  facet normal -0.896898 -0.442238 0
    outer loop
      vertex 27.3959 11.97 3
      vertex 27.1645 12.4393 10
      vertex 27.1645 12.4393 3
    endloop
  endfacet
  facet normal -0.896898 -0.442238 0
    outer loop
      vertex 27.1645 12.4393 10
      vertex 27.3959 11.97 3
      vertex 27.3959 11.97 10
    endloop
  endfacet
  facet normal -0.831432 0.555626 0
    outer loop
      vertex 27.3959 15.97 3
      vertex 27.6866 16.405 10
      vertex 27.6866 16.405 3
    endloop
  endfacet
  facet normal -0.831432 0.555626 0
    outer loop
      vertex 27.6866 16.405 10
      vertex 27.3959 15.97 3
      vertex 27.3959 15.97 10
    endloop
  endfacet
  facet normal -0.94691 0.321498 0
    outer loop
      vertex 26.9963 15.0053 3
      vertex 27.1645 15.5007 10
      vertex 27.1645 15.5007 3
    endloop
  endfacet
  facet normal -0.94691 0.321498 0
    outer loop
      vertex 27.1645 15.5007 10
      vertex 26.9963 15.0053 3
      vertex 26.9963 15.0053 10
    endloop
  endfacet
  facet normal -0.980779 0.195124 0
    outer loop
      vertex 26.8942 14.4921 3
      vertex 26.9963 15.0053 10
      vertex 26.9963 15.0053 3
    endloop
  endfacet
  facet normal -0.980779 0.195124 0
    outer loop
      vertex 26.9963 15.0053 10
      vertex 26.8942 14.4921 3
      vertex 26.8942 14.4921 10
    endloop
  endfacet
  facet normal -0.555626 -0.831432 0
    outer loop
      vertex 28.425 10.7966 3
      vertex 28.86 10.5059 10
      vertex 28.425 10.7966 10
    endloop
  endfacet
  facet normal -0.555626 -0.831432 -0
    outer loop
      vertex 28.86 10.5059 10
      vertex 28.425 10.7966 3
      vertex 28.86 10.5059 3
    endloop
  endfacet
  facet normal -0.555626 0.831432 0
    outer loop
      vertex 28.86 17.4341 3
      vertex 28.425 17.1434 10
      vertex 28.86 17.4341 10
    endloop
  endfacet
  facet normal -0.555626 0.831432 0
    outer loop
      vertex 28.425 17.1434 10
      vertex 28.86 17.4341 3
      vertex 28.425 17.1434 3
    endloop
  endfacet
  facet normal -0.751842 -0.659343 0
    outer loop
      vertex 28.0316 11.1416 3
      vertex 27.6866 11.535 10
      vertex 27.6866 11.535 3
    endloop
  endfacet
  facet normal -0.751842 -0.659343 0
    outer loop
      vertex 27.6866 11.535 10
      vertex 28.0316 11.1416 3
      vertex 28.0316 11.1416 10
    endloop
  endfacet
  facet normal -0.442238 0.896898 0
    outer loop
      vertex 29.3293 17.6655 3
      vertex 28.86 17.4341 10
      vertex 29.3293 17.6655 10
    endloop
  endfacet
  facet normal -0.442238 0.896898 0
    outer loop
      vertex 28.86 17.4341 10
      vertex 29.3293 17.6655 3
      vertex 28.86 17.4341 3
    endloop
  endfacet
  facet normal -0.194611 -0.98088 0
    outer loop
      vertex 29.8247 10.1063 3
      vertex 29.925 10.0864 10
      vertex 29.8247 10.1063 10
    endloop
  endfacet
  facet normal -0.194611 -0.98088 -0
    outer loop
      vertex 29.925 10.0864 10
      vertex 29.8247 10.1063 3
      vertex 29.925 10.0864 3
    endloop
  endfacet
  facet normal -0.980779 0.195124 0
    outer loop
      vertex 26.8942 91.0921 3
      vertex 26.9963 91.6053 10
      vertex 26.9963 91.6053 3
    endloop
  endfacet
  facet normal -0.980779 0.195124 0
    outer loop
      vertex 26.9963 91.6053 10
      vertex 26.8942 91.0921 3
      vertex 26.8942 91.0921 10
    endloop
  endfacet
  facet normal -0.997861 -0.0653646 0
    outer loop
      vertex 26.8942 90.0479 3
      vertex 26.86 90.57 10
      vertex 26.86 90.57 3
    endloop
  endfacet
  facet normal -0.997861 -0.0653646 0
    outer loop
      vertex 26.86 90.57 10
      vertex 26.8942 90.0479 3
      vertex 26.8942 90.0479 10
    endloop
  endfacet
  facet normal -0.94691 0.321498 0
    outer loop
      vertex 26.9963 91.6053 3
      vertex 27.1645 92.1007 10
      vertex 27.1645 92.1007 3
    endloop
  endfacet
  facet normal -0.94691 0.321498 0
    outer loop
      vertex 27.1645 92.1007 10
      vertex 26.9963 91.6053 3
      vertex 26.9963 91.6053 10
    endloop
  endfacet
  facet normal -0.442238 0.896898 0
    outer loop
      vertex 29.3293 94.2655 3
      vertex 28.86 94.0341 10
      vertex 29.3293 94.2655 10
    endloop
  endfacet
  facet normal -0.442238 0.896898 0
    outer loop
      vertex 28.86 94.0341 10
      vertex 29.3293 94.2655 3
      vertex 28.86 94.0341 3
    endloop
  endfacet
  facet normal -0.831432 -0.555626 0
    outer loop
      vertex 27.6866 88.135 3
      vertex 27.3959 88.57 10
      vertex 27.3959 88.57 3
    endloop
  endfacet
  facet normal -0.831432 -0.555626 0
    outer loop
      vertex 27.3959 88.57 10
      vertex 27.6866 88.135 3
      vertex 27.6866 88.135 10
    endloop
  endfacet
  facet normal -0.751842 0.659343 0
    outer loop
      vertex 27.6866 93.005 3
      vertex 28.0316 93.3984 10
      vertex 28.0316 93.3984 3
    endloop
  endfacet
  facet normal -0.751842 0.659343 0
    outer loop
      vertex 28.0316 93.3984 10
      vertex 27.6866 93.005 3
      vertex 27.6866 93.005 10
    endloop
  endfacet
  facet normal -0.659343 0.751842 0
    outer loop
      vertex 28.425 93.7434 3
      vertex 28.0316 93.3984 10
      vertex 28.425 93.7434 10
    endloop
  endfacet
  facet normal -0.659343 0.751842 0
    outer loop
      vertex 28.0316 93.3984 10
      vertex 28.425 93.7434 3
      vertex 28.0316 93.3984 3
    endloop
  endfacet
  facet normal -0.751842 -0.659343 0
    outer loop
      vertex 28.0316 87.7416 3
      vertex 27.6866 88.135 10
      vertex 27.6866 88.135 3
    endloop
  endfacet
  facet normal -0.751842 -0.659343 0
    outer loop
      vertex 27.6866 88.135 10
      vertex 28.0316 87.7416 3
      vertex 28.0316 87.7416 10
    endloop
  endfacet
  facet normal -0.442238 -0.896898 0
    outer loop
      vertex 28.86 87.1059 3
      vertex 29.3293 86.8745 10
      vertex 28.86 87.1059 10
    endloop
  endfacet
  facet normal -0.442238 -0.896898 -0
    outer loop
      vertex 29.3293 86.8745 10
      vertex 28.86 87.1059 3
      vertex 29.3293 86.8745 3
    endloop
  endfacet
  facet normal -0.321498 -0.94691 0
    outer loop
      vertex 29.3293 86.8745 3
      vertex 29.8247 86.7063 10
      vertex 29.3293 86.8745 10
    endloop
  endfacet
  facet normal -0.321498 -0.94691 -0
    outer loop
      vertex 29.8247 86.7063 10
      vertex 29.3293 86.8745 3
      vertex 29.8247 86.7063 3
    endloop
  endfacet
  facet normal -0.94691 -0.321498 0
    outer loop
      vertex 27.1645 89.0393 3
      vertex 26.9963 89.5347 10
      vertex 26.9963 89.5347 3
    endloop
  endfacet
  facet normal -0.94691 -0.321498 0
    outer loop
      vertex 26.9963 89.5347 10
      vertex 27.1645 89.0393 3
      vertex 27.1645 89.0393 10
    endloop
  endfacet
  facet normal -0.555626 -0.831432 0
    outer loop
      vertex 28.425 87.3966 3
      vertex 28.86 87.1059 10
      vertex 28.425 87.3966 10
    endloop
  endfacet
  facet normal -0.555626 -0.831432 -0
    outer loop
      vertex 28.86 87.1059 10
      vertex 28.425 87.3966 3
      vertex 28.86 87.1059 3
    endloop
  endfacet
  facet normal -0.195552 0.980693 0
    outer loop
      vertex 29.925 94.4537 3
      vertex 29.8247 94.4337 10
      vertex 29.925 94.4537 10
    endloop
  endfacet
  facet normal -0.195552 0.980693 0
    outer loop
      vertex 29.8247 94.4337 10
      vertex 29.925 94.4537 3
      vertex 29.8247 94.4337 3
    endloop
  endfacet
  facet normal -0.831432 0.555626 0
    outer loop
      vertex 27.3959 92.57 3
      vertex 27.6866 93.005 10
      vertex 27.6866 93.005 3
    endloop
  endfacet
  facet normal -0.831432 0.555626 0
    outer loop
      vertex 27.6866 93.005 10
      vertex 27.3959 92.57 3
      vertex 27.3959 92.57 10
    endloop
  endfacet
  facet normal -0.997861 0.0653646 0
    outer loop
      vertex 26.86 90.57 3
      vertex 26.8942 91.0921 10
      vertex 26.8942 91.0921 3
    endloop
  endfacet
  facet normal -0.997861 0.0653646 0
    outer loop
      vertex 26.8942 91.0921 10
      vertex 26.86 90.57 3
      vertex 26.86 90.57 10
    endloop
  endfacet
  facet normal -0.980779 -0.195124 0
    outer loop
      vertex 26.9963 89.5347 3
      vertex 26.8942 90.0479 10
      vertex 26.8942 90.0479 3
    endloop
  endfacet
  facet normal -0.980779 -0.195124 0
    outer loop
      vertex 26.8942 90.0479 10
      vertex 26.9963 89.5347 3
      vertex 26.9963 89.5347 10
    endloop
  endfacet
  facet normal -0.195552 -0.980693 0
    outer loop
      vertex 29.8247 86.7063 3
      vertex 29.925 86.6863 10
      vertex 29.8247 86.7063 10
    endloop
  endfacet
  facet normal -0.195552 -0.980693 -0
    outer loop
      vertex 29.925 86.6863 10
      vertex 29.8247 86.7063 3
      vertex 29.925 86.6863 3
    endloop
  endfacet
  facet normal -0.555626 0.831432 0
    outer loop
      vertex 28.86 94.0341 3
      vertex 28.425 93.7434 10
      vertex 28.86 94.0341 10
    endloop
  endfacet
  facet normal -0.555626 0.831432 0
    outer loop
      vertex 28.425 93.7434 10
      vertex 28.86 94.0341 3
      vertex 28.425 93.7434 3
    endloop
  endfacet
  facet normal -0.659343 -0.751842 0
    outer loop
      vertex 28.0316 87.7416 3
      vertex 28.425 87.3966 10
      vertex 28.0316 87.7416 10
    endloop
  endfacet
  facet normal -0.659343 -0.751842 -0
    outer loop
      vertex 28.425 87.3966 10
      vertex 28.0316 87.7416 3
      vertex 28.425 87.3966 3
    endloop
  endfacet
  facet normal -0.321498 0.94691 0
    outer loop
      vertex 29.8247 94.4337 3
      vertex 29.3293 94.2655 10
      vertex 29.8247 94.4337 10
    endloop
  endfacet
  facet normal -0.321498 0.94691 0
    outer loop
      vertex 29.3293 94.2655 10
      vertex 29.8247 94.4337 3
      vertex 29.3293 94.2655 3
    endloop
  endfacet
  facet normal -0.896898 -0.442238 0
    outer loop
      vertex 27.3959 88.57 3
      vertex 27.1645 89.0393 10
      vertex 27.1645 89.0393 3
    endloop
  endfacet
  facet normal -0.896898 -0.442238 0
    outer loop
      vertex 27.1645 89.0393 10
      vertex 27.3959 88.57 3
      vertex 27.3959 88.57 10
    endloop
  endfacet
  facet normal -0.896898 0.442238 0
    outer loop
      vertex 27.1645 92.1007 3
      vertex 27.3959 92.57 10
      vertex 27.3959 92.57 3
    endloop
  endfacet
  facet normal -0.896898 0.442238 0
    outer loop
      vertex 27.3959 92.57 10
      vertex 27.1645 92.1007 3
      vertex 27.1645 92.1007 10
    endloop
  endfacet
  facet normal -0 0 1
    outer loop
      vertex -29.8247 86.7063 3
      vertex -23.8971 80.25 3
      vertex -29.3293 86.8745 3
    endloop
  endfacet
  facet normal 0 0 1
    outer loop
      vertex -24.5 55 3
      vertex -26.8942 14.4921 3
      vertex -26.86 13.97 3
    endloop
  endfacet
  facet normal 0 0 1
    outer loop
      vertex -23.8971 80.25 3
      vertex -29.8247 86.7063 3
      vertex -24.1575 79.7221 3
    endloop
  endfacet
  facet normal 0 0 1
    outer loop
      vertex -24.5 55 3
      vertex -26.9963 15.0053 3
      vertex -26.8942 14.4921 3
    endloop
  endfacet
  facet normal -0 0 1
    outer loop
      vertex -29.925 86.6863 3
      vertex -24.1575 79.7221 3
      vertex -29.8247 86.7063 3
    endloop
  endfacet
  facet normal 0 0 1
    outer loop
      vertex -24.5 55 3
      vertex -27.1645 15.5007 3
      vertex -26.9963 15.0053 3
    endloop
  endfacet
  facet normal 0 0 1
    outer loop
      vertex -24.1575 79.7221 3
      vertex -29.925 86.6863 3
      vertex -24.3467 79.1647 3
    endloop
  endfacet
  facet normal 0 0 1
    outer loop
      vertex -24.5 55 3
      vertex -27.3959 15.97 3
      vertex -27.1645 15.5007 3
    endloop
  endfacet
  facet normal 0 0 1
    outer loop
      vertex -24.3467 79.1647 3
      vertex -29.925 86.6863 3
      vertex -24.4615 78.5874 3
    endloop
  endfacet
  facet normal 0 0 1
    outer loop
      vertex -24.5 55 3
      vertex -27.6866 16.405 3
      vertex -27.3959 15.97 3
    endloop
  endfacet
  facet normal 0 0 1
    outer loop
      vertex -24.4615 78.5874 3
      vertex -29.925 86.6863 3
      vertex -24.5 78 3
    endloop
  endfacet
  facet normal 0 0 1
    outer loop
      vertex -24.5 55 3
      vertex -28.0316 16.7984 3
      vertex -27.6866 16.405 3
    endloop
  endfacet
  facet normal 0 0 1
    outer loop
      vertex -24.5 78 3
      vertex -29.925 86.6863 3
      vertex -24.4615 77.4126 3
    endloop
  endfacet
  facet normal 0 0 1
    outer loop
      vertex -24.5 55 3
      vertex -28.425 17.1434 3
      vertex -28.0316 16.7984 3
    endloop
  endfacet
  facet normal 0 0 1
    outer loop
      vertex -24.4615 77.4126 3
      vertex -29.925 86.6863 3
      vertex -24.4615 67.0874 3
    endloop
  endfacet
  facet normal 0 0 1
    outer loop
      vertex -24.5 55 3
      vertex -28.86 17.4341 3
      vertex -28.425 17.1434 3
    endloop
  endfacet
  facet normal 0 0 1
    outer loop
      vertex -24.4615 67.0874 3
      vertex -29.925 86.6863 3
      vertex -24.5 66.5 3
    endloop
  endfacet
  facet normal 0 0 1
    outer loop
      vertex -24.5 55 3
      vertex -29.3293 17.6655 3
      vertex -28.86 17.4341 3
    endloop
  endfacet
  facet normal 0 0 1
    outer loop
      vertex -24.5 66.5 3
      vertex -29.925 86.6863 3
      vertex -24.5 55 3
    endloop
  endfacet
  facet normal 0 0 1
    outer loop
      vertex -24.5 55 3
      vertex -29.8247 17.8337 3
      vertex -29.3293 17.6655 3
    endloop
  endfacet
  facet normal 0 0 1
    outer loop
      vertex -29.925 17.8536 3
      vertex -24.5 55 3
      vertex -29.925 86.6863 3
    endloop
  endfacet
  facet normal 0 0 1
    outer loop
      vertex -24.5 55 3
      vertex -29.925 17.8536 3
      vertex -29.8247 17.8337 3
    endloop
  endfacet
  facet normal 0 0 1
    outer loop
      vertex 27.3959 15.97 3
      vertex 23.5701 17.7606 3
      vertex 27.1645 15.5007 3
    endloop
  endfacet
  facet normal 0 0 1
    outer loop
      vertex 26.86 13.97 3
      vertex 24.4615 9.58737 3
      vertex 24.5 9 3
    endloop
  endfacet
  facet normal -0 0 1
    outer loop
      vertex 23.182 17.318 3
      vertex 27.1645 15.5007 3
      vertex 23.5701 17.7606 3
    endloop
  endfacet
  facet normal 0 0 1
    outer loop
      vertex 26.86 13.97 3
      vertex 24.3467 10.1647 3
      vertex 24.4615 9.58737 3
    endloop
  endfacet
  facet normal 0 0 1
    outer loop
      vertex 27.1645 15.5007 3
      vertex 23.182 17.318 3
      vertex 26.9963 15.0053 3
    endloop
  endfacet
  facet normal 0 0 1
    outer loop
      vertex 26.86 13.97 3
      vertex 24.1575 10.7221 3
      vertex 24.3467 10.1647 3
    endloop
  endfacet
  facet normal -0 0 1
    outer loop
      vertex 22.7394 16.9299 3
      vertex 26.9963 15.0053 3
      vertex 23.182 17.318 3
    endloop
  endfacet
  facet normal 0 0 1
    outer loop
      vertex 26.86 13.97 3
      vertex 23.8971 11.25 3
      vertex 24.1575 10.7221 3
    endloop
  endfacet
  facet normal 0 0 1
    outer loop
      vertex 26.9963 15.0053 3
      vertex 22.7394 16.9299 3
      vertex 26.8942 14.4921 3
    endloop
  endfacet
  facet normal 0 0 1
    outer loop
      vertex 26.86 13.97 3
      vertex 23.5701 11.7394 3
      vertex 23.8971 11.25 3
    endloop
  endfacet
  facet normal 0 0 1
    outer loop
      vertex 22.7394 12.5701 3
      vertex 26.8942 14.4921 3
      vertex 22.7394 16.9299 3
    endloop
  endfacet
  facet normal 0 0 1
    outer loop
      vertex 26.86 13.97 3
      vertex 23.182 12.182 3
      vertex 23.5701 11.7394 3
    endloop
  endfacet
  facet normal 0 0 1
    outer loop
      vertex 26.8942 14.4921 3
      vertex 22.7394 12.5701 3
      vertex 26.86 13.97 3
    endloop
  endfacet
  facet normal 0 0 1
    outer loop
      vertex 26.86 13.97 3
      vertex 22.7394 12.5701 3
      vertex 23.182 12.182 3
    endloop
  endfacet
  facet normal -0 0 1
    outer loop
      vertex 22.25 16.6029 3
      vertex 22.7394 12.5701 3
      vertex 22.7394 16.9299 3
    endloop
  endfacet
  facet normal 0 0 1
    outer loop
      vertex 22.25 16.6029 3
      vertex 22.25 12.8971 3
      vertex 22.7394 12.5701 3
    endloop
  endfacet
  facet normal -0 0 1
    outer loop
      vertex 21.7221 16.3425 3
      vertex 22.25 12.8971 3
      vertex 22.25 16.6029 3
    endloop
  endfacet
  facet normal 0 0 1
    outer loop
      vertex 21.7221 16.3425 3
      vertex 21.7221 13.1575 3
      vertex 22.25 12.8971 3
    endloop
  endfacet
  facet normal -0 0 1
    outer loop
      vertex 21.1647 16.1533 3
      vertex 21.7221 13.1575 3
      vertex 21.7221 16.3425 3
    endloop
  endfacet
  facet normal 0 0 1
    outer loop
      vertex 21.1647 16.1533 3
      vertex 21.1647 13.3467 3
      vertex 21.7221 13.1575 3
    endloop
  endfacet
  facet normal -0 0 1
    outer loop
      vertex 20.5874 16.0385 3
      vertex 21.1647 13.3467 3
      vertex 21.1647 16.1533 3
    endloop
  endfacet
  facet normal 0 0 1
    outer loop
      vertex 20.5874 16.0385 3
      vertex 20.5874 13.4615 3
      vertex 21.1647 13.3467 3
    endloop
  endfacet
  facet normal -0 0 1
    outer loop
      vertex 20 16 3
      vertex 20.5874 13.4615 3
      vertex 20.5874 16.0385 3
    endloop
  endfacet
  facet normal 0 0 1
    outer loop
      vertex 20 16 3
      vertex 20 13.5 3
      vertex 20.5874 13.4615 3
    endloop
  endfacet
  facet normal -0 0 1
    outer loop
      vertex -20 16 3
      vertex 20 13.5 3
      vertex 20 16 3
    endloop
  endfacet
  facet normal 0 0 1
    outer loop
      vertex -20 16 3
      vertex -20 13.5 3
      vertex 20 13.5 3
    endloop
  endfacet
  facet normal 0 0 1
    outer loop
      vertex -20.5874 16.0385 3
      vertex -20 13.5 3
      vertex -20 16 3
    endloop
  endfacet
  facet normal 0 0 1
    outer loop
      vertex -20.5874 16.0385 3
      vertex -20.5874 13.4615 3
      vertex -20 13.5 3
    endloop
  endfacet
  facet normal 0 0 1
    outer loop
      vertex -21.1647 16.1533 3
      vertex -20.5874 13.4615 3
      vertex -20.5874 16.0385 3
    endloop
  endfacet
  facet normal 0 0 1
    outer loop
      vertex -21.1647 16.1533 3
      vertex -21.1647 13.3467 3
      vertex -20.5874 13.4615 3
    endloop
  endfacet
  facet normal 0 0 1
    outer loop
      vertex -21.7221 16.3425 3
      vertex -21.1647 13.3467 3
      vertex -21.1647 16.1533 3
    endloop
  endfacet
  facet normal 0 0 1
    outer loop
      vertex -21.7221 16.3425 3
      vertex -21.7221 13.1575 3
      vertex -21.1647 13.3467 3
    endloop
  endfacet
  facet normal 0 0 1
    outer loop
      vertex -22.25 16.6029 3
      vertex -21.7221 13.1575 3
      vertex -21.7221 16.3425 3
    endloop
  endfacet
  facet normal 0 0 1
    outer loop
      vertex -22.25 16.6029 3
      vertex -22.25 12.8971 3
      vertex -21.7221 13.1575 3
    endloop
  endfacet
  facet normal 0 0 1
    outer loop
      vertex -22.7394 16.9299 3
      vertex -22.25 12.8971 3
      vertex -22.25 16.6029 3
    endloop
  endfacet
  facet normal 0 0 1
    outer loop
      vertex -22.7394 16.9299 3
      vertex -22.7394 12.5701 3
      vertex -22.25 12.8971 3
    endloop
  endfacet
  facet normal 0 0 1
    outer loop
      vertex -26.86 13.97 3
      vertex -22.7394 16.9299 3
      vertex -23.182 17.318 3
    endloop
  endfacet
  facet normal 0 0 1
    outer loop
      vertex -22.7394 16.9299 3
      vertex -26.86 13.97 3
      vertex -22.7394 12.5701 3
    endloop
  endfacet
  facet normal 0 0 1
    outer loop
      vertex -26.86 13.97 3
      vertex -23.182 17.318 3
      vertex -23.5701 17.7606 3
    endloop
  endfacet
  facet normal 0 0 1
    outer loop
      vertex -22.7394 12.5701 3
      vertex -26.86 13.97 3
      vertex -23.182 12.182 3
    endloop
  endfacet
  facet normal 0 0 1
    outer loop
      vertex -26.86 13.97 3
      vertex -23.5701 17.7606 3
      vertex -23.8971 18.25 3
    endloop
  endfacet
  facet normal -0 0 1
    outer loop
      vertex -26.8942 13.4479 3
      vertex -23.182 12.182 3
      vertex -26.86 13.97 3
    endloop
  endfacet
  facet normal 0 0 1
    outer loop
      vertex -26.86 13.97 3
      vertex -23.8971 18.25 3
      vertex -24.1575 18.7779 3
    endloop
  endfacet
  facet normal 0 0 1
    outer loop
      vertex -23.182 12.182 3
      vertex -26.8942 13.4479 3
      vertex -23.5701 11.7394 3
    endloop
  endfacet
  facet normal 0 0 1
    outer loop
      vertex -26.86 13.97 3
      vertex -24.1575 18.7779 3
      vertex -24.3467 19.3353 3
    endloop
  endfacet
  facet normal -0 0 1
    outer loop
      vertex -26.9963 12.9347 3
      vertex -23.5701 11.7394 3
      vertex -26.8942 13.4479 3
    endloop
  endfacet
  facet normal 0 0 1
    outer loop
      vertex -26.86 13.97 3
      vertex -24.3467 19.3353 3
      vertex -24.4615 19.9126 3
    endloop
  endfacet
  facet normal 0 0 1
    outer loop
      vertex -23.5701 11.7394 3
      vertex -26.9963 12.9347 3
      vertex -23.8971 11.25 3
    endloop
  endfacet
  facet normal 0 0 1
    outer loop
      vertex -26.86 13.97 3
      vertex -24.4615 19.9126 3
      vertex -24.5 20.5 3
    endloop
  endfacet
  facet normal -0 0 1
    outer loop
      vertex -27.1645 12.4393 3
      vertex -23.8971 11.25 3
      vertex -26.9963 12.9347 3
    endloop
  endfacet
  facet normal -0 0 1
    outer loop
      vertex 24.3467 30.8353 3
      vertex 29.925 17.8536 3
      vertex 24.4615 31.4126 3
    endloop
  endfacet
  facet normal 0 0 1
    outer loop
      vertex 29.925 17.8536 3
      vertex 24.4615 21.0874 3
      vertex 24.5 20.5 3
    endloop
  endfacet
  facet normal -0 0 1
    outer loop
      vertex 24.1575 30.2779 3
      vertex 29.925 17.8536 3
      vertex 24.3467 30.8353 3
    endloop
  endfacet
  facet normal 0 0 1
    outer loop
      vertex 29.925 17.8536 3
      vertex 24.3467 21.6647 3
      vertex 24.4615 21.0874 3
    endloop
  endfacet
  facet normal -0 0 1
    outer loop
      vertex 24.1575 22.2221 3
      vertex 29.925 17.8536 3
      vertex 24.1575 30.2779 3
    endloop
  endfacet
  facet normal 0 0 1
    outer loop
      vertex 29.925 17.8536 3
      vertex 24.1575 22.2221 3
      vertex 24.3467 21.6647 3
    endloop
  endfacet
  facet normal -0 0 1
    outer loop
      vertex 23.8971 29.75 3
      vertex 24.1575 22.2221 3
      vertex 24.1575 30.2779 3
    endloop
  endfacet
  facet normal 0 0 1
    outer loop
      vertex 23.8971 29.75 3
      vertex 23.8971 22.75 3
      vertex 24.1575 22.2221 3
    endloop
  endfacet
  facet normal -0 0 1
    outer loop
      vertex 23.5701 29.2606 3
      vertex 23.8971 22.75 3
      vertex 23.8971 29.75 3
    endloop
  endfacet
  facet normal 0 0 1
    outer loop
      vertex 23.5701 29.2606 3
      vertex 23.5701 23.2394 3
      vertex 23.8971 22.75 3
    endloop
  endfacet
  facet normal -0 0 1
    outer loop
      vertex 23.182 28.818 3
      vertex 23.5701 23.2394 3
      vertex 23.5701 29.2606 3
    endloop
  endfacet
  facet normal 0 0 1
    outer loop
      vertex 23.182 28.818 3
      vertex 23.182 23.682 3
      vertex 23.5701 23.2394 3
    endloop
  endfacet
  facet normal -0 0 1
    outer loop
      vertex 22.7394 28.4299 3
      vertex 23.182 23.682 3
      vertex 23.182 28.818 3
    endloop
  endfacet
  facet normal 0 0 1
    outer loop
      vertex 22.7394 28.4299 3
      vertex 22.7394 24.0701 3
      vertex 23.182 23.682 3
    endloop
  endfacet
  facet normal -0 0 1
    outer loop
      vertex 22.25 28.1029 3
      vertex 22.7394 24.0701 3
      vertex 22.7394 28.4299 3
    endloop
  endfacet
  facet normal 0 0 1
    outer loop
      vertex 22.25 28.1029 3
      vertex 22.25 24.3971 3
      vertex 22.7394 24.0701 3
    endloop
  endfacet
  facet normal -0 0 1
    outer loop
      vertex 21.7221 27.8425 3
      vertex 22.25 24.3971 3
      vertex 22.25 28.1029 3
    endloop
  endfacet
  facet normal 0 0 1
    outer loop
      vertex 21.7221 27.8425 3
      vertex 21.7221 24.6575 3
      vertex 22.25 24.3971 3
    endloop
  endfacet
  facet normal -0 0 1
    outer loop
      vertex 21.1647 27.6533 3
      vertex 21.7221 24.6575 3
      vertex 21.7221 27.8425 3
    endloop
  endfacet
  facet normal 0 0 1
    outer loop
      vertex 21.1647 27.6533 3
      vertex 21.1647 24.8467 3
      vertex 21.7221 24.6575 3
    endloop
  endfacet
  facet normal -0 0 1
    outer loop
      vertex 20.5874 27.5385 3
      vertex 21.1647 24.8467 3
      vertex 21.1647 27.6533 3
    endloop
  endfacet
  facet normal 0 0 1
    outer loop
      vertex 20.5874 27.5385 3
      vertex 20.5874 24.9615 3
      vertex 21.1647 24.8467 3
    endloop
  endfacet
  facet normal -0 0 1
    outer loop
      vertex 20 27.5 3
      vertex 20.5874 24.9615 3
      vertex 20.5874 27.5385 3
    endloop
  endfacet
  facet normal 0 0 1
    outer loop
      vertex 20 27.5 3
      vertex 20 25 3
      vertex 20.5874 24.9615 3
    endloop
  endfacet
  facet normal -0 0 1
    outer loop
      vertex -20 27.5 3
      vertex 20 25 3
      vertex 20 27.5 3
    endloop
  endfacet
  facet normal 0 0 1
    outer loop
      vertex -20 27.5 3
      vertex -20 25 3
      vertex 20 25 3
    endloop
  endfacet
  facet normal 0 0 1
    outer loop
      vertex -20.5874 27.5385 3
      vertex -20 25 3
      vertex -20 27.5 3
    endloop
  endfacet
  facet normal 0 0 1
    outer loop
      vertex -20.5874 27.5385 3
      vertex -20.5874 24.9615 3
      vertex -20 25 3
    endloop
  endfacet
  facet normal 0 0 1
    outer loop
      vertex -21.1647 27.6533 3
      vertex -20.5874 24.9615 3
      vertex -20.5874 27.5385 3
    endloop
  endfacet
  facet normal 0 0 1
    outer loop
      vertex -21.1647 27.6533 3
      vertex -21.1647 24.8467 3
      vertex -20.5874 24.9615 3
    endloop
  endfacet
  facet normal 0 0 1
    outer loop
      vertex -21.7221 27.8425 3
      vertex -21.1647 24.8467 3
      vertex -21.1647 27.6533 3
    endloop
  endfacet
  facet normal 0 0 1
    outer loop
      vertex -21.7221 27.8425 3
      vertex -21.7221 24.6575 3
      vertex -21.1647 24.8467 3
    endloop
  endfacet
  facet normal 0 0 1
    outer loop
      vertex -22.25 28.1029 3
      vertex -21.7221 24.6575 3
      vertex -21.7221 27.8425 3
    endloop
  endfacet
  facet normal 0 0 1
    outer loop
      vertex -22.25 28.1029 3
      vertex -22.25 24.3971 3
      vertex -21.7221 24.6575 3
    endloop
  endfacet
  facet normal 0 0 1
    outer loop
      vertex -22.7394 28.4299 3
      vertex -22.25 24.3971 3
      vertex -22.25 28.1029 3
    endloop
  endfacet
  facet normal 0 0 1
    outer loop
      vertex -22.7394 28.4299 3
      vertex -22.7394 24.0701 3
      vertex -22.25 24.3971 3
    endloop
  endfacet
  facet normal 0 0 1
    outer loop
      vertex -23.182 28.818 3
      vertex -22.7394 24.0701 3
      vertex -22.7394 28.4299 3
    endloop
  endfacet
  facet normal 0 0 1
    outer loop
      vertex -23.182 28.818 3
      vertex -23.182 23.682 3
      vertex -22.7394 24.0701 3
    endloop
  endfacet
  facet normal 0 0 1
    outer loop
      vertex -23.5701 29.2606 3
      vertex -23.182 23.682 3
      vertex -23.182 28.818 3
    endloop
  endfacet
  facet normal 0 0 1
    outer loop
      vertex -23.5701 29.2606 3
      vertex -23.5701 23.2394 3
      vertex -23.182 23.682 3
    endloop
  endfacet
  facet normal 0 0 1
    outer loop
      vertex -23.8971 29.75 3
      vertex -23.5701 23.2394 3
      vertex -23.5701 29.2606 3
    endloop
  endfacet
  facet normal 0 0 1
    outer loop
      vertex -23.8971 29.75 3
      vertex -23.8971 22.75 3
      vertex -23.5701 23.2394 3
    endloop
  endfacet
  facet normal 0 0 1
    outer loop
      vertex -24.1575 30.2779 3
      vertex -23.8971 22.75 3
      vertex -23.8971 29.75 3
    endloop
  endfacet
  facet normal 0 0 1
    outer loop
      vertex -24.1575 30.2779 3
      vertex -24.1575 22.2221 3
      vertex -23.8971 22.75 3
    endloop
  endfacet
  facet normal 0 0 1
    outer loop
      vertex -24.3467 30.8353 3
      vertex -24.1575 22.2221 3
      vertex -24.1575 30.2779 3
    endloop
  endfacet
  facet normal 0 0 1
    outer loop
      vertex -24.3467 30.8353 3
      vertex -24.3467 21.6647 3
      vertex -24.1575 22.2221 3
    endloop
  endfacet
  facet normal 0 0 1
    outer loop
      vertex -24.4615 31.4126 3
      vertex -24.3467 21.6647 3
      vertex -24.3467 30.8353 3
    endloop
  endfacet
  facet normal 0 0 1
    outer loop
      vertex -24.4615 31.4126 3
      vertex -24.4615 21.0874 3
      vertex -24.3467 21.6647 3
    endloop
  endfacet
  facet normal 0 0 1
    outer loop
      vertex -26.86 13.97 3
      vertex -24.4615 31.4126 3
      vertex -24.5 32 3
    endloop
  endfacet
  facet normal 0 0 1
    outer loop
      vertex -24.4615 31.4126 3
      vertex -26.86 13.97 3
      vertex -24.4615 21.0874 3
    endloop
  endfacet
  facet normal -0 0 1
    outer loop
      vertex 24.4615 32.5874 3
      vertex 29.925 17.8536 3
      vertex 24.4615 42.9126 3
    endloop
  endfacet
  facet normal 0 0 1
    outer loop
      vertex 29.925 17.8536 3
      vertex 24.4615 32.5874 3
      vertex 24.5 32 3
    endloop
  endfacet
  facet normal -0 0 1
    outer loop
      vertex 24.3467 42.3353 3
      vertex 24.4615 32.5874 3
      vertex 24.4615 42.9126 3
    endloop
  endfacet
  facet normal 0 0 1
    outer loop
      vertex 24.3467 42.3353 3
      vertex 24.3467 33.1647 3
      vertex 24.4615 32.5874 3
    endloop
  endfacet
  facet normal -0 0 1
    outer loop
      vertex 24.1575 41.7779 3
      vertex 24.3467 33.1647 3
      vertex 24.3467 42.3353 3
    endloop
  endfacet
  facet normal 0 0 1
    outer loop
      vertex 24.1575 41.7779 3
      vertex 24.1575 33.7221 3
      vertex 24.3467 33.1647 3
    endloop
  endfacet
  facet normal -0 0 1
    outer loop
      vertex 23.8971 41.25 3
      vertex 24.1575 33.7221 3
      vertex 24.1575 41.7779 3
    endloop
  endfacet
  facet normal 0 0 1
    outer loop
      vertex 23.8971 41.25 3
      vertex 23.8971 34.25 3
      vertex 24.1575 33.7221 3
    endloop
  endfacet
  facet normal -0 0 1
    outer loop
      vertex 23.5701 40.7606 3
      vertex 23.8971 34.25 3
      vertex 23.8971 41.25 3
    endloop
  endfacet
  facet normal 0 0 1
    outer loop
      vertex 23.5701 40.7606 3
      vertex 23.5701 34.7394 3
      vertex 23.8971 34.25 3
    endloop
  endfacet
  facet normal -0 0 1
    outer loop
      vertex 23.182 40.318 3
      vertex 23.5701 34.7394 3
      vertex 23.5701 40.7606 3
    endloop
  endfacet
  facet normal 0 0 1
    outer loop
      vertex 23.182 40.318 3
      vertex 23.182 35.182 3
      vertex 23.5701 34.7394 3
    endloop
  endfacet
  facet normal -0 0 1
    outer loop
      vertex 22.7394 39.9299 3
      vertex 23.182 35.182 3
      vertex 23.182 40.318 3
    endloop
  endfacet
  facet normal 0 0 1
    outer loop
      vertex 22.7394 39.9299 3
      vertex 22.7394 35.5701 3
      vertex 23.182 35.182 3
    endloop
  endfacet
  facet normal -0 0 1
    outer loop
      vertex 22.25 39.6029 3
      vertex 22.7394 35.5701 3
      vertex 22.7394 39.9299 3
    endloop
  endfacet
  facet normal 0 0 1
    outer loop
      vertex 22.25 39.6029 3
      vertex 22.25 35.8971 3
      vertex 22.7394 35.5701 3
    endloop
  endfacet
  facet normal -0 0 1
    outer loop
      vertex 21.7221 39.3425 3
      vertex 22.25 35.8971 3
      vertex 22.25 39.6029 3
    endloop
  endfacet
  facet normal 0 0 1
    outer loop
      vertex 21.7221 39.3425 3
      vertex 21.7221 36.1575 3
      vertex 22.25 35.8971 3
    endloop
  endfacet
  facet normal -0 0 1
    outer loop
      vertex 21.1647 39.1533 3
      vertex 21.7221 36.1575 3
      vertex 21.7221 39.3425 3
    endloop
  endfacet
  facet normal 0 0 1
    outer loop
      vertex 21.1647 39.1533 3
      vertex 21.1647 36.3467 3
      vertex 21.7221 36.1575 3
    endloop
  endfacet
  facet normal -0 0 1
    outer loop
      vertex 20.5874 39.0385 3
      vertex 21.1647 36.3467 3
      vertex 21.1647 39.1533 3
    endloop
  endfacet
  facet normal 0 0 1
    outer loop
      vertex 20.5874 39.0385 3
      vertex 20.5874 36.4615 3
      vertex 21.1647 36.3467 3
    endloop
  endfacet
  facet normal -0 0 1
    outer loop
      vertex 20 39 3
      vertex 20.5874 36.4615 3
      vertex 20.5874 39.0385 3
    endloop
  endfacet
  facet normal 0 0 1
    outer loop
      vertex 20 39 3
      vertex 20 36.5 3
      vertex 20.5874 36.4615 3
    endloop
  endfacet
  facet normal -0 0 1
    outer loop
      vertex -20 39 3
      vertex 20 36.5 3
      vertex 20 39 3
    endloop
  endfacet
  facet normal 0 0 1
    outer loop
      vertex -20 39 3
      vertex -20 36.5 3
      vertex 20 36.5 3
    endloop
  endfacet
  facet normal 0 0 1
    outer loop
      vertex -20.5874 39.0385 3
      vertex -20 36.5 3
      vertex -20 39 3
    endloop
  endfacet
  facet normal 0 0 1
    outer loop
      vertex -20.5874 39.0385 3
      vertex -20.5874 36.4615 3
      vertex -20 36.5 3
    endloop
  endfacet
  facet normal 0 0 1
    outer loop
      vertex -21.1647 39.1533 3
      vertex -20.5874 36.4615 3
      vertex -20.5874 39.0385 3
    endloop
  endfacet
  facet normal 0 0 1
    outer loop
      vertex -21.1647 39.1533 3
      vertex -21.1647 36.3467 3
      vertex -20.5874 36.4615 3
    endloop
  endfacet
  facet normal 0 0 1
    outer loop
      vertex -21.7221 39.3425 3
      vertex -21.1647 36.3467 3
      vertex -21.1647 39.1533 3
    endloop
  endfacet
  facet normal 0 0 1
    outer loop
      vertex -21.7221 39.3425 3
      vertex -21.7221 36.1575 3
      vertex -21.1647 36.3467 3
    endloop
  endfacet
  facet normal 0 0 1
    outer loop
      vertex -22.25 39.6029 3
      vertex -21.7221 36.1575 3
      vertex -21.7221 39.3425 3
    endloop
  endfacet
  facet normal 0 0 1
    outer loop
      vertex -22.25 39.6029 3
      vertex -22.25 35.8971 3
      vertex -21.7221 36.1575 3
    endloop
  endfacet
  facet normal 0 0 1
    outer loop
      vertex -22.7394 39.9299 3
      vertex -22.25 35.8971 3
      vertex -22.25 39.6029 3
    endloop
  endfacet
  facet normal 0 0 1
    outer loop
      vertex -22.7394 39.9299 3
      vertex -22.7394 35.5701 3
      vertex -22.25 35.8971 3
    endloop
  endfacet
  facet normal 0 0 1
    outer loop
      vertex -23.182 40.318 3
      vertex -22.7394 35.5701 3
      vertex -22.7394 39.9299 3
    endloop
  endfacet
  facet normal 0 0 1
    outer loop
      vertex -23.182 40.318 3
      vertex -23.182 35.182 3
      vertex -22.7394 35.5701 3
    endloop
  endfacet
  facet normal 0 0 1
    outer loop
      vertex -23.5701 40.7606 3
      vertex -23.182 35.182 3
      vertex -23.182 40.318 3
    endloop
  endfacet
  facet normal 0 0 1
    outer loop
      vertex -23.5701 40.7606 3
      vertex -23.5701 34.7394 3
      vertex -23.182 35.182 3
    endloop
  endfacet
  facet normal 0 0 1
    outer loop
      vertex -23.8971 41.25 3
      vertex -23.5701 34.7394 3
      vertex -23.5701 40.7606 3
    endloop
  endfacet
  facet normal 0 0 1
    outer loop
      vertex -23.8971 41.25 3
      vertex -23.8971 34.25 3
      vertex -23.5701 34.7394 3
    endloop
  endfacet
  facet normal 0 0 1
    outer loop
      vertex -24.1575 41.7779 3
      vertex -23.8971 34.25 3
      vertex -23.8971 41.25 3
    endloop
  endfacet
  facet normal 0 0 1
    outer loop
      vertex -24.1575 41.7779 3
      vertex -24.1575 33.7221 3
      vertex -23.8971 34.25 3
    endloop
  endfacet
  facet normal 0 0 1
    outer loop
      vertex -24.3467 42.3353 3
      vertex -24.1575 33.7221 3
      vertex -24.1575 41.7779 3
    endloop
  endfacet
  facet normal 0 0 1
    outer loop
      vertex -24.3467 42.3353 3
      vertex -24.3467 33.1647 3
      vertex -24.1575 33.7221 3
    endloop
  endfacet
  facet normal 0 0 1
    outer loop
      vertex -24.4615 42.9126 3
      vertex -24.3467 33.1647 3
      vertex -24.3467 42.3353 3
    endloop
  endfacet
  facet normal 0 0 1
    outer loop
      vertex -24.4615 42.9126 3
      vertex -24.4615 32.5874 3
      vertex -24.3467 33.1647 3
    endloop
  endfacet
  facet normal 0 0 1
    outer loop
      vertex -24.5 43.5 3
      vertex -24.4615 32.5874 3
      vertex -24.4615 42.9126 3
    endloop
  endfacet
  facet normal 0 0 1
    outer loop
      vertex -24.4615 32.5874 3
      vertex -24.5 43.5 3
      vertex -24.5 32 3
    endloop
  endfacet
  facet normal -0 0 1
    outer loop
      vertex 24.4615 54.4126 3
      vertex 24.5 43.5 3
      vertex 24.5 55 3
    endloop
  endfacet
  facet normal 0 0 1
    outer loop
      vertex 24.4615 54.4126 3
      vertex 24.4615 44.0874 3
      vertex 24.5 43.5 3
    endloop
  endfacet
  facet normal -0 0 1
    outer loop
      vertex 24.3467 53.8353 3
      vertex 24.4615 44.0874 3
      vertex 24.4615 54.4126 3
    endloop
  endfacet
  facet normal 0 0 1
    outer loop
      vertex 24.3467 53.8353 3
      vertex 24.3467 44.6647 3
      vertex 24.4615 44.0874 3
    endloop
  endfacet
  facet normal -0 0 1
    outer loop
      vertex 24.1575 53.2779 3
      vertex 24.3467 44.6647 3
      vertex 24.3467 53.8353 3
    endloop
  endfacet
  facet normal 0 0 1
    outer loop
      vertex 24.1575 53.2779 3
      vertex 24.1575 45.2221 3
      vertex 24.3467 44.6647 3
    endloop
  endfacet
  facet normal -0 0 1
    outer loop
      vertex 23.8971 52.75 3
      vertex 24.1575 45.2221 3
      vertex 24.1575 53.2779 3
    endloop
  endfacet
  facet normal 0 0 1
    outer loop
      vertex 23.8971 52.75 3
      vertex 23.8971 45.75 3
      vertex 24.1575 45.2221 3
    endloop
  endfacet
  facet normal -0 0 1
    outer loop
      vertex 23.5701 52.2606 3
      vertex 23.8971 45.75 3
      vertex 23.8971 52.75 3
    endloop
  endfacet
  facet normal 0 0 1
    outer loop
      vertex 23.5701 52.2606 3
      vertex 23.5701 46.2394 3
      vertex 23.8971 45.75 3
    endloop
  endfacet
  facet normal -0 0 1
    outer loop
      vertex 23.182 51.818 3
      vertex 23.5701 46.2394 3
      vertex 23.5701 52.2606 3
    endloop
  endfacet
  facet normal 0 0 1
    outer loop
      vertex 23.182 51.818 3
      vertex 23.182 46.682 3
      vertex 23.5701 46.2394 3
    endloop
  endfacet
  facet normal -0 0 1
    outer loop
      vertex 22.7394 51.4299 3
      vertex 23.182 46.682 3
      vertex 23.182 51.818 3
    endloop
  endfacet
  facet normal 0 0 1
    outer loop
      vertex 22.7394 51.4299 3
      vertex 22.7394 47.0701 3
      vertex 23.182 46.682 3
    endloop
  endfacet
  facet normal -0 0 1
    outer loop
      vertex 22.25 51.1029 3
      vertex 22.7394 47.0701 3
      vertex 22.7394 51.4299 3
    endloop
  endfacet
  facet normal 0 0 1
    outer loop
      vertex 22.25 51.1029 3
      vertex 22.25 47.3971 3
      vertex 22.7394 47.0701 3
    endloop
  endfacet
  facet normal -0 0 1
    outer loop
      vertex 21.7221 50.8425 3
      vertex 22.25 47.3971 3
      vertex 22.25 51.1029 3
    endloop
  endfacet
  facet normal 0 0 1
    outer loop
      vertex 21.7221 50.8425 3
      vertex 21.7221 47.6575 3
      vertex 22.25 47.3971 3
    endloop
  endfacet
  facet normal -0 0 1
    outer loop
      vertex 21.1647 50.6533 3
      vertex 21.7221 47.6575 3
      vertex 21.7221 50.8425 3
    endloop
  endfacet
  facet normal 0 0 1
    outer loop
      vertex 21.1647 50.6533 3
      vertex 21.1647 47.8467 3
      vertex 21.7221 47.6575 3
    endloop
  endfacet
  facet normal -0 0 1
    outer loop
      vertex 20.5874 50.5385 3
      vertex 21.1647 47.8467 3
      vertex 21.1647 50.6533 3
    endloop
  endfacet
  facet normal 0 0 1
    outer loop
      vertex 20.5874 50.5385 3
      vertex 20.5874 47.9615 3
      vertex 21.1647 47.8467 3
    endloop
  endfacet
  facet normal -0 0 1
    outer loop
      vertex 20 50.5 3
      vertex 20.5874 47.9615 3
      vertex 20.5874 50.5385 3
    endloop
  endfacet
  facet normal 0 0 1
    outer loop
      vertex 20 50.5 3
      vertex 20 48 3
      vertex 20.5874 47.9615 3
    endloop
  endfacet
  facet normal -0 0 1
    outer loop
      vertex -20 50.5 3
      vertex 20 48 3
      vertex 20 50.5 3
    endloop
  endfacet
  facet normal 0 0 1
    outer loop
      vertex -20 50.5 3
      vertex -20 48 3
      vertex 20 48 3
    endloop
  endfacet
  facet normal 0 0 1
    outer loop
      vertex -20.5874 50.5385 3
      vertex -20 48 3
      vertex -20 50.5 3
    endloop
  endfacet
  facet normal 0 0 1
    outer loop
      vertex -20.5874 50.5385 3
      vertex -20.5874 47.9615 3
      vertex -20 48 3
    endloop
  endfacet
  facet normal 0 0 1
    outer loop
      vertex -21.1647 50.6533 3
      vertex -20.5874 47.9615 3
      vertex -20.5874 50.5385 3
    endloop
  endfacet
  facet normal 0 0 1
    outer loop
      vertex -21.1647 50.6533 3
      vertex -21.1647 47.8467 3
      vertex -20.5874 47.9615 3
    endloop
  endfacet
  facet normal 0 0 1
    outer loop
      vertex -21.7221 50.8425 3
      vertex -21.1647 47.8467 3
      vertex -21.1647 50.6533 3
    endloop
  endfacet
  facet normal 0 0 1
    outer loop
      vertex -21.7221 50.8425 3
      vertex -21.7221 47.6575 3
      vertex -21.1647 47.8467 3
    endloop
  endfacet
  facet normal 0 0 1
    outer loop
      vertex -22.25 51.1029 3
      vertex -21.7221 47.6575 3
      vertex -21.7221 50.8425 3
    endloop
  endfacet
  facet normal 0 0 1
    outer loop
      vertex -22.25 51.1029 3
      vertex -22.25 47.3971 3
      vertex -21.7221 47.6575 3
    endloop
  endfacet
  facet normal 0 0 1
    outer loop
      vertex -22.7394 51.4299 3
      vertex -22.25 47.3971 3
      vertex -22.25 51.1029 3
    endloop
  endfacet
  facet normal 0 0 1
    outer loop
      vertex -22.7394 51.4299 3
      vertex -22.7394 47.0701 3
      vertex -22.25 47.3971 3
    endloop
  endfacet
  facet normal 0 0 1
    outer loop
      vertex -23.182 51.818 3
      vertex -22.7394 47.0701 3
      vertex -22.7394 51.4299 3
    endloop
  endfacet
  facet normal 0 0 1
    outer loop
      vertex -23.182 51.818 3
      vertex -23.182 46.682 3
      vertex -22.7394 47.0701 3
    endloop
  endfacet
  facet normal 0 0 1
    outer loop
      vertex -23.5701 52.2606 3
      vertex -23.182 46.682 3
      vertex -23.182 51.818 3
    endloop
  endfacet
  facet normal 0 0 1
    outer loop
      vertex -23.5701 52.2606 3
      vertex -23.5701 46.2394 3
      vertex -23.182 46.682 3
    endloop
  endfacet
  facet normal 0 0 1
    outer loop
      vertex -23.8971 52.75 3
      vertex -23.5701 46.2394 3
      vertex -23.5701 52.2606 3
    endloop
  endfacet
  facet normal 0 0 1
    outer loop
      vertex -23.8971 52.75 3
      vertex -23.8971 45.75 3
      vertex -23.5701 46.2394 3
    endloop
  endfacet
  facet normal 0 0 1
    outer loop
      vertex -24.1575 53.2779 3
      vertex -23.8971 45.75 3
      vertex -23.8971 52.75 3
    endloop
  endfacet
  facet normal 0 0 1
    outer loop
      vertex -24.1575 53.2779 3
      vertex -24.1575 45.2221 3
      vertex -23.8971 45.75 3
    endloop
  endfacet
  facet normal 0 0 1
    outer loop
      vertex -24.3467 53.8353 3
      vertex -24.1575 45.2221 3
      vertex -24.1575 53.2779 3
    endloop
  endfacet
  facet normal 0 0 1
    outer loop
      vertex -24.3467 53.8353 3
      vertex -24.3467 44.6647 3
      vertex -24.1575 45.2221 3
    endloop
  endfacet
  facet normal 0 0 1
    outer loop
      vertex -24.4615 54.4126 3
      vertex -24.3467 44.6647 3
      vertex -24.3467 53.8353 3
    endloop
  endfacet
  facet normal 0 0 1
    outer loop
      vertex -24.4615 54.4126 3
      vertex -24.4615 44.0874 3
      vertex -24.3467 44.6647 3
    endloop
  endfacet
  facet normal 0 0 1
    outer loop
      vertex -24.5 55 3
      vertex -24.4615 44.0874 3
      vertex -24.4615 54.4126 3
    endloop
  endfacet
  facet normal 0 0 1
    outer loop
      vertex -24.4615 44.0874 3
      vertex -24.5 55 3
      vertex -24.5 43.5 3
    endloop
  endfacet
  facet normal 0 0 1
    outer loop
      vertex 24.4615 55.5874 3
      vertex 29.925 86.6863 3
      vertex 24.4615 65.9126 3
    endloop
  endfacet
  facet normal 0 0 1
    outer loop
      vertex 29.925 86.6863 3
      vertex 24.4615 55.5874 3
      vertex 24.5 55 3
    endloop
  endfacet
  facet normal -0 0 1
    outer loop
      vertex 24.3467 65.3353 3
      vertex 24.4615 55.5874 3
      vertex 24.4615 65.9126 3
    endloop
  endfacet
  facet normal 0 0 1
    outer loop
      vertex 24.3467 65.3353 3
      vertex 24.3467 56.1647 3
      vertex 24.4615 55.5874 3
    endloop
  endfacet
  facet normal -0 0 1
    outer loop
      vertex 24.1575 64.7779 3
      vertex 24.3467 56.1647 3
      vertex 24.3467 65.3353 3
    endloop
  endfacet
  facet normal 0 0 1
    outer loop
      vertex 24.1575 64.7779 3
      vertex 24.1575 56.7221 3
      vertex 24.3467 56.1647 3
    endloop
  endfacet
  facet normal -0 0 1
    outer loop
      vertex 23.8971 64.25 3
      vertex 24.1575 56.7221 3
      vertex 24.1575 64.7779 3
    endloop
  endfacet
  facet normal 0 0 1
    outer loop
      vertex 23.8971 64.25 3
      vertex 23.8971 57.25 3
      vertex 24.1575 56.7221 3
    endloop
  endfacet
  facet normal -0 0 1
    outer loop
      vertex 23.5701 63.7606 3
      vertex 23.8971 57.25 3
      vertex 23.8971 64.25 3
    endloop
  endfacet
  facet normal 0 0 1
    outer loop
      vertex 23.5701 63.7606 3
      vertex 23.5701 57.7394 3
      vertex 23.8971 57.25 3
    endloop
  endfacet
  facet normal -0 0 1
    outer loop
      vertex 23.182 63.318 3
      vertex 23.5701 57.7394 3
      vertex 23.5701 63.7606 3
    endloop
  endfacet
  facet normal 0 0 1
    outer loop
      vertex 23.182 63.318 3
      vertex 23.182 58.182 3
      vertex 23.5701 57.7394 3
    endloop
  endfacet
  facet normal -0 0 1
    outer loop
      vertex 22.7394 62.9299 3
      vertex 23.182 58.182 3
      vertex 23.182 63.318 3
    endloop
  endfacet
  facet normal 0 0 1
    outer loop
      vertex 22.7394 62.9299 3
      vertex 22.7394 58.5701 3
      vertex 23.182 58.182 3
    endloop
  endfacet
  facet normal -0 0 1
    outer loop
      vertex 22.25 62.6029 3
      vertex 22.7394 58.5701 3
      vertex 22.7394 62.9299 3
    endloop
  endfacet
  facet normal 0 0 1
    outer loop
      vertex 22.25 62.6029 3
      vertex 22.25 58.8971 3
      vertex 22.7394 58.5701 3
    endloop
  endfacet
  facet normal -0 0 1
    outer loop
      vertex 21.7221 62.3425 3
      vertex 22.25 58.8971 3
      vertex 22.25 62.6029 3
    endloop
  endfacet
  facet normal 0 0 1
    outer loop
      vertex 21.7221 62.3425 3
      vertex 21.7221 59.1575 3
      vertex 22.25 58.8971 3
    endloop
  endfacet
  facet normal -0 0 1
    outer loop
      vertex 21.1647 62.1533 3
      vertex 21.7221 59.1575 3
      vertex 21.7221 62.3425 3
    endloop
  endfacet
  facet normal 0 0 1
    outer loop
      vertex 21.1647 62.1533 3
      vertex 21.1647 59.3467 3
      vertex 21.7221 59.1575 3
    endloop
  endfacet
  facet normal -0 0 1
    outer loop
      vertex 20.5874 62.0385 3
      vertex 21.1647 59.3467 3
      vertex 21.1647 62.1533 3
    endloop
  endfacet
  facet normal 0 0 1
    outer loop
      vertex 20.5874 62.0385 3
      vertex 20.5874 59.4615 3
      vertex 21.1647 59.3467 3
    endloop
  endfacet
  facet normal -0 0 1
    outer loop
      vertex 20 62 3
      vertex 20.5874 59.4615 3
      vertex 20.5874 62.0385 3
    endloop
  endfacet
  facet normal 0 0 1
    outer loop
      vertex 20 62 3
      vertex 20 59.5 3
      vertex 20.5874 59.4615 3
    endloop
  endfacet
  facet normal -0 0 1
    outer loop
      vertex -20 62 3
      vertex 20 59.5 3
      vertex 20 62 3
    endloop
  endfacet
  facet normal 0 0 1
    outer loop
      vertex -20 62 3
      vertex -20 59.5 3
      vertex 20 59.5 3
    endloop
  endfacet
  facet normal 0 0 1
    outer loop
      vertex -20.5874 62.0385 3
      vertex -20 59.5 3
      vertex -20 62 3
    endloop
  endfacet
  facet normal 0 0 1
    outer loop
      vertex -20.5874 62.0385 3
      vertex -20.5874 59.4615 3
      vertex -20 59.5 3
    endloop
  endfacet
  facet normal 0 0 1
    outer loop
      vertex -21.1647 62.1533 3
      vertex -20.5874 59.4615 3
      vertex -20.5874 62.0385 3
    endloop
  endfacet
  facet normal 0 0 1
    outer loop
      vertex -21.1647 62.1533 3
      vertex -21.1647 59.3467 3
      vertex -20.5874 59.4615 3
    endloop
  endfacet
  facet normal 0 0 1
    outer loop
      vertex -21.7221 62.3425 3
      vertex -21.1647 59.3467 3
      vertex -21.1647 62.1533 3
    endloop
  endfacet
  facet normal 0 0 1
    outer loop
      vertex -21.7221 62.3425 3
      vertex -21.7221 59.1575 3
      vertex -21.1647 59.3467 3
    endloop
  endfacet
  facet normal 0 0 1
    outer loop
      vertex -22.25 62.6029 3
      vertex -21.7221 59.1575 3
      vertex -21.7221 62.3425 3
    endloop
  endfacet
  facet normal 0 0 1
    outer loop
      vertex -22.25 62.6029 3
      vertex -22.25 58.8971 3
      vertex -21.7221 59.1575 3
    endloop
  endfacet
  facet normal 0 0 1
    outer loop
      vertex -22.7394 62.9299 3
      vertex -22.25 58.8971 3
      vertex -22.25 62.6029 3
    endloop
  endfacet
  facet normal 0 0 1
    outer loop
      vertex -22.7394 62.9299 3
      vertex -22.7394 58.5701 3
      vertex -22.25 58.8971 3
    endloop
  endfacet
  facet normal 0 0 1
    outer loop
      vertex -23.182 63.318 3
      vertex -22.7394 58.5701 3
      vertex -22.7394 62.9299 3
    endloop
  endfacet
  facet normal 0 0 1
    outer loop
      vertex -23.182 63.318 3
      vertex -23.182 58.182 3
      vertex -22.7394 58.5701 3
    endloop
  endfacet
  facet normal 0 0 1
    outer loop
      vertex -23.5701 63.7606 3
      vertex -23.182 58.182 3
      vertex -23.182 63.318 3
    endloop
  endfacet
  facet normal 0 0 1
    outer loop
      vertex -23.5701 63.7606 3
      vertex -23.5701 57.7394 3
      vertex -23.182 58.182 3
    endloop
  endfacet
  facet normal 0 0 1
    outer loop
      vertex -23.8971 64.25 3
      vertex -23.5701 57.7394 3
      vertex -23.5701 63.7606 3
    endloop
  endfacet
  facet normal 0 0 1
    outer loop
      vertex -23.8971 64.25 3
      vertex -23.8971 57.25 3
      vertex -23.5701 57.7394 3
    endloop
  endfacet
  facet normal 0 0 1
    outer loop
      vertex -24.1575 64.7779 3
      vertex -23.8971 57.25 3
      vertex -23.8971 64.25 3
    endloop
  endfacet
  facet normal 0 0 1
    outer loop
      vertex -24.1575 64.7779 3
      vertex -24.1575 56.7221 3
      vertex -23.8971 57.25 3
    endloop
  endfacet
  facet normal 0 0 1
    outer loop
      vertex -24.3467 65.3353 3
      vertex -24.1575 56.7221 3
      vertex -24.1575 64.7779 3
    endloop
  endfacet
  facet normal 0 0 1
    outer loop
      vertex -24.3467 65.3353 3
      vertex -24.3467 56.1647 3
      vertex -24.1575 56.7221 3
    endloop
  endfacet
  facet normal 0 0 1
    outer loop
      vertex -24.4615 65.9126 3
      vertex -24.3467 56.1647 3
      vertex -24.3467 65.3353 3
    endloop
  endfacet
  facet normal 0 0 1
    outer loop
      vertex -24.4615 65.9126 3
      vertex -24.4615 55.5874 3
      vertex -24.3467 56.1647 3
    endloop
  endfacet
  facet normal 0 0 1
    outer loop
      vertex -24.5 66.5 3
      vertex -24.4615 55.5874 3
      vertex -24.4615 65.9126 3
    endloop
  endfacet
  facet normal 0 0 1
    outer loop
      vertex -24.4615 55.5874 3
      vertex -24.5 66.5 3
      vertex -24.5 55 3
    endloop
  endfacet
  facet normal 0 0 1
    outer loop
      vertex 24.3467 76.8353 3
      vertex 29.925 86.6863 3
      vertex 24.4615 77.4126 3
    endloop
  endfacet
  facet normal 0 0 1
    outer loop
      vertex 29.925 86.6863 3
      vertex 24.4615 67.0874 3
      vertex 24.5 66.5 3
    endloop
  endfacet
  facet normal 0 0 1
    outer loop
      vertex 24.3467 67.6647 3
      vertex 29.925 86.6863 3
      vertex 24.3467 76.8353 3
    endloop
  endfacet
  facet normal 0 0 1
    outer loop
      vertex 29.925 86.6863 3
      vertex 24.3467 67.6647 3
      vertex 24.4615 67.0874 3
    endloop
  endfacet
  facet normal -0 0 1
    outer loop
      vertex 24.1575 76.2779 3
      vertex 24.3467 67.6647 3
      vertex 24.3467 76.8353 3
    endloop
  endfacet
  facet normal 0 0 1
    outer loop
      vertex 24.1575 76.2779 3
      vertex 24.1575 68.2221 3
      vertex 24.3467 67.6647 3
    endloop
  endfacet
  facet normal -0 0 1
    outer loop
      vertex 23.8971 75.75 3
      vertex 24.1575 68.2221 3
      vertex 24.1575 76.2779 3
    endloop
  endfacet
  facet normal 0 0 1
    outer loop
      vertex 23.8971 75.75 3
      vertex 23.8971 68.75 3
      vertex 24.1575 68.2221 3
    endloop
  endfacet
  facet normal -0 0 1
    outer loop
      vertex 23.5701 75.2606 3
      vertex 23.8971 68.75 3
      vertex 23.8971 75.75 3
    endloop
  endfacet
  facet normal 0 0 1
    outer loop
      vertex 23.5701 75.2606 3
      vertex 23.5701 69.2394 3
      vertex 23.8971 68.75 3
    endloop
  endfacet
  facet normal -0 0 1
    outer loop
      vertex 23.182 74.818 3
      vertex 23.5701 69.2394 3
      vertex 23.5701 75.2606 3
    endloop
  endfacet
  facet normal 0 0 1
    outer loop
      vertex 23.182 74.818 3
      vertex 23.182 69.682 3
      vertex 23.5701 69.2394 3
    endloop
  endfacet
  facet normal -0 0 1
    outer loop
      vertex 22.7394 74.4299 3
      vertex 23.182 69.682 3
      vertex 23.182 74.818 3
    endloop
  endfacet
  facet normal 0 0 1
    outer loop
      vertex 22.7394 74.4299 3
      vertex 22.7394 70.0701 3
      vertex 23.182 69.682 3
    endloop
  endfacet
  facet normal -0 0 1
    outer loop
      vertex 22.25 74.1029 3
      vertex 22.7394 70.0701 3
      vertex 22.7394 74.4299 3
    endloop
  endfacet
  facet normal 0 0 1
    outer loop
      vertex 22.25 74.1029 3
      vertex 22.25 70.3971 3
      vertex 22.7394 70.0701 3
    endloop
  endfacet
  facet normal -0 0 1
    outer loop
      vertex 21.7221 73.8425 3
      vertex 22.25 70.3971 3
      vertex 22.25 74.1029 3
    endloop
  endfacet
  facet normal 0 0 1
    outer loop
      vertex 21.7221 73.8425 3
      vertex 21.7221 70.6575 3
      vertex 22.25 70.3971 3
    endloop
  endfacet
  facet normal -0 0 1
    outer loop
      vertex 21.1647 73.6533 3
      vertex 21.7221 70.6575 3
      vertex 21.7221 73.8425 3
    endloop
  endfacet
  facet normal 0 0 1
    outer loop
      vertex 21.1647 73.6533 3
      vertex 21.1647 70.8467 3
      vertex 21.7221 70.6575 3
    endloop
  endfacet
  facet normal -0 0 1
    outer loop
      vertex 20.5874 73.5385 3
      vertex 21.1647 70.8467 3
      vertex 21.1647 73.6533 3
    endloop
  endfacet
  facet normal 0 0 1
    outer loop
      vertex 20.5874 73.5385 3
      vertex 20.5874 70.9615 3
      vertex 21.1647 70.8467 3
    endloop
  endfacet
  facet normal -0 0 1
    outer loop
      vertex 20 73.5 3
      vertex 20.5874 70.9615 3
      vertex 20.5874 73.5385 3
    endloop
  endfacet
  facet normal 0 0 1
    outer loop
      vertex 20 73.5 3
      vertex 20 71 3
      vertex 20.5874 70.9615 3
    endloop
  endfacet
  facet normal -0 0 1
    outer loop
      vertex -20 73.5 3
      vertex 20 71 3
      vertex 20 73.5 3
    endloop
  endfacet
  facet normal 0 0 1
    outer loop
      vertex -20 73.5 3
      vertex -20 71 3
      vertex 20 71 3
    endloop
  endfacet
  facet normal 0 0 1
    outer loop
      vertex -20.5874 73.5385 3
      vertex -20 71 3
      vertex -20 73.5 3
    endloop
  endfacet
  facet normal 0 0 1
    outer loop
      vertex -20.5874 73.5385 3
      vertex -20.5874 70.9615 3
      vertex -20 71 3
    endloop
  endfacet
  facet normal 0 0 1
    outer loop
      vertex -21.1647 73.6533 3
      vertex -20.5874 70.9615 3
      vertex -20.5874 73.5385 3
    endloop
  endfacet
  facet normal 0 0 1
    outer loop
      vertex -21.1647 73.6533 3
      vertex -21.1647 70.8467 3
      vertex -20.5874 70.9615 3
    endloop
  endfacet
  facet normal 0 0 1
    outer loop
      vertex -21.7221 73.8425 3
      vertex -21.1647 70.8467 3
      vertex -21.1647 73.6533 3
    endloop
  endfacet
  facet normal 0 0 1
    outer loop
      vertex -21.7221 73.8425 3
      vertex -21.7221 70.6575 3
      vertex -21.1647 70.8467 3
    endloop
  endfacet
  facet normal 0 0 1
    outer loop
      vertex -22.25 74.1029 3
      vertex -21.7221 70.6575 3
      vertex -21.7221 73.8425 3
    endloop
  endfacet
  facet normal 0 0 1
    outer loop
      vertex -22.25 74.1029 3
      vertex -22.25 70.3971 3
      vertex -21.7221 70.6575 3
    endloop
  endfacet
  facet normal 0 0 1
    outer loop
      vertex -22.7394 74.4299 3
      vertex -22.25 70.3971 3
      vertex -22.25 74.1029 3
    endloop
  endfacet
  facet normal 0 0 1
    outer loop
      vertex -22.7394 74.4299 3
      vertex -22.7394 70.0701 3
      vertex -22.25 70.3971 3
    endloop
  endfacet
  facet normal 0 0 1
    outer loop
      vertex -23.182 74.818 3
      vertex -22.7394 70.0701 3
      vertex -22.7394 74.4299 3
    endloop
  endfacet
  facet normal 0 0 1
    outer loop
      vertex -23.182 74.818 3
      vertex -23.182 69.682 3
      vertex -22.7394 70.0701 3
    endloop
  endfacet
  facet normal 0 0 1
    outer loop
      vertex -23.5701 75.2606 3
      vertex -23.182 69.682 3
      vertex -23.182 74.818 3
    endloop
  endfacet
  facet normal 0 0 1
    outer loop
      vertex -23.5701 75.2606 3
      vertex -23.5701 69.2394 3
      vertex -23.182 69.682 3
    endloop
  endfacet
  facet normal 0 0 1
    outer loop
      vertex -23.8971 75.75 3
      vertex -23.5701 69.2394 3
      vertex -23.5701 75.2606 3
    endloop
  endfacet
  facet normal 0 0 1
    outer loop
      vertex -23.8971 75.75 3
      vertex -23.8971 68.75 3
      vertex -23.5701 69.2394 3
    endloop
  endfacet
  facet normal 0 0 1
    outer loop
      vertex -24.1575 76.2779 3
      vertex -23.8971 68.75 3
      vertex -23.8971 75.75 3
    endloop
  endfacet
  facet normal 0 0 1
    outer loop
      vertex -24.1575 76.2779 3
      vertex -24.1575 68.2221 3
      vertex -23.8971 68.75 3
    endloop
  endfacet
  facet normal 0 0 1
    outer loop
      vertex -24.3467 76.8353 3
      vertex -24.1575 68.2221 3
      vertex -24.1575 76.2779 3
    endloop
  endfacet
  facet normal 0 0 1
    outer loop
      vertex -24.3467 76.8353 3
      vertex -24.3467 67.6647 3
      vertex -24.1575 68.2221 3
    endloop
  endfacet
  facet normal 0 0 1
    outer loop
      vertex -24.4615 77.4126 3
      vertex -24.3467 67.6647 3
      vertex -24.3467 76.8353 3
    endloop
  endfacet
  facet normal 0 0 1
    outer loop
      vertex -24.4615 77.4126 3
      vertex -24.4615 67.0874 3
      vertex -24.3467 67.6647 3
    endloop
  endfacet
  facet normal -0 0 1
    outer loop
      vertex -28.425 87.3966 3
      vertex -23.5701 86.7606 3
      vertex -28.0316 87.7416 3
    endloop
  endfacet
  facet normal 0 0 1
    outer loop
      vertex -23.182 86.318 3
      vertex -28.86 87.1059 3
      vertex -23.182 81.182 3
    endloop
  endfacet
  facet normal 0 0 1
    outer loop
      vertex 27.3959 88.57 3
      vertex 24.1575 87.7779 3
      vertex 27.6866 88.135 3
    endloop
  endfacet
  facet normal 0 0 1
    outer loop
      vertex 28.0316 87.7416 3
      vertex 24.4615 78.5874 3
      vertex 24.5 78 3
    endloop
  endfacet
  facet normal 0 0 1
    outer loop
      vertex 23.8971 87.25 3
      vertex 27.6866 88.135 3
      vertex 24.1575 87.7779 3
    endloop
  endfacet
  facet normal 0 0 1
    outer loop
      vertex 28.0316 87.7416 3
      vertex 24.3467 79.1647 3
      vertex 24.4615 78.5874 3
    endloop
  endfacet
  facet normal 0 0 1
    outer loop
      vertex 27.6866 88.135 3
      vertex 23.8971 87.25 3
      vertex 28.0316 87.7416 3
    endloop
  endfacet
  facet normal 0 0 1
    outer loop
      vertex 28.0316 87.7416 3
      vertex 24.1575 79.7221 3
      vertex 24.3467 79.1647 3
    endloop
  endfacet
  facet normal 0 0 1
    outer loop
      vertex 23.5701 86.7606 3
      vertex 28.0316 87.7416 3
      vertex 23.8971 87.25 3
    endloop
  endfacet
  facet normal 0 0 1
    outer loop
      vertex 28.0316 87.7416 3
      vertex 23.8971 80.25 3
      vertex 24.1575 79.7221 3
    endloop
  endfacet
  facet normal 0 0 1
    outer loop
      vertex 23.5701 80.7394 3
      vertex 28.0316 87.7416 3
      vertex 23.5701 86.7606 3
    endloop
  endfacet
  facet normal 0 0 1
    outer loop
      vertex 28.0316 87.7416 3
      vertex 23.5701 80.7394 3
      vertex 23.8971 80.25 3
    endloop
  endfacet
  facet normal -0 0 1
    outer loop
      vertex 23.182 86.318 3
      vertex 23.5701 80.7394 3
      vertex 23.5701 86.7606 3
    endloop
  endfacet
  facet normal 0 0 1
    outer loop
      vertex 23.182 86.318 3
      vertex 23.182 81.182 3
      vertex 23.5701 80.7394 3
    endloop
  endfacet
  facet normal -0 0 1
    outer loop
      vertex 22.7394 85.9299 3
      vertex 23.182 81.182 3
      vertex 23.182 86.318 3
    endloop
  endfacet
  facet normal 0 0 1
    outer loop
      vertex 22.7394 85.9299 3
      vertex 22.7394 81.5701 3
      vertex 23.182 81.182 3
    endloop
  endfacet
  facet normal -0 0 1
    outer loop
      vertex 22.25 85.6029 3
      vertex 22.7394 81.5701 3
      vertex 22.7394 85.9299 3
    endloop
  endfacet
  facet normal 0 0 1
    outer loop
      vertex 22.25 85.6029 3
      vertex 22.25 81.8971 3
      vertex 22.7394 81.5701 3
    endloop
  endfacet
  facet normal -0 0 1
    outer loop
      vertex 21.7221 85.3425 3
      vertex 22.25 81.8971 3
      vertex 22.25 85.6029 3
    endloop
  endfacet
  facet normal 0 0 1
    outer loop
      vertex 21.7221 85.3425 3
      vertex 21.7221 82.1575 3
      vertex 22.25 81.8971 3
    endloop
  endfacet
  facet normal -0 0 1
    outer loop
      vertex 21.1647 85.1533 3
      vertex 21.7221 82.1575 3
      vertex 21.7221 85.3425 3
    endloop
  endfacet
  facet normal 0 0 1
    outer loop
      vertex 21.1647 85.1533 3
      vertex 21.1647 82.3467 3
      vertex 21.7221 82.1575 3
    endloop
  endfacet
  facet normal -0 0 1
    outer loop
      vertex 20.5874 85.0385 3
      vertex 21.1647 82.3467 3
      vertex 21.1647 85.1533 3
    endloop
  endfacet
  facet normal 0 0 1
    outer loop
      vertex 20.5874 85.0385 3
      vertex 20.5874 82.4615 3
      vertex 21.1647 82.3467 3
    endloop
  endfacet
  facet normal -0 0 1
    outer loop
      vertex 20 85 3
      vertex 20.5874 82.4615 3
      vertex 20.5874 85.0385 3
    endloop
  endfacet
  facet normal 0 0 1
    outer loop
      vertex 20 85 3
      vertex 20 82.5 3
      vertex 20.5874 82.4615 3
    endloop
  endfacet
  facet normal -0 0 1
    outer loop
      vertex -20 85 3
      vertex 20 82.5 3
      vertex 20 85 3
    endloop
  endfacet
  facet normal 0 0 1
    outer loop
      vertex -20 85 3
      vertex -20 82.5 3
      vertex 20 82.5 3
    endloop
  endfacet
  facet normal 0 0 1
    outer loop
      vertex -20.5874 85.0385 3
      vertex -20 82.5 3
      vertex -20 85 3
    endloop
  endfacet
  facet normal 0 0 1
    outer loop
      vertex -20.5874 85.0385 3
      vertex -20.5874 82.4615 3
      vertex -20 82.5 3
    endloop
  endfacet
  facet normal 0 0 1
    outer loop
      vertex -21.1647 85.1533 3
      vertex -20.5874 82.4615 3
      vertex -20.5874 85.0385 3
    endloop
  endfacet
  facet normal 0 0 1
    outer loop
      vertex -21.1647 85.1533 3
      vertex -21.1647 82.3467 3
      vertex -20.5874 82.4615 3
    endloop
  endfacet
  facet normal 0 0 1
    outer loop
      vertex -21.7221 85.3425 3
      vertex -21.1647 82.3467 3
      vertex -21.1647 85.1533 3
    endloop
  endfacet
  facet normal 0 0 1
    outer loop
      vertex -21.7221 85.3425 3
      vertex -21.7221 82.1575 3
      vertex -21.1647 82.3467 3
    endloop
  endfacet
  facet normal 0 0 1
    outer loop
      vertex -22.25 85.6029 3
      vertex -21.7221 82.1575 3
      vertex -21.7221 85.3425 3
    endloop
  endfacet
  facet normal 0 0 1
    outer loop
      vertex -22.25 85.6029 3
      vertex -22.25 81.8971 3
      vertex -21.7221 82.1575 3
    endloop
  endfacet
  facet normal 0 0 1
    outer loop
      vertex -22.7394 85.9299 3
      vertex -22.25 81.8971 3
      vertex -22.25 85.6029 3
    endloop
  endfacet
  facet normal 0 0 1
    outer loop
      vertex -22.7394 85.9299 3
      vertex -22.7394 81.5701 3
      vertex -22.25 81.8971 3
    endloop
  endfacet
  facet normal 0 0 1
    outer loop
      vertex -23.182 86.318 3
      vertex -22.7394 81.5701 3
      vertex -22.7394 85.9299 3
    endloop
  endfacet
  facet normal 0 0 1
    outer loop
      vertex -23.182 86.318 3
      vertex -23.182 81.182 3
      vertex -22.7394 81.5701 3
    endloop
  endfacet
  facet normal 0 0 1
    outer loop
      vertex -28.425 87.3966 3
      vertex -23.182 86.318 3
      vertex -23.5701 86.7606 3
    endloop
  endfacet
  facet normal -0 0 1
    outer loop
      vertex -28.86 87.1059 3
      vertex -23.182 86.318 3
      vertex -28.425 87.3966 3
    endloop
  endfacet
  facet normal -0 0 1
    outer loop
      vertex -27.6866 88.135 3
      vertex -24.1575 87.7779 3
      vertex -27.3959 88.57 3
    endloop
  endfacet
  facet normal 0 0 1
    outer loop
      vertex -24.1575 87.7779 3
      vertex -27.6866 88.135 3
      vertex -23.8971 87.25 3
    endloop
  endfacet
  facet normal -0 0 1
    outer loop
      vertex -27.1645 89.0393 3
      vertex -24.4615 88.9126 3
      vertex -26.9963 89.5347 3
    endloop
  endfacet
  facet normal 0 0 1
    outer loop
      vertex -24.4615 88.9126 3
      vertex -27.1645 89.0393 3
      vertex -24.3467 88.3353 3
    endloop
  endfacet
  facet normal 0 0 1
    outer loop
      vertex -24.5 89.5 3
      vertex -26.9963 89.5347 3
      vertex -24.4615 88.9126 3
    endloop
  endfacet
  facet normal -0 0 1
    outer loop
      vertex -27.3959 88.57 3
      vertex -24.3467 88.3353 3
      vertex -27.1645 89.0393 3
    endloop
  endfacet
  facet normal -0 0 1
    outer loop
      vertex -26.9963 89.5347 3
      vertex -24.5 89.5 3
      vertex -26.8942 90.0479 3
    endloop
  endfacet
  facet normal 0 0 1
    outer loop
      vertex -24.3467 88.3353 3
      vertex -27.3959 88.57 3
      vertex -24.1575 87.7779 3
    endloop
  endfacet
  facet normal 0 0 1
    outer loop
      vertex -24.4615 90.0874 3
      vertex -26.8942 90.0479 3
      vertex -24.5 89.5 3
    endloop
  endfacet
  facet normal -0 0 1
    outer loop
      vertex -28.0316 87.7416 3
      vertex -23.8971 87.25 3
      vertex -27.6866 88.135 3
    endloop
  endfacet
  facet normal 0 0 1
    outer loop
      vertex 29.925 100.33 3
      vertex 29.8247 94.4337 3
      vertex 29.925 94.4537 3
    endloop
  endfacet
  facet normal 0 0 1
    outer loop
      vertex 29.925 100.33 3
      vertex 29.3293 94.2655 3
      vertex 29.8247 94.4337 3
    endloop
  endfacet
  facet normal 0 0 1
    outer loop
      vertex 29.925 100.33 3
      vertex 28.86 94.0341 3
      vertex 29.3293 94.2655 3
    endloop
  endfacet
  facet normal 0 0 1
    outer loop
      vertex 29.925 100.33 3
      vertex 28.425 93.7434 3
      vertex 28.86 94.0341 3
    endloop
  endfacet
  facet normal 0 0 1
    outer loop
      vertex 22.25 93.3971 3
      vertex 28.425 93.7434 3
      vertex 29.925 100.33 3
    endloop
  endfacet
  facet normal 0 -0 1
    outer loop
      vertex 22.7394 93.0701 3
      vertex 28.425 93.7434 3
      vertex 22.25 93.3971 3
    endloop
  endfacet
  facet normal 0 0 1
    outer loop
      vertex 28.425 93.7434 3
      vertex 22.7394 93.0701 3
      vertex 28.0316 93.3984 3
    endloop
  endfacet
  facet normal 0 -0 1
    outer loop
      vertex 23.182 92.682 3
      vertex 27.6866 93.005 3
      vertex 22.7394 93.0701 3
    endloop
  endfacet
  facet normal 0 0 1
    outer loop
      vertex 27.6866 93.005 3
      vertex 23.182 92.682 3
      vertex 27.3959 92.57 3
    endloop
  endfacet
  facet normal 0 0 1
    outer loop
      vertex 28.86 17.4341 3
      vertex 24.4615 19.9126 3
      vertex 28.425 17.1434 3
    endloop
  endfacet
  facet normal -0 0 1
    outer loop
      vertex 24.3467 90.6647 3
      vertex 26.86 90.57 3
      vertex 26.8942 91.0921 3
    endloop
  endfacet
  facet normal -0 0 1
    outer loop
      vertex 24.1575 91.2221 3
      vertex 26.8942 91.0921 3
      vertex 26.9963 91.6053 3
    endloop
  endfacet
  facet normal 0 0 1
    outer loop
      vertex 27.3959 92.57 3
      vertex 23.5701 92.2394 3
      vertex 27.1645 92.1007 3
    endloop
  endfacet
  facet normal 0 0 1
    outer loop
      vertex 26.8942 90.0479 3
      vertex 24.4615 90.0874 3
      vertex 24.5 89.5 3
    endloop
  endfacet
  facet normal 0 0 1
    outer loop
      vertex 26.86 90.57 3
      vertex 24.3467 90.6647 3
      vertex 24.4615 90.0874 3
    endloop
  endfacet
  facet normal 0 0 1
    outer loop
      vertex 26.8942 91.0921 3
      vertex 24.1575 91.2221 3
      vertex 24.3467 90.6647 3
    endloop
  endfacet
  facet normal 0 0 1
    outer loop
      vertex 26.9963 91.6053 3
      vertex 23.8971 91.75 3
      vertex 24.1575 91.2221 3
    endloop
  endfacet
  facet normal 0 0 1
    outer loop
      vertex 27.1645 92.1007 3
      vertex 23.8971 91.75 3
      vertex 26.9963 91.6053 3
    endloop
  endfacet
  facet normal 0 -0 1
    outer loop
      vertex 23.8971 91.75 3
      vertex 27.1645 92.1007 3
      vertex 23.5701 92.2394 3
    endloop
  endfacet
  facet normal 0 -0 1
    outer loop
      vertex 23.5701 92.2394 3
      vertex 27.3959 92.57 3
      vertex 23.182 92.682 3
    endloop
  endfacet
  facet normal 0 0 1
    outer loop
      vertex 28.0316 93.3984 3
      vertex 22.7394 93.0701 3
      vertex 27.6866 93.005 3
    endloop
  endfacet
  facet normal 0 0 1
    outer loop
      vertex 29.925 100.33 3
      vertex 21.7221 93.6575 3
      vertex 22.25 93.3971 3
    endloop
  endfacet
  facet normal 0 0 1
    outer loop
      vertex 29.925 100.33 3
      vertex 21.1647 93.8467 3
      vertex 21.7221 93.6575 3
    endloop
  endfacet
  facet normal 0 0 1
    outer loop
      vertex 29.925 100.33 3
      vertex 20.5874 93.9615 3
      vertex 21.1647 93.8467 3
    endloop
  endfacet
  facet normal 0 0 1
    outer loop
      vertex 29.925 100.33 3
      vertex 20 94 3
      vertex 20.5874 93.9615 3
    endloop
  endfacet
  facet normal 0 0 1
    outer loop
      vertex 29.925 100.33 3
      vertex -20 94 3
      vertex 20 94 3
    endloop
  endfacet
  facet normal -0 0 1
    outer loop
      vertex -29.925 100.33 3
      vertex -20 94 3
      vertex 29.925 100.33 3
    endloop
  endfacet
  facet normal 0 0 1
    outer loop
      vertex -23.8971 87.25 3
      vertex -28.0316 87.7416 3
      vertex -23.5701 86.7606 3
    endloop
  endfacet
  facet normal 0 0 1
    outer loop
      vertex -23.182 81.182 3
      vertex -28.86 87.1059 3
      vertex -23.5701 80.7394 3
    endloop
  endfacet
  facet normal -0 0 1
    outer loop
      vertex -29.3293 86.8745 3
      vertex -23.5701 80.7394 3
      vertex -28.86 87.1059 3
    endloop
  endfacet
  facet normal 0 0 1
    outer loop
      vertex -23.5701 80.7394 3
      vertex -29.3293 86.8745 3
      vertex -23.8971 80.25 3
    endloop
  endfacet
  facet normal 0 0 1
    outer loop
      vertex -24.5 55 3
      vertex -26.86 13.97 3
      vertex -24.5 43.5 3
    endloop
  endfacet
  facet normal 0 0 1
    outer loop
      vertex -24.5 43.5 3
      vertex -26.86 13.97 3
      vertex -24.5 32 3
    endloop
  endfacet
  facet normal 0 0 1
    outer loop
      vertex -24.4615 21.0874 3
      vertex -26.86 13.97 3
      vertex -24.5 20.5 3
    endloop
  endfacet
  facet normal 0 0 1
    outer loop
      vertex -26.8942 90.0479 3
      vertex -24.4615 90.0874 3
      vertex -26.86 90.57 3
    endloop
  endfacet
  facet normal 0 0 1
    outer loop
      vertex -24.3467 90.6647 3
      vertex -26.86 90.57 3
      vertex -24.4615 90.0874 3
    endloop
  endfacet
  facet normal -0 0 1
    outer loop
      vertex -26.8942 91.0921 3
      vertex -24.3467 90.6647 3
      vertex -24.1575 91.2221 3
    endloop
  endfacet
  facet normal -0 0 1
    outer loop
      vertex -26.9963 91.6053 3
      vertex -24.1575 91.2221 3
      vertex -23.8971 91.75 3
    endloop
  endfacet
  facet normal -0 0 1
    outer loop
      vertex -27.1645 92.1007 3
      vertex -23.8971 91.75 3
      vertex -23.5701 92.2394 3
    endloop
  endfacet
  facet normal -0 0 1
    outer loop
      vertex -27.3959 92.57 3
      vertex -23.5701 92.2394 3
      vertex -23.182 92.682 3
    endloop
  endfacet
  facet normal -0 0 1
    outer loop
      vertex -27.6866 93.005 3
      vertex -23.182 92.682 3
      vertex -22.7394 93.0701 3
    endloop
  endfacet
  facet normal 0 0 1
    outer loop
      vertex -28.425 93.7434 3
      vertex -22.7394 93.0701 3
      vertex -22.25 93.3971 3
    endloop
  endfacet
  facet normal 0 0 1
    outer loop
      vertex -24.3467 90.6647 3
      vertex -26.8942 91.0921 3
      vertex -26.86 90.57 3
    endloop
  endfacet
  facet normal 0 0 1
    outer loop
      vertex -24.1575 91.2221 3
      vertex -26.9963 91.6053 3
      vertex -26.8942 91.0921 3
    endloop
  endfacet
  facet normal 0 0 1
    outer loop
      vertex -29.925 100.33 3
      vertex -22.25 93.3971 3
      vertex -21.7221 93.6575 3
    endloop
  endfacet
  facet normal 0 0 1
    outer loop
      vertex -23.8971 91.75 3
      vertex -27.1645 92.1007 3
      vertex -26.9963 91.6053 3
    endloop
  endfacet
  facet normal 0 0 1
    outer loop
      vertex -29.925 100.33 3
      vertex -21.7221 93.6575 3
      vertex -21.1647 93.8467 3
    endloop
  endfacet
  facet normal 0 0 1
    outer loop
      vertex -23.5701 92.2394 3
      vertex -27.3959 92.57 3
      vertex -27.1645 92.1007 3
    endloop
  endfacet
  facet normal 0 0 1
    outer loop
      vertex -23.182 92.682 3
      vertex -27.6866 93.005 3
      vertex -27.3959 92.57 3
    endloop
  endfacet
  facet normal 0 0 1
    outer loop
      vertex -29.925 100.33 3
      vertex -21.1647 93.8467 3
      vertex -20.5874 93.9615 3
    endloop
  endfacet
  facet normal 0 0 1
    outer loop
      vertex -22.7394 93.0701 3
      vertex -28.0316 93.3984 3
      vertex -27.6866 93.005 3
    endloop
  endfacet
  facet normal 0 0 1
    outer loop
      vertex -20 94 3
      vertex -29.925 100.33 3
      vertex -20.5874 93.9615 3
    endloop
  endfacet
  facet normal 0 0 1
    outer loop
      vertex -22.25 93.3971 3
      vertex -29.925 100.33 3
      vertex -28.425 93.7434 3
    endloop
  endfacet
  facet normal 0 0 1
    outer loop
      vertex -22.7394 93.0701 3
      vertex -28.425 93.7434 3
      vertex -28.0316 93.3984 3
    endloop
  endfacet
  facet normal 0 0 1
    outer loop
      vertex -28.425 93.7434 3
      vertex -29.925 100.33 3
      vertex -28.86 94.0341 3
    endloop
  endfacet
  facet normal 0 0 1
    outer loop
      vertex -28.86 94.0341 3
      vertex -29.925 100.33 3
      vertex -29.3293 94.2655 3
    endloop
  endfacet
  facet normal 0 0 1
    outer loop
      vertex -29.3293 94.2655 3
      vertex -29.925 100.33 3
      vertex -29.8247 94.4337 3
    endloop
  endfacet
  facet normal 0 0 1
    outer loop
      vertex -29.8247 94.4337 3
      vertex -29.925 100.33 3
      vertex -29.925 94.4537 3
    endloop
  endfacet
  facet normal 0 0 1
    outer loop
      vertex 24.5 78 3
      vertex 29.925 86.6863 3
      vertex 29.8247 86.7063 3
    endloop
  endfacet
  facet normal 0 0 1
    outer loop
      vertex 24.4615 77.4126 3
      vertex 29.925 86.6863 3
      vertex 24.5 78 3
    endloop
  endfacet
  facet normal 0 0 1
    outer loop
      vertex 24.5 78 3
      vertex 29.8247 86.7063 3
      vertex 29.3293 86.8745 3
    endloop
  endfacet
  facet normal 0 0 1
    outer loop
      vertex 24.4615 65.9126 3
      vertex 29.925 86.6863 3
      vertex 24.5 66.5 3
    endloop
  endfacet
  facet normal 0 0 1
    outer loop
      vertex 24.5 78 3
      vertex 29.3293 86.8745 3
      vertex 28.86 87.1059 3
    endloop
  endfacet
  facet normal 0 0 1
    outer loop
      vertex 29.925 86.6863 3
      vertex 24.5 55 3
      vertex 29.925 17.8536 3
    endloop
  endfacet
  facet normal 0 0 1
    outer loop
      vertex 28.0316 87.7416 3
      vertex 24.5 78 3
      vertex 28.425 87.3966 3
    endloop
  endfacet
  facet normal 0 0 1
    outer loop
      vertex 28.425 87.3966 3
      vertex 24.5 78 3
      vertex 28.86 87.1059 3
    endloop
  endfacet
  facet normal 0 0 1
    outer loop
      vertex 24.1575 87.7779 3
      vertex 27.3959 88.57 3
      vertex 24.3467 88.3353 3
    endloop
  endfacet
  facet normal -0 0 1
    outer loop
      vertex 24.5 43.5 3
      vertex 29.925 17.8536 3
      vertex 24.5 55 3
    endloop
  endfacet
  facet normal 0 0 1
    outer loop
      vertex 27.1645 89.0393 3
      vertex 24.3467 88.3353 3
      vertex 27.3959 88.57 3
    endloop
  endfacet
  facet normal -0 0 1
    outer loop
      vertex 24.4615 42.9126 3
      vertex 29.925 17.8536 3
      vertex 24.5 43.5 3
    endloop
  endfacet
  facet normal 0 0 1
    outer loop
      vertex 24.3467 88.3353 3
      vertex 27.1645 89.0393 3
      vertex 24.4615 88.9126 3
    endloop
  endfacet
  facet normal -0 0 1
    outer loop
      vertex 24.4615 31.4126 3
      vertex 29.925 17.8536 3
      vertex 24.5 32 3
    endloop
  endfacet
  facet normal 0 0 1
    outer loop
      vertex 26.9963 89.5347 3
      vertex 24.4615 88.9126 3
      vertex 27.1645 89.0393 3
    endloop
  endfacet
  facet normal 0 0 1
    outer loop
      vertex 29.925 17.8536 3
      vertex 24.5 20.5 3
      vertex 29.8247 17.8337 3
    endloop
  endfacet
  facet normal 0 0 1
    outer loop
      vertex 24.4615 88.9126 3
      vertex 26.9963 89.5347 3
      vertex 24.5 89.5 3
    endloop
  endfacet
  facet normal 0 0 1
    outer loop
      vertex 29.8247 17.8337 3
      vertex 24.5 20.5 3
      vertex 29.3293 17.6655 3
    endloop
  endfacet
  facet normal 0 0 1
    outer loop
      vertex 24.5 89.5 3
      vertex 26.9963 89.5347 3
      vertex 26.8942 90.0479 3
    endloop
  endfacet
  facet normal 0 0 1
    outer loop
      vertex 29.3293 17.6655 3
      vertex 24.5 20.5 3
      vertex 28.86 17.4341 3
    endloop
  endfacet
  facet normal -0 0 1
    outer loop
      vertex 24.4615 90.0874 3
      vertex 26.8942 90.0479 3
      vertex 26.86 90.57 3
    endloop
  endfacet
  facet normal -0 0 1
    outer loop
      vertex 24.4615 19.9126 3
      vertex 28.86 17.4341 3
      vertex 24.5 20.5 3
    endloop
  endfacet
  facet normal 0 0 1
    outer loop
      vertex 29.8247 10.1063 3
      vertex 29.925 0 3
      vertex 29.925 10.0864 3
    endloop
  endfacet
  facet normal 0 0 1
    outer loop
      vertex 24.1575 7.27792 3
      vertex 29.8247 10.1063 3
      vertex 29.3293 10.2745 3
    endloop
  endfacet
  facet normal 0 0 1
    outer loop
      vertex 24.3467 7.83531 3
      vertex 29.3293 10.2745 3
      vertex 28.86 10.5059 3
    endloop
  endfacet
  facet normal 0 0 1
    outer loop
      vertex 24.4615 8.41263 3
      vertex 28.86 10.5059 3
      vertex 28.425 10.7966 3
    endloop
  endfacet
  facet normal 0 0 1
    outer loop
      vertex 24.5 9 3
      vertex 28.425 10.7966 3
      vertex 28.0316 11.1416 3
    endloop
  endfacet
  facet normal 0 0 1
    outer loop
      vertex 24.5 9 3
      vertex 28.0316 11.1416 3
      vertex 27.6866 11.535 3
    endloop
  endfacet
  facet normal 0 0 1
    outer loop
      vertex 24.5 9 3
      vertex 27.6866 11.535 3
      vertex 27.3959 11.97 3
    endloop
  endfacet
  facet normal 0 0 1
    outer loop
      vertex 24.5 9 3
      vertex 27.3959 11.97 3
      vertex 27.1645 12.4393 3
    endloop
  endfacet
  facet normal 0 0 1
    outer loop
      vertex 24.5 9 3
      vertex 27.1645 12.4393 3
      vertex 26.9963 12.9347 3
    endloop
  endfacet
  facet normal -0 0 1
    outer loop
      vertex 24.3467 19.3353 3
      vertex 28.425 17.1434 3
      vertex 24.4615 19.9126 3
    endloop
  endfacet
  facet normal 0 0 1
    outer loop
      vertex 28.425 17.1434 3
      vertex 24.3467 19.3353 3
      vertex 28.0316 16.7984 3
    endloop
  endfacet
  facet normal -0 0 1
    outer loop
      vertex 24.1575 18.7779 3
      vertex 28.0316 16.7984 3
      vertex 24.3467 19.3353 3
    endloop
  endfacet
  facet normal 0 0 1
    outer loop
      vertex 28.0316 16.7984 3
      vertex 24.1575 18.7779 3
      vertex 27.6866 16.405 3
    endloop
  endfacet
  facet normal -0 0 1
    outer loop
      vertex 23.8971 18.25 3
      vertex 27.6866 16.405 3
      vertex 24.1575 18.7779 3
    endloop
  endfacet
  facet normal 0 0 1
    outer loop
      vertex 27.6866 16.405 3
      vertex 23.8971 18.25 3
      vertex 27.3959 15.97 3
    endloop
  endfacet
  facet normal -0 0 1
    outer loop
      vertex 23.5701 17.7606 3
      vertex 27.3959 15.97 3
      vertex 23.8971 18.25 3
    endloop
  endfacet
  facet normal 0 0 1
    outer loop
      vertex 26.86 13.97 3
      vertex 24.5 9 3
      vertex 26.8942 13.4479 3
    endloop
  endfacet
  facet normal 0 0 1
    outer loop
      vertex 26.8942 13.4479 3
      vertex 24.5 9 3
      vertex 26.9963 12.9347 3
    endloop
  endfacet
  facet normal 0 0 1
    outer loop
      vertex 28.425 10.7966 3
      vertex 24.5 9 3
      vertex 24.4615 8.41263 3
    endloop
  endfacet
  facet normal 0 0 1
    outer loop
      vertex 28.86 10.5059 3
      vertex 24.4615 8.41263 3
      vertex 24.3467 7.83531 3
    endloop
  endfacet
  facet normal 0 0 1
    outer loop
      vertex 29.3293 10.2745 3
      vertex 24.3467 7.83531 3
      vertex 24.1575 7.27792 3
    endloop
  endfacet
  facet normal 0 0 1
    outer loop
      vertex 29.8247 10.1063 3
      vertex 24.1575 7.27792 3
      vertex 29.925 0 3
    endloop
  endfacet
  facet normal -0 0 1
    outer loop
      vertex 23.8971 6.75 3
      vertex 29.925 0 3
      vertex 24.1575 7.27792 3
    endloop
  endfacet
  facet normal -0 0 1
    outer loop
      vertex 23.5701 6.26057 3
      vertex 29.925 0 3
      vertex 23.8971 6.75 3
    endloop
  endfacet
  facet normal -0 0 1
    outer loop
      vertex 23.182 5.81802 3
      vertex 29.925 0 3
      vertex 23.5701 6.26057 3
    endloop
  endfacet
  facet normal -0 0 1
    outer loop
      vertex 22.7394 5.42991 3
      vertex 29.925 0 3
      vertex 23.182 5.81802 3
    endloop
  endfacet
  facet normal -0 0 1
    outer loop
      vertex 22.25 5.10289 3
      vertex 29.925 0 3
      vertex 22.7394 5.42991 3
    endloop
  endfacet
  facet normal -0 0 1
    outer loop
      vertex 21.7221 4.84254 3
      vertex 29.925 0 3
      vertex 22.25 5.10289 3
    endloop
  endfacet
  facet normal -0 0 1
    outer loop
      vertex 21.1647 4.65333 3
      vertex 29.925 0 3
      vertex 21.7221 4.84254 3
    endloop
  endfacet
  facet normal -0 0 1
    outer loop
      vertex 20.5874 4.5385 3
      vertex 29.925 0 3
      vertex 21.1647 4.65333 3
    endloop
  endfacet
  facet normal -0 0 1
    outer loop
      vertex 20 4.5 3
      vertex 29.925 0 3
      vertex 20.5874 4.5385 3
    endloop
  endfacet
  facet normal -0 0 1
    outer loop
      vertex -20 4.5 3
      vertex 29.925 0 3
      vertex 20 4.5 3
    endloop
  endfacet
  facet normal 0 0 1
    outer loop
      vertex -29.925 0 3
      vertex -20 4.5 3
      vertex -20.5874 4.5385 3
    endloop
  endfacet
  facet normal 0 0 1
    outer loop
      vertex -23.8971 11.25 3
      vertex -27.1645 12.4393 3
      vertex -24.1575 10.7221 3
    endloop
  endfacet
  facet normal -0 0 1
    outer loop
      vertex -27.3959 11.97 3
      vertex -24.1575 10.7221 3
      vertex -27.1645 12.4393 3
    endloop
  endfacet
  facet normal 0 0 1
    outer loop
      vertex -24.1575 10.7221 3
      vertex -27.3959 11.97 3
      vertex -24.3467 10.1647 3
    endloop
  endfacet
  facet normal -0 0 1
    outer loop
      vertex -27.6866 11.535 3
      vertex -24.3467 10.1647 3
      vertex -27.3959 11.97 3
    endloop
  endfacet
  facet normal 0 0 1
    outer loop
      vertex -24.3467 10.1647 3
      vertex -27.6866 11.535 3
      vertex -24.4615 9.58737 3
    endloop
  endfacet
  facet normal -0 0 1
    outer loop
      vertex -28.0316 11.1416 3
      vertex -24.4615 9.58737 3
      vertex -27.6866 11.535 3
    endloop
  endfacet
  facet normal 0 0 1
    outer loop
      vertex -24.4615 9.58737 3
      vertex -28.0316 11.1416 3
      vertex -24.5 9 3
    endloop
  endfacet
  facet normal -0 0 1
    outer loop
      vertex -28.425 10.7966 3
      vertex -24.5 9 3
      vertex -28.0316 11.1416 3
    endloop
  endfacet
  facet normal 0 0 1
    outer loop
      vertex -24.5 9 3
      vertex -28.425 10.7966 3
      vertex -24.4615 8.41263 3
    endloop
  endfacet
  facet normal -0 0 1
    outer loop
      vertex -28.86 10.5059 3
      vertex -24.4615 8.41263 3
      vertex -28.425 10.7966 3
    endloop
  endfacet
  facet normal 0 0 1
    outer loop
      vertex -24.4615 8.41263 3
      vertex -28.86 10.5059 3
      vertex -24.3467 7.83531 3
    endloop
  endfacet
  facet normal -0 0 1
    outer loop
      vertex -29.3293 10.2745 3
      vertex -24.3467 7.83531 3
      vertex -28.86 10.5059 3
    endloop
  endfacet
  facet normal 0 0 1
    outer loop
      vertex -24.3467 7.83531 3
      vertex -29.3293 10.2745 3
      vertex -24.1575 7.27792 3
    endloop
  endfacet
  facet normal -0 0 1
    outer loop
      vertex -29.8247 10.1063 3
      vertex -24.1575 7.27792 3
      vertex -29.3293 10.2745 3
    endloop
  endfacet
  facet normal 0 0 1
    outer loop
      vertex -29.925 0 3
      vertex -24.1575 7.27792 3
      vertex -29.8247 10.1063 3
    endloop
  endfacet
  facet normal 0 0 1
    outer loop
      vertex -24.1575 7.27792 3
      vertex -29.925 0 3
      vertex -23.8971 6.75 3
    endloop
  endfacet
  facet normal 0 0 1
    outer loop
      vertex -23.8971 6.75 3
      vertex -29.925 0 3
      vertex -23.5701 6.26057 3
    endloop
  endfacet
  facet normal 0 0 1
    outer loop
      vertex -23.5701 6.26057 3
      vertex -29.925 0 3
      vertex -23.182 5.81802 3
    endloop
  endfacet
  facet normal 0 0 1
    outer loop
      vertex -23.182 5.81802 3
      vertex -29.925 0 3
      vertex -22.7394 5.42991 3
    endloop
  endfacet
  facet normal 0 0 1
    outer loop
      vertex -29.925 0 3
      vertex -29.8247 10.1063 3
      vertex -29.925 10.0864 3
    endloop
  endfacet
  facet normal 0 0 1
    outer loop
      vertex -20 4.5 3
      vertex -29.925 0 3
      vertex 29.925 0 3
    endloop
  endfacet
  facet normal 0 0 1
    outer loop
      vertex -21.1647 4.65333 3
      vertex -29.925 0 3
      vertex -20.5874 4.5385 3
    endloop
  endfacet
  facet normal 0 0 1
    outer loop
      vertex -21.7221 4.84254 3
      vertex -29.925 0 3
      vertex -21.1647 4.65333 3
    endloop
  endfacet
  facet normal 0 0 1
    outer loop
      vertex -22.25 5.10289 3
      vertex -29.925 0 3
      vertex -21.7221 4.84254 3
    endloop
  endfacet
  facet normal 0 0 1
    outer loop
      vertex -22.7394 5.42991 3
      vertex -29.925 0 3
      vertex -22.25 5.10289 3
    endloop
  endfacet
  facet normal 0 0.195066 -0.98079
    outer loop
      vertex -34.925 13.6377 4.3523
      vertex -30.525 13.8173 4.38802
      vertex -30.525 13.6377 4.3523
    endloop
  endfacet
  facet normal 0 0.195066 -0.98079
    outer loop
      vertex -30.525 13.8173 4.38802
      vertex -34.925 13.6377 4.3523
      vertex -34.925 13.8173 4.38802
    endloop
  endfacet
  facet normal 0 -0.321316 0.946972
    outer loop
      vertex -34.925 14.5358 1.70657
      vertex -30.525 14.3623 1.6477
      vertex -30.525 14.5358 1.70657
    endloop
  endfacet
  facet normal 0 -0.321316 0.946972
    outer loop
      vertex -30.525 14.3623 1.6477
      vertex -34.925 14.5358 1.70657
      vertex -34.925 14.3623 1.6477
    endloop
  endfacet
  facet normal 0 -0.0654315 -0.997857
    outer loop
      vertex -34.925 14 4.4
      vertex -30.525 14.1827 4.38802
      vertex -30.525 14 4.4
    endloop
  endfacet
  facet normal -0 -0.0654315 -0.997857
    outer loop
      vertex -30.525 14.1827 4.38802
      vertex -34.925 14 4.4
      vertex -34.925 14.1827 4.38802
    endloop
  endfacet
  facet normal 0 0.831579 0.555406
    outer loop
      vertex -30.525 12.8893 2.14773
      vertex -34.925 12.7876 2.3
      vertex -30.525 12.7876 2.3
    endloop
  endfacet
  facet normal 0 0.831579 0.555406
    outer loop
      vertex -34.925 12.7876 2.3
      vertex -30.525 12.8893 2.14773
      vertex -34.925 12.8893 2.14773
    endloop
  endfacet
  facet normal 0 -0.442357 0.896839
    outer loop
      vertex -34.925 14.7 1.78756
      vertex -30.525 14.5358 1.70657
      vertex -30.525 14.7 1.78756
    endloop
  endfacet
  facet normal 0 -0.442357 0.896839
    outer loop
      vertex -30.525 14.5358 1.70657
      vertex -34.925 14.7 1.78756
      vertex -34.925 14.5358 1.70657
    endloop
  endfacet
  facet normal 0 -0.0654315 0.997857
    outer loop
      vertex -34.925 14.1827 1.61198
      vertex -30.525 14 1.6
      vertex -30.525 14.1827 1.61198
    endloop
  endfacet
  facet normal 0 -0.0654315 0.997857
    outer loop
      vertex -30.525 14 1.6
      vertex -34.925 14.1827 1.61198
      vertex -34.925 14 1.6
    endloop
  endfacet
  facet normal -0 0.0654315 0.997857
    outer loop
      vertex -34.925 14 1.6
      vertex -30.525 13.8173 1.61198
      vertex -30.525 14 1.6
    endloop
  endfacet
  facet normal 0 0.0654315 0.997857
    outer loop
      vertex -30.525 13.8173 1.61198
      vertex -34.925 14 1.6
      vertex -34.925 13.8173 1.61198
    endloop
  endfacet
  facet normal 0 -0.659556 -0.751656
    outer loop
      vertex -34.925 14.8523 4.11069
      vertex -30.525 14.9899 3.98995
      vertex -30.525 14.8523 4.11069
    endloop
  endfacet
  facet normal -0 -0.659556 -0.751656
    outer loop
      vertex -30.525 14.9899 3.98995
      vertex -34.925 14.8523 4.11069
      vertex -34.925 14.9899 3.98995
    endloop
  endfacet
  facet normal 0 0.946872 0.321612
    outer loop
      vertex -30.525 12.7066 2.46424
      vertex -34.925 12.6477 2.63765
      vertex -30.525 12.6477 2.63765
    endloop
  endfacet
  facet normal 0 0.946872 0.321612
    outer loop
      vertex -34.925 12.6477 2.63765
      vertex -30.525 12.7066 2.46424
      vertex -34.925 12.7066 2.46424
    endloop
  endfacet
  facet normal -0 0.195066 0.98079
    outer loop
      vertex -34.925 13.8173 1.61198
      vertex -30.525 13.6377 1.6477
      vertex -30.525 13.8173 1.61198
    endloop
  endfacet
  facet normal 0 0.195066 0.98079
    outer loop
      vertex -30.525 13.6377 1.6477
      vertex -34.925 13.8173 1.61198
      vertex -34.925 13.6377 1.6477
    endloop
  endfacet
  facet normal -0 0.442357 0.896839
    outer loop
      vertex -34.925 13.4642 1.70657
      vertex -30.525 13.3 1.78756
      vertex -30.525 13.4642 1.70657
    endloop
  endfacet
  facet normal 0 0.442357 0.896839
    outer loop
      vertex -30.525 13.3 1.78756
      vertex -34.925 13.4642 1.70657
      vertex -34.925 13.3 1.78756
    endloop
  endfacet
  facet normal 0 -0.997851 -0.0655259
    outer loop
      vertex -34.925 15.4 3
      vertex -30.525 15.388 3.18274
      vertex -34.925 15.388 3.18274
    endloop
  endfacet
  facet normal 0 -0.997851 -0.0655259
    outer loop
      vertex -30.525 15.388 3.18274
      vertex -34.925 15.4 3
      vertex -30.525 15.4 3
    endloop
  endfacet
  facet normal 0 0.321316 -0.946972
    outer loop
      vertex -34.925 13.4642 4.29343
      vertex -30.525 13.6377 4.3523
      vertex -30.525 13.4642 4.29343
    endloop
  endfacet
  facet normal 0 0.321316 -0.946972
    outer loop
      vertex -30.525 13.6377 4.3523
      vertex -34.925 13.4642 4.29343
      vertex -34.925 13.6377 4.3523
    endloop
  endfacet
  facet normal 0 0.442401 -0.896817
    outer loop
      vertex -34.925 13.3 4.21243
      vertex -30.525 13.4642 4.29343
      vertex -30.525 13.3 4.21243
    endloop
  endfacet
  facet normal 0 0.442401 -0.896817
    outer loop
      vertex -30.525 13.4642 4.29343
      vertex -34.925 13.3 4.21243
      vertex -34.925 13.4642 4.29343
    endloop
  endfacet
  facet normal 0 -0.946872 -0.321612
    outer loop
      vertex -34.925 15.3523 3.36235
      vertex -30.525 15.2934 3.53576
      vertex -34.925 15.2934 3.53576
    endloop
  endfacet
  facet normal 0 -0.946872 -0.321612
    outer loop
      vertex -30.525 15.2934 3.53576
      vertex -34.925 15.3523 3.36235
      vertex -30.525 15.3523 3.36235
    endloop
  endfacet
  facet normal 0 0.831579 -0.555406
    outer loop
      vertex -30.525 12.7876 3.7
      vertex -34.925 12.8893 3.85227
      vertex -30.525 12.8893 3.85227
    endloop
  endfacet
  facet normal 0 0.831579 -0.555406
    outer loop
      vertex -34.925 12.8893 3.85227
      vertex -30.525 12.7876 3.7
      vertex -34.925 12.7876 3.7
    endloop
  endfacet
  facet normal 0 -0.89686 0.442314
    outer loop
      vertex -34.925 15.2124 2.3
      vertex -30.525 15.2934 2.46424
      vertex -34.925 15.2934 2.46424
    endloop
  endfacet
  facet normal 0 -0.89686 0.442314
    outer loop
      vertex -30.525 15.2934 2.46424
      vertex -34.925 15.2124 2.3
      vertex -30.525 15.2124 2.3
    endloop
  endfacet
  facet normal 0 0.89686 0.442314
    outer loop
      vertex -30.525 12.7876 2.3
      vertex -34.925 12.7066 2.46424
      vertex -30.525 12.7066 2.46424
    endloop
  endfacet
  facet normal 0 0.89686 0.442314
    outer loop
      vertex -34.925 12.7066 2.46424
      vertex -30.525 12.7876 2.3
      vertex -34.925 12.7876 2.3
    endloop
  endfacet
  facet normal 0 0.980813 0.19495
    outer loop
      vertex -30.525 12.6477 2.63765
      vertex -34.925 12.612 2.81726
      vertex -30.525 12.612 2.81726
    endloop
  endfacet
  facet normal 0 0.980813 0.19495
    outer loop
      vertex -34.925 12.612 2.81726
      vertex -30.525 12.6477 2.63765
      vertex -34.925 12.6477 2.63765
    endloop
  endfacet
  facet normal 0 -0.751683 0.659524
    outer loop
      vertex -34.925 14.9899 2.01005
      vertex -30.525 15.1107 2.14773
      vertex -34.925 15.1107 2.14773
    endloop
  endfacet
  facet normal 0 -0.751683 0.659524
    outer loop
      vertex -30.525 15.1107 2.14773
      vertex -34.925 14.9899 2.01005
      vertex -30.525 14.9899 2.01005
    endloop
  endfacet
  facet normal 0 0.89686 -0.442314
    outer loop
      vertex -30.525 12.7066 3.53576
      vertex -34.925 12.7876 3.7
      vertex -30.525 12.7876 3.7
    endloop
  endfacet
  facet normal 0 0.89686 -0.442314
    outer loop
      vertex -34.925 12.7876 3.7
      vertex -30.525 12.7066 3.53576
      vertex -34.925 12.7066 3.53576
    endloop
  endfacet
  facet normal 0 0.659285 -0.751893
    outer loop
      vertex -34.925 13.01 3.98995
      vertex -30.525 13.1477 4.11069
      vertex -30.525 13.01 3.98995
    endloop
  endfacet
  facet normal 0 0.659285 -0.751893
    outer loop
      vertex -30.525 13.1477 4.11069
      vertex -34.925 13.01 3.98995
      vertex -34.925 13.1477 4.11069
    endloop
  endfacet
  facet normal 0 -0.946872 0.321612
    outer loop
      vertex -34.925 15.2934 2.46424
      vertex -30.525 15.3523 2.63765
      vertex -34.925 15.3523 2.63765
    endloop
  endfacet
  facet normal 0 -0.946872 0.321612
    outer loop
      vertex -30.525 15.3523 2.63765
      vertex -34.925 15.2934 2.46424
      vertex -30.525 15.2934 2.46424
    endloop
  endfacet
  facet normal 0 -0.555519 0.831504
    outer loop
      vertex -34.925 14.8523 1.88931
      vertex -30.525 14.7 1.78756
      vertex -30.525 14.8523 1.88931
    endloop
  endfacet
  facet normal 0 -0.555519 0.831504
    outer loop
      vertex -30.525 14.7 1.78756
      vertex -34.925 14.8523 1.88931
      vertex -34.925 14.7 1.78756
    endloop
  endfacet
  facet normal 0 -0.980813 -0.19495
    outer loop
      vertex -34.925 15.388 3.18274
      vertex -30.525 15.3523 3.36235
      vertex -34.925 15.3523 3.36235
    endloop
  endfacet
  facet normal 0 -0.980813 -0.19495
    outer loop
      vertex -30.525 15.3523 3.36235
      vertex -34.925 15.388 3.18274
      vertex -30.525 15.388 3.18274
    endloop
  endfacet
  facet normal 0 -0.659556 0.751656
    outer loop
      vertex -34.925 14.9899 2.01005
      vertex -30.525 14.8523 1.88931
      vertex -30.525 14.9899 2.01005
    endloop
  endfacet
  facet normal 0 -0.659556 0.751656
    outer loop
      vertex -30.525 14.8523 1.88931
      vertex -34.925 14.9899 2.01005
      vertex -34.925 14.8523 1.88931
    endloop
  endfacet
  facet normal 0 -0.751683 -0.659524
    outer loop
      vertex -34.925 15.1107 3.85227
      vertex -30.525 14.9899 3.98995
      vertex -34.925 14.9899 3.98995
    endloop
  endfacet
  facet normal 0 -0.751683 -0.659524
    outer loop
      vertex -30.525 14.9899 3.98995
      vertex -34.925 15.1107 3.85227
      vertex -30.525 15.1107 3.85227
    endloop
  endfacet
  facet normal 0 -0.831579 -0.555406
    outer loop
      vertex -34.925 15.2124 3.7
      vertex -30.525 15.1107 3.85227
      vertex -34.925 15.1107 3.85227
    endloop
  endfacet
  facet normal 0 -0.831579 -0.555406
    outer loop
      vertex -30.525 15.1107 3.85227
      vertex -34.925 15.2124 3.7
      vertex -30.525 15.2124 3.7
    endloop
  endfacet
  facet normal 0 0.946872 -0.321612
    outer loop
      vertex -30.525 12.6477 3.36235
      vertex -34.925 12.7066 3.53576
      vertex -30.525 12.7066 3.53576
    endloop
  endfacet
  facet normal 0 0.946872 -0.321612
    outer loop
      vertex -34.925 12.7066 3.53576
      vertex -30.525 12.6477 3.36235
      vertex -34.925 12.6477 3.36235
    endloop
  endfacet
  facet normal 0 -0.555481 -0.831529
    outer loop
      vertex -34.925 14.7 4.21243
      vertex -30.525 14.8523 4.11069
      vertex -30.525 14.7 4.21243
    endloop
  endfacet
  facet normal -0 -0.555481 -0.831529
    outer loop
      vertex -30.525 14.8523 4.11069
      vertex -34.925 14.7 4.21243
      vertex -34.925 14.8523 4.11069
    endloop
  endfacet
  facet normal 0 -0.195066 0.98079
    outer loop
      vertex -34.925 14.3623 1.6477
      vertex -30.525 14.1827 1.61198
      vertex -30.525 14.3623 1.6477
    endloop
  endfacet
  facet normal 0 -0.195066 0.98079
    outer loop
      vertex -30.525 14.1827 1.61198
      vertex -34.925 14.3623 1.6477
      vertex -34.925 14.1827 1.61198
    endloop
  endfacet
  facet normal 0 -0.89686 -0.442314
    outer loop
      vertex -34.925 15.2934 3.53576
      vertex -30.525 15.2124 3.7
      vertex -34.925 15.2124 3.7
    endloop
  endfacet
  facet normal 0 -0.89686 -0.442314
    outer loop
      vertex -30.525 15.2124 3.7
      vertex -34.925 15.2934 3.53576
      vertex -30.525 15.2934 3.53576
    endloop
  endfacet
  facet normal -0 0.321316 0.946972
    outer loop
      vertex -34.925 13.6377 1.6477
      vertex -30.525 13.4642 1.70657
      vertex -30.525 13.6377 1.6477
    endloop
  endfacet
  facet normal 0 0.321316 0.946972
    outer loop
      vertex -30.525 13.4642 1.70657
      vertex -34.925 13.6377 1.6477
      vertex -34.925 13.4642 1.70657
    endloop
  endfacet
  facet normal 0 0.751954 0.659216
    outer loop
      vertex -30.525 13.01 2.01005
      vertex -34.925 12.8893 2.14773
      vertex -30.525 12.8893 2.14773
    endloop
  endfacet
  facet normal 0 0.751954 0.659216
    outer loop
      vertex -34.925 12.8893 2.14773
      vertex -30.525 13.01 2.01005
      vertex -34.925 13.01 2.01005
    endloop
  endfacet
  facet normal 0 -0.321316 -0.946972
    outer loop
      vertex -34.925 14.3623 4.3523
      vertex -30.525 14.5358 4.29343
      vertex -30.525 14.3623 4.3523
    endloop
  endfacet
  facet normal -0 -0.321316 -0.946972
    outer loop
      vertex -30.525 14.5358 4.29343
      vertex -34.925 14.3623 4.3523
      vertex -34.925 14.5358 4.29343
    endloop
  endfacet
  facet normal 0 0.751954 -0.659216
    outer loop
      vertex -30.525 12.8893 3.85227
      vertex -34.925 13.01 3.98995
      vertex -30.525 13.01 3.98995
    endloop
  endfacet
  facet normal 0 0.751954 -0.659216
    outer loop
      vertex -34.925 13.01 3.98995
      vertex -30.525 12.8893 3.85227
      vertex -34.925 12.8893 3.85227
    endloop
  endfacet
  facet normal -0 0.659285 0.751893
    outer loop
      vertex -34.925 13.1477 1.88931
      vertex -30.525 13.01 2.01005
      vertex -30.525 13.1477 1.88931
    endloop
  endfacet
  facet normal 0 0.659285 0.751893
    outer loop
      vertex -30.525 13.01 2.01005
      vertex -34.925 13.1477 1.88931
      vertex -34.925 13.01 2.01005
    endloop
  endfacet
  facet normal 0 -0.195066 -0.98079
    outer loop
      vertex -34.925 14.1827 4.38802
      vertex -30.525 14.3623 4.3523
      vertex -30.525 14.1827 4.38802
    endloop
  endfacet
  facet normal -0 -0.195066 -0.98079
    outer loop
      vertex -30.525 14.3623 4.3523
      vertex -34.925 14.1827 4.38802
      vertex -34.925 14.3623 4.3523
    endloop
  endfacet
  facet normal 0 -0.831579 0.555406
    outer loop
      vertex -34.925 15.1107 2.14773
      vertex -30.525 15.2124 2.3
      vertex -34.925 15.2124 2.3
    endloop
  endfacet
  facet normal 0 -0.831579 0.555406
    outer loop
      vertex -30.525 15.2124 2.3
      vertex -34.925 15.1107 2.14773
      vertex -30.525 15.1107 2.14773
    endloop
  endfacet
  facet normal 0 -0.997851 0.0655259
    outer loop
      vertex -34.925 15.388 2.81726
      vertex -30.525 15.4 3
      vertex -34.925 15.4 3
    endloop
  endfacet
  facet normal 0 -0.997851 0.0655259
    outer loop
      vertex -30.525 15.4 3
      vertex -34.925 15.388 2.81726
      vertex -30.525 15.388 2.81726
    endloop
  endfacet
  facet normal 0 0.997851 0.0655259
    outer loop
      vertex -30.525 12.612 2.81726
      vertex -34.925 12.6 3
      vertex -30.525 12.6 3
    endloop
  endfacet
  facet normal 0 0.997851 0.0655259
    outer loop
      vertex -34.925 12.6 3
      vertex -30.525 12.612 2.81726
      vertex -34.925 12.612 2.81726
    endloop
  endfacet
  facet normal 0 -0.442401 -0.896817
    outer loop
      vertex -34.925 14.5358 4.29343
      vertex -30.525 14.7 4.21243
      vertex -30.525 14.5358 4.29343
    endloop
  endfacet
  facet normal -0 -0.442401 -0.896817
    outer loop
      vertex -30.525 14.7 4.21243
      vertex -34.925 14.5358 4.29343
      vertex -34.925 14.7 4.21243
    endloop
  endfacet
  facet normal 0 0.0654315 -0.997857
    outer loop
      vertex -34.925 13.8173 4.38802
      vertex -30.525 14 4.4
      vertex -30.525 13.8173 4.38802
    endloop
  endfacet
  facet normal 0 0.0654315 -0.997857
    outer loop
      vertex -30.525 14 4.4
      vertex -34.925 13.8173 4.38802
      vertex -34.925 14 4.4
    endloop
  endfacet
  facet normal -0 0.555519 0.831504
    outer loop
      vertex -34.925 13.3 1.78756
      vertex -30.525 13.1477 1.88931
      vertex -30.525 13.3 1.78756
    endloop
  endfacet
  facet normal 0 0.555519 0.831504
    outer loop
      vertex -30.525 13.1477 1.88931
      vertex -34.925 13.3 1.78756
      vertex -34.925 13.1477 1.88931
    endloop
  endfacet
  facet normal 0 -0.980813 0.19495
    outer loop
      vertex -34.925 15.3523 2.63765
      vertex -30.525 15.388 2.81726
      vertex -34.925 15.388 2.81726
    endloop
  endfacet
  facet normal 0 -0.980813 0.19495
    outer loop
      vertex -30.525 15.388 2.81726
      vertex -34.925 15.3523 2.63765
      vertex -30.525 15.3523 2.63765
    endloop
  endfacet
  facet normal 0 0.555481 -0.831529
    outer loop
      vertex -34.925 13.1477 4.11069
      vertex -30.525 13.3 4.21243
      vertex -30.525 13.1477 4.11069
    endloop
  endfacet
  facet normal 0 0.555481 -0.831529
    outer loop
      vertex -30.525 13.3 4.21243
      vertex -34.925 13.1477 4.11069
      vertex -34.925 13.3 4.21243
    endloop
  endfacet
  facet normal 0 0.980813 -0.19495
    outer loop
      vertex -30.525 12.612 3.18274
      vertex -34.925 12.6477 3.36235
      vertex -30.525 12.6477 3.36235
    endloop
  endfacet
  facet normal 0 0.980813 -0.19495
    outer loop
      vertex -34.925 12.6477 3.36235
      vertex -30.525 12.612 3.18274
      vertex -34.925 12.612 3.18274
    endloop
  endfacet
  facet normal 0 0.997851 -0.0655259
    outer loop
      vertex -30.525 12.6 3
      vertex -34.925 12.612 3.18274
      vertex -30.525 12.612 3.18274
    endloop
  endfacet
  facet normal 0 0.997851 -0.0655259
    outer loop
      vertex -34.925 12.612 3.18274
      vertex -30.525 12.6 3
      vertex -34.925 12.6 3
    endloop
  endfacet
  facet normal -1 0 0
    outer loop
      vertex -30.525 15.388 2.81726
      vertex -30.525 15.388 3.18274
      vertex -30.525 15.4 3
    endloop
  endfacet
  facet normal -1 0 0
    outer loop
      vertex -30.525 15.3523 2.63765
      vertex -30.525 15.388 3.18274
      vertex -30.525 15.388 2.81726
    endloop
  endfacet
  facet normal -1 0 0
    outer loop
      vertex -30.525 15.3523 2.63765
      vertex -30.525 15.3523 3.36235
      vertex -30.525 15.388 3.18274
    endloop
  endfacet
  facet normal -1 0 0
    outer loop
      vertex -30.525 15.2934 2.46424
      vertex -30.525 15.3523 3.36235
      vertex -30.525 15.3523 2.63765
    endloop
  endfacet
  facet normal -1 0 0
    outer loop
      vertex -30.525 15.2934 2.46424
      vertex -30.525 15.2934 3.53576
      vertex -30.525 15.3523 3.36235
    endloop
  endfacet
  facet normal -1 0 0
    outer loop
      vertex -30.525 15.2124 2.3
      vertex -30.525 15.2934 3.53576
      vertex -30.525 15.2934 2.46424
    endloop
  endfacet
  facet normal -1 0 0
    outer loop
      vertex -30.525 15.2124 2.3
      vertex -30.525 15.2124 3.7
      vertex -30.525 15.2934 3.53576
    endloop
  endfacet
  facet normal -1 0 0
    outer loop
      vertex -30.525 15.1107 2.14773
      vertex -30.525 15.2124 3.7
      vertex -30.525 15.2124 2.3
    endloop
  endfacet
  facet normal -1 0 0
    outer loop
      vertex -30.525 15.1107 2.14773
      vertex -30.525 15.1107 3.85227
      vertex -30.525 15.2124 3.7
    endloop
  endfacet
  facet normal -1 0 0
    outer loop
      vertex -30.525 14.9899 2.01005
      vertex -30.525 15.1107 3.85227
      vertex -30.525 15.1107 2.14773
    endloop
  endfacet
  facet normal -1 0 0
    outer loop
      vertex -30.525 14.9899 2.01005
      vertex -30.525 14.9899 3.98995
      vertex -30.525 15.1107 3.85227
    endloop
  endfacet
  facet normal -1 0 0
    outer loop
      vertex -30.525 14.8523 1.88931
      vertex -30.525 14.9899 3.98995
      vertex -30.525 14.9899 2.01005
    endloop
  endfacet
  facet normal -1 0 0
    outer loop
      vertex -30.525 14.8523 1.88931
      vertex -30.525 14.8523 4.11069
      vertex -30.525 14.9899 3.98995
    endloop
  endfacet
  facet normal -1 0 0
    outer loop
      vertex -30.525 14.7 1.78756
      vertex -30.525 14.8523 4.11069
      vertex -30.525 14.8523 1.88931
    endloop
  endfacet
  facet normal -1 0 0
    outer loop
      vertex -30.525 14.7 1.78756
      vertex -30.525 14.7 4.21243
      vertex -30.525 14.8523 4.11069
    endloop
  endfacet
  facet normal -1 0 0
    outer loop
      vertex -30.525 14.5358 1.70657
      vertex -30.525 14.7 4.21243
      vertex -30.525 14.7 1.78756
    endloop
  endfacet
  facet normal -1 0 0
    outer loop
      vertex -30.525 14.5358 1.70657
      vertex -30.525 14.5358 4.29343
      vertex -30.525 14.7 4.21243
    endloop
  endfacet
  facet normal -1 0 0
    outer loop
      vertex -30.525 14.3623 1.6477
      vertex -30.525 14.5358 4.29343
      vertex -30.525 14.5358 1.70657
    endloop
  endfacet
  facet normal -1 0 0
    outer loop
      vertex -30.525 14.3623 1.6477
      vertex -30.525 14.3623 4.3523
      vertex -30.525 14.5358 4.29343
    endloop
  endfacet
  facet normal -1 0 0
    outer loop
      vertex -30.525 14.1827 1.61198
      vertex -30.525 14.3623 4.3523
      vertex -30.525 14.3623 1.6477
    endloop
  endfacet
  facet normal -1 0 0
    outer loop
      vertex -30.525 14.1827 1.61198
      vertex -30.525 14.1827 4.38802
      vertex -30.525 14.3623 4.3523
    endloop
  endfacet
  facet normal -1 0 0
    outer loop
      vertex -30.525 14 1.6
      vertex -30.525 14.1827 4.38802
      vertex -30.525 14.1827 1.61198
    endloop
  endfacet
  facet normal -1 0 0
    outer loop
      vertex -30.525 14 1.6
      vertex -30.525 14 4.4
      vertex -30.525 14.1827 4.38802
    endloop
  endfacet
  facet normal -1 0 0
    outer loop
      vertex -30.525 13.8173 1.61198
      vertex -30.525 14 4.4
      vertex -30.525 14 1.6
    endloop
  endfacet
  facet normal -1 0 0
    outer loop
      vertex -30.525 13.8173 1.61198
      vertex -30.525 13.8173 4.38802
      vertex -30.525 14 4.4
    endloop
  endfacet
  facet normal -1 0 0
    outer loop
      vertex -30.525 13.6377 1.6477
      vertex -30.525 13.8173 4.38802
      vertex -30.525 13.8173 1.61198
    endloop
  endfacet
  facet normal -1 0 0
    outer loop
      vertex -30.525 13.6377 1.6477
      vertex -30.525 13.6377 4.3523
      vertex -30.525 13.8173 4.38802
    endloop
  endfacet
  facet normal -1 0 0
    outer loop
      vertex -30.525 13.4642 1.70657
      vertex -30.525 13.6377 4.3523
      vertex -30.525 13.6377 1.6477
    endloop
  endfacet
  facet normal -1 0 0
    outer loop
      vertex -30.525 13.4642 1.70657
      vertex -30.525 13.4642 4.29343
      vertex -30.525 13.6377 4.3523
    endloop
  endfacet
  facet normal -1 0 0
    outer loop
      vertex -30.525 13.3 1.78756
      vertex -30.525 13.4642 4.29343
      vertex -30.525 13.4642 1.70657
    endloop
  endfacet
  facet normal -1 0 0
    outer loop
      vertex -30.525 13.3 1.78756
      vertex -30.525 13.3 4.21243
      vertex -30.525 13.4642 4.29343
    endloop
  endfacet
  facet normal -1 0 0
    outer loop
      vertex -30.525 13.1477 1.88931
      vertex -30.525 13.3 4.21243
      vertex -30.525 13.3 1.78756
    endloop
  endfacet
  facet normal -1 0 0
    outer loop
      vertex -30.525 13.1477 1.88931
      vertex -30.525 13.1477 4.11069
      vertex -30.525 13.3 4.21243
    endloop
  endfacet
  facet normal -1 0 0
    outer loop
      vertex -30.525 13.01 2.01005
      vertex -30.525 13.1477 4.11069
      vertex -30.525 13.1477 1.88931
    endloop
  endfacet
  facet normal -1 0 0
    outer loop
      vertex -30.525 13.01 2.01005
      vertex -30.525 13.01 3.98995
      vertex -30.525 13.1477 4.11069
    endloop
  endfacet
  facet normal -1 0 0
    outer loop
      vertex -30.525 12.8893 2.14773
      vertex -30.525 13.01 3.98995
      vertex -30.525 13.01 2.01005
    endloop
  endfacet
  facet normal -1 0 0
    outer loop
      vertex -30.525 12.8893 2.14773
      vertex -30.525 12.8893 3.85227
      vertex -30.525 13.01 3.98995
    endloop
  endfacet
  facet normal -1 0 0
    outer loop
      vertex -30.525 12.7876 2.3
      vertex -30.525 12.8893 3.85227
      vertex -30.525 12.8893 2.14773
    endloop
  endfacet
  facet normal -1 0 0
    outer loop
      vertex -30.525 12.7876 2.3
      vertex -30.525 12.7876 3.7
      vertex -30.525 12.8893 3.85227
    endloop
  endfacet
  facet normal -1 0 0
    outer loop
      vertex -30.525 12.7066 2.46424
      vertex -30.525 12.7876 3.7
      vertex -30.525 12.7876 2.3
    endloop
  endfacet
  facet normal -1 0 0
    outer loop
      vertex -30.525 12.7066 2.46424
      vertex -30.525 12.7066 3.53576
      vertex -30.525 12.7876 3.7
    endloop
  endfacet
  facet normal -1 0 0
    outer loop
      vertex -30.525 12.6477 2.63765
      vertex -30.525 12.7066 3.53576
      vertex -30.525 12.7066 2.46424
    endloop
  endfacet
  facet normal -1 0 0
    outer loop
      vertex -30.525 12.6477 2.63765
      vertex -30.525 12.6477 3.36235
      vertex -30.525 12.7066 3.53576
    endloop
  endfacet
  facet normal -1 0 0
    outer loop
      vertex -30.525 12.612 2.81726
      vertex -30.525 12.6477 3.36235
      vertex -30.525 12.6477 2.63765
    endloop
  endfacet
  facet normal -1 0 0
    outer loop
      vertex -30.525 12.612 2.81726
      vertex -30.525 12.612 3.18274
      vertex -30.525 12.6477 3.36235
    endloop
  endfacet
  facet normal -1 0 -0
    outer loop
      vertex -30.525 12.612 3.18274
      vertex -30.525 12.612 2.81726
      vertex -30.525 12.6 3
    endloop
  endfacet
  facet normal 0 0.555481 -0.831529
    outer loop
      vertex -34.925 89.7477 4.11069
      vertex -30.525 89.9 4.21243
      vertex -30.525 89.7477 4.11069
    endloop
  endfacet
  facet normal 0 0.555481 -0.831529
    outer loop
      vertex -30.525 89.9 4.21243
      vertex -34.925 89.7477 4.11069
      vertex -34.925 89.9 4.21243
    endloop
  endfacet
  facet normal 0 -0.321316 0.946972
    outer loop
      vertex -34.925 91.1358 1.70657
      vertex -30.525 90.9623 1.6477
      vertex -30.525 91.1358 1.70657
    endloop
  endfacet
  facet normal 0 -0.321316 0.946972
    outer loop
      vertex -30.525 90.9623 1.6477
      vertex -34.925 91.1358 1.70657
      vertex -34.925 90.9623 1.6477
    endloop
  endfacet
  facet normal 0 -0.555519 0.831504
    outer loop
      vertex -34.925 91.4523 1.88931
      vertex -30.525 91.3 1.78756
      vertex -30.525 91.4523 1.88931
    endloop
  endfacet
  facet normal 0 -0.555519 0.831504
    outer loop
      vertex -30.525 91.3 1.78756
      vertex -34.925 91.4523 1.88931
      vertex -34.925 91.3 1.78756
    endloop
  endfacet
  facet normal 0 -0.997851 0.0655259
    outer loop
      vertex -34.925 91.988 2.81726
      vertex -30.525 92 3
      vertex -34.925 92 3
    endloop
  endfacet
  facet normal 0 -0.997851 0.0655259
    outer loop
      vertex -30.525 92 3
      vertex -34.925 91.988 2.81726
      vertex -30.525 91.988 2.81726
    endloop
  endfacet
  facet normal 0 -0.751954 -0.659216
    outer loop
      vertex -34.925 91.7107 3.85227
      vertex -30.525 91.59 3.98995
      vertex -34.925 91.59 3.98995
    endloop
  endfacet
  facet normal 0 -0.751954 -0.659216
    outer loop
      vertex -30.525 91.59 3.98995
      vertex -34.925 91.7107 3.85227
      vertex -30.525 91.7107 3.85227
    endloop
  endfacet
  facet normal 0 0.89686 0.442314
    outer loop
      vertex -30.525 89.3876 2.3
      vertex -34.925 89.3066 2.46424
      vertex -30.525 89.3066 2.46424
    endloop
  endfacet
  facet normal 0 0.89686 0.442314
    outer loop
      vertex -34.925 89.3066 2.46424
      vertex -30.525 89.3876 2.3
      vertex -34.925 89.3876 2.3
    endloop
  endfacet
  facet normal 0 -0.0654315 0.997857
    outer loop
      vertex -34.925 90.7827 1.61198
      vertex -30.525 90.6 1.6
      vertex -30.525 90.7827 1.61198
    endloop
  endfacet
  facet normal 0 -0.0654315 0.997857
    outer loop
      vertex -30.525 90.6 1.6
      vertex -34.925 90.7827 1.61198
      vertex -34.925 90.6 1.6
    endloop
  endfacet
  facet normal 0 -0.751954 0.659216
    outer loop
      vertex -34.925 91.59 2.01005
      vertex -30.525 91.7107 2.14773
      vertex -34.925 91.7107 2.14773
    endloop
  endfacet
  facet normal 0 -0.751954 0.659216
    outer loop
      vertex -30.525 91.7107 2.14773
      vertex -34.925 91.59 2.01005
      vertex -30.525 91.59 2.01005
    endloop
  endfacet
  facet normal 0 -0.442357 0.896839
    outer loop
      vertex -34.925 91.3 1.78756
      vertex -30.525 91.1358 1.70657
      vertex -30.525 91.3 1.78756
    endloop
  endfacet
  facet normal 0 -0.442357 0.896839
    outer loop
      vertex -30.525 91.1358 1.70657
      vertex -34.925 91.3 1.78756
      vertex -34.925 91.1358 1.70657
    endloop
  endfacet
  facet normal 0 -0.997851 -0.0655259
    outer loop
      vertex -34.925 92 3
      vertex -30.525 91.988 3.18274
      vertex -34.925 91.988 3.18274
    endloop
  endfacet
  facet normal 0 -0.997851 -0.0655259
    outer loop
      vertex -30.525 91.988 3.18274
      vertex -34.925 92 3
      vertex -30.525 92 3
    endloop
  endfacet
  facet normal -0 0.195066 0.98079
    outer loop
      vertex -34.925 90.4173 1.61198
      vertex -30.525 90.2377 1.6477
      vertex -30.525 90.4173 1.61198
    endloop
  endfacet
  facet normal 0 0.195066 0.98079
    outer loop
      vertex -30.525 90.2377 1.6477
      vertex -34.925 90.4173 1.61198
      vertex -34.925 90.2377 1.6477
    endloop
  endfacet
  facet normal 0 -0.89686 0.442314
    outer loop
      vertex -34.925 91.8124 2.3
      vertex -30.525 91.8934 2.46424
      vertex -34.925 91.8934 2.46424
    endloop
  endfacet
  facet normal 0 -0.89686 0.442314
    outer loop
      vertex -30.525 91.8934 2.46424
      vertex -34.925 91.8124 2.3
      vertex -30.525 91.8124 2.3
    endloop
  endfacet
  facet normal -0 0.321316 0.946972
    outer loop
      vertex -34.925 90.2377 1.6477
      vertex -30.525 90.0642 1.70657
      vertex -30.525 90.2377 1.6477
    endloop
  endfacet
  facet normal 0 0.321316 0.946972
    outer loop
      vertex -30.525 90.0642 1.70657
      vertex -34.925 90.2377 1.6477
      vertex -34.925 90.0642 1.70657
    endloop
  endfacet
  facet normal 0 -0.831579 -0.555406
    outer loop
      vertex -34.925 91.8124 3.7
      vertex -30.525 91.7107 3.85227
      vertex -34.925 91.7107 3.85227
    endloop
  endfacet
  facet normal 0 -0.831579 -0.555406
    outer loop
      vertex -30.525 91.7107 3.85227
      vertex -34.925 91.8124 3.7
      vertex -30.525 91.8124 3.7
    endloop
  endfacet
  facet normal 0 -0.195066 -0.98079
    outer loop
      vertex -34.925 90.7827 4.38802
      vertex -30.525 90.9623 4.3523
      vertex -30.525 90.7827 4.38802
    endloop
  endfacet
  facet normal -0 -0.195066 -0.98079
    outer loop
      vertex -30.525 90.9623 4.3523
      vertex -34.925 90.7827 4.38802
      vertex -34.925 90.9623 4.3523
    endloop
  endfacet
  facet normal 0 -0.831579 0.555406
    outer loop
      vertex -34.925 91.7107 2.14773
      vertex -30.525 91.8124 2.3
      vertex -34.925 91.8124 2.3
    endloop
  endfacet
  facet normal 0 -0.831579 0.555406
    outer loop
      vertex -30.525 91.8124 2.3
      vertex -34.925 91.7107 2.14773
      vertex -30.525 91.7107 2.14773
    endloop
  endfacet
  facet normal 0 0.0654315 -0.997857
    outer loop
      vertex -34.925 90.4173 4.38802
      vertex -30.525 90.6 4.4
      vertex -30.525 90.4173 4.38802
    endloop
  endfacet
  facet normal 0 0.0654315 -0.997857
    outer loop
      vertex -30.525 90.6 4.4
      vertex -34.925 90.4173 4.38802
      vertex -34.925 90.6 4.4
    endloop
  endfacet
  facet normal 0 0.321316 -0.946972
    outer loop
      vertex -34.925 90.0642 4.29343
      vertex -30.525 90.2377 4.3523
      vertex -30.525 90.0642 4.29343
    endloop
  endfacet
  facet normal 0 0.321316 -0.946972
    outer loop
      vertex -30.525 90.2377 4.3523
      vertex -34.925 90.0642 4.29343
      vertex -34.925 90.2377 4.3523
    endloop
  endfacet
  facet normal -0 0.659285 0.751893
    outer loop
      vertex -34.925 89.7477 1.88931
      vertex -30.525 89.61 2.01005
      vertex -30.525 89.7477 1.88931
    endloop
  endfacet
  facet normal 0 0.659285 0.751893
    outer loop
      vertex -30.525 89.61 2.01005
      vertex -34.925 89.7477 1.88931
      vertex -34.925 89.61 2.01005
    endloop
  endfacet
  facet normal 0 0.980813 0.19495
    outer loop
      vertex -30.525 89.2477 2.63765
      vertex -34.925 89.212 2.81726
      vertex -30.525 89.212 2.81726
    endloop
  endfacet
  facet normal 0 0.980813 0.19495
    outer loop
      vertex -34.925 89.212 2.81726
      vertex -30.525 89.2477 2.63765
      vertex -34.925 89.2477 2.63765
    endloop
  endfacet
  facet normal 0 -0.555481 -0.831529
    outer loop
      vertex -34.925 91.3 4.21243
      vertex -30.525 91.4523 4.11069
      vertex -30.525 91.3 4.21243
    endloop
  endfacet
  facet normal -0 -0.555481 -0.831529
    outer loop
      vertex -30.525 91.4523 4.11069
      vertex -34.925 91.3 4.21243
      vertex -34.925 91.4523 4.11069
    endloop
  endfacet
  facet normal 0 0.659285 -0.751893
    outer loop
      vertex -34.925 89.61 3.98995
      vertex -30.525 89.7477 4.11069
      vertex -30.525 89.61 3.98995
    endloop
  endfacet
  facet normal 0 0.659285 -0.751893
    outer loop
      vertex -30.525 89.7477 4.11069
      vertex -34.925 89.61 3.98995
      vertex -34.925 89.7477 4.11069
    endloop
  endfacet
  facet normal 0 -0.946872 -0.321612
    outer loop
      vertex -34.925 91.9523 3.36235
      vertex -30.525 91.8934 3.53576
      vertex -34.925 91.8934 3.53576
    endloop
  endfacet
  facet normal 0 -0.946872 -0.321612
    outer loop
      vertex -30.525 91.8934 3.53576
      vertex -34.925 91.9523 3.36235
      vertex -30.525 91.9523 3.36235
    endloop
  endfacet
  facet normal -0 0.0654315 0.997857
    outer loop
      vertex -34.925 90.6 1.6
      vertex -30.525 90.4173 1.61198
      vertex -30.525 90.6 1.6
    endloop
  endfacet
  facet normal 0 0.0654315 0.997857
    outer loop
      vertex -30.525 90.4173 1.61198
      vertex -34.925 90.6 1.6
      vertex -34.925 90.4173 1.61198
    endloop
  endfacet
  facet normal 0 -0.980813 -0.19495
    outer loop
      vertex -34.925 91.988 3.18274
      vertex -30.525 91.9523 3.36235
      vertex -34.925 91.9523 3.36235
    endloop
  endfacet
  facet normal 0 -0.980813 -0.19495
    outer loop
      vertex -30.525 91.9523 3.36235
      vertex -34.925 91.988 3.18274
      vertex -30.525 91.988 3.18274
    endloop
  endfacet
  facet normal 0 -0.89686 -0.442314
    outer loop
      vertex -34.925 91.8934 3.53576
      vertex -30.525 91.8124 3.7
      vertex -34.925 91.8124 3.7
    endloop
  endfacet
  facet normal 0 -0.89686 -0.442314
    outer loop
      vertex -30.525 91.8124 3.7
      vertex -34.925 91.8934 3.53576
      vertex -30.525 91.8934 3.53576
    endloop
  endfacet
  facet normal 0 0.442401 -0.896817
    outer loop
      vertex -34.925 89.9 4.21243
      vertex -30.525 90.0642 4.29343
      vertex -30.525 89.9 4.21243
    endloop
  endfacet
  facet normal 0 0.442401 -0.896817
    outer loop
      vertex -30.525 90.0642 4.29343
      vertex -34.925 89.9 4.21243
      vertex -34.925 90.0642 4.29343
    endloop
  endfacet
  facet normal -0 0.555519 0.831504
    outer loop
      vertex -34.925 89.9 1.78756
      vertex -30.525 89.7477 1.88931
      vertex -30.525 89.9 1.78756
    endloop
  endfacet
  facet normal 0 0.555519 0.831504
    outer loop
      vertex -30.525 89.7477 1.88931
      vertex -34.925 89.9 1.78756
      vertex -34.925 89.7477 1.88931
    endloop
  endfacet
  facet normal 0 0.831579 -0.555406
    outer loop
      vertex -30.525 89.3876 3.7
      vertex -34.925 89.4893 3.85227
      vertex -30.525 89.4893 3.85227
    endloop
  endfacet
  facet normal 0 0.831579 -0.555406
    outer loop
      vertex -34.925 89.4893 3.85227
      vertex -30.525 89.3876 3.7
      vertex -34.925 89.3876 3.7
    endloop
  endfacet
  facet normal 0 0.751954 -0.659216
    outer loop
      vertex -30.525 89.4893 3.85227
      vertex -34.925 89.61 3.98995
      vertex -30.525 89.61 3.98995
    endloop
  endfacet
  facet normal 0 0.751954 -0.659216
    outer loop
      vertex -34.925 89.61 3.98995
      vertex -30.525 89.4893 3.85227
      vertex -34.925 89.4893 3.85227
    endloop
  endfacet
  facet normal 0 -0.195066 0.98079
    outer loop
      vertex -34.925 90.9623 1.6477
      vertex -30.525 90.7827 1.61198
      vertex -30.525 90.9623 1.6477
    endloop
  endfacet
  facet normal 0 -0.195066 0.98079
    outer loop
      vertex -30.525 90.7827 1.61198
      vertex -34.925 90.9623 1.6477
      vertex -34.925 90.7827 1.61198
    endloop
  endfacet
  facet normal 0 -0.946872 0.321612
    outer loop
      vertex -34.925 91.8934 2.46424
      vertex -30.525 91.9523 2.63765
      vertex -34.925 91.9523 2.63765
    endloop
  endfacet
  facet normal 0 -0.946872 0.321612
    outer loop
      vertex -30.525 91.9523 2.63765
      vertex -34.925 91.8934 2.46424
      vertex -30.525 91.8934 2.46424
    endloop
  endfacet
  facet normal 0 0.831579 0.555406
    outer loop
      vertex -30.525 89.4893 2.14773
      vertex -34.925 89.3876 2.3
      vertex -30.525 89.3876 2.3
    endloop
  endfacet
  facet normal 0 0.831579 0.555406
    outer loop
      vertex -34.925 89.3876 2.3
      vertex -30.525 89.4893 2.14773
      vertex -34.925 89.4893 2.14773
    endloop
  endfacet
  facet normal 0 0.946872 0.321612
    outer loop
      vertex -30.525 89.3066 2.46424
      vertex -34.925 89.2477 2.63765
      vertex -30.525 89.2477 2.63765
    endloop
  endfacet
  facet normal 0 0.946872 0.321612
    outer loop
      vertex -34.925 89.2477 2.63765
      vertex -30.525 89.3066 2.46424
      vertex -34.925 89.3066 2.46424
    endloop
  endfacet
  facet normal 0 -0.659285 0.751893
    outer loop
      vertex -34.925 91.59 2.01005
      vertex -30.525 91.4523 1.88931
      vertex -30.525 91.59 2.01005
    endloop
  endfacet
  facet normal 0 -0.659285 0.751893
    outer loop
      vertex -30.525 91.4523 1.88931
      vertex -34.925 91.59 2.01005
      vertex -34.925 91.4523 1.88931
    endloop
  endfacet
  facet normal 0 0.195066 -0.98079
    outer loop
      vertex -34.925 90.2377 4.3523
      vertex -30.525 90.4173 4.38802
      vertex -30.525 90.2377 4.3523
    endloop
  endfacet
  facet normal 0 0.195066 -0.98079
    outer loop
      vertex -30.525 90.4173 4.38802
      vertex -34.925 90.2377 4.3523
      vertex -34.925 90.4173 4.38802
    endloop
  endfacet
  facet normal 0 0.997851 0.0655259
    outer loop
      vertex -30.525 89.212 2.81726
      vertex -34.925 89.2 3
      vertex -30.525 89.2 3
    endloop
  endfacet
  facet normal 0 0.997851 0.0655259
    outer loop
      vertex -34.925 89.2 3
      vertex -30.525 89.212 2.81726
      vertex -34.925 89.212 2.81726
    endloop
  endfacet
  facet normal 0 0.997851 -0.0655259
    outer loop
      vertex -30.525 89.2 3
      vertex -34.925 89.212 3.18274
      vertex -30.525 89.212 3.18274
    endloop
  endfacet
  facet normal 0 0.997851 -0.0655259
    outer loop
      vertex -34.925 89.212 3.18274
      vertex -30.525 89.2 3
      vertex -34.925 89.2 3
    endloop
  endfacet
  facet normal 0 -0.321316 -0.946972
    outer loop
      vertex -34.925 90.9623 4.3523
      vertex -30.525 91.1358 4.29343
      vertex -30.525 90.9623 4.3523
    endloop
  endfacet
  facet normal -0 -0.321316 -0.946972
    outer loop
      vertex -30.525 91.1358 4.29343
      vertex -34.925 90.9623 4.3523
      vertex -34.925 91.1358 4.29343
    endloop
  endfacet
  facet normal 0 0.89686 -0.442314
    outer loop
      vertex -30.525 89.3066 3.53576
      vertex -34.925 89.3876 3.7
      vertex -30.525 89.3876 3.7
    endloop
  endfacet
  facet normal 0 0.89686 -0.442314
    outer loop
      vertex -34.925 89.3876 3.7
      vertex -30.525 89.3066 3.53576
      vertex -34.925 89.3066 3.53576
    endloop
  endfacet
  facet normal 0 0.946872 -0.321612
    outer loop
      vertex -30.525 89.2477 3.36235
      vertex -34.925 89.3066 3.53576
      vertex -30.525 89.3066 3.53576
    endloop
  endfacet
  facet normal 0 0.946872 -0.321612
    outer loop
      vertex -34.925 89.3066 3.53576
      vertex -30.525 89.2477 3.36235
      vertex -34.925 89.2477 3.36235
    endloop
  endfacet
  facet normal 0 -0.0654315 -0.997857
    outer loop
      vertex -34.925 90.6 4.4
      vertex -30.525 90.7827 4.38802
      vertex -30.525 90.6 4.4
    endloop
  endfacet
  facet normal -0 -0.0654315 -0.997857
    outer loop
      vertex -30.525 90.7827 4.38802
      vertex -34.925 90.6 4.4
      vertex -34.925 90.7827 4.38802
    endloop
  endfacet
  facet normal 0 0.751954 0.659216
    outer loop
      vertex -30.525 89.61 2.01005
      vertex -34.925 89.4893 2.14773
      vertex -30.525 89.4893 2.14773
    endloop
  endfacet
  facet normal 0 0.751954 0.659216
    outer loop
      vertex -34.925 89.4893 2.14773
      vertex -30.525 89.61 2.01005
      vertex -34.925 89.61 2.01005
    endloop
  endfacet
  facet normal -0 0.442357 0.896839
    outer loop
      vertex -34.925 90.0642 1.70657
      vertex -30.525 89.9 1.78756
      vertex -30.525 90.0642 1.70657
    endloop
  endfacet
  facet normal 0 0.442357 0.896839
    outer loop
      vertex -30.525 89.9 1.78756
      vertex -34.925 90.0642 1.70657
      vertex -34.925 89.9 1.78756
    endloop
  endfacet
  facet normal 0 -0.659285 -0.751893
    outer loop
      vertex -34.925 91.4523 4.11069
      vertex -30.525 91.59 3.98995
      vertex -30.525 91.4523 4.11069
    endloop
  endfacet
  facet normal -0 -0.659285 -0.751893
    outer loop
      vertex -30.525 91.59 3.98995
      vertex -34.925 91.4523 4.11069
      vertex -34.925 91.59 3.98995
    endloop
  endfacet
  facet normal 0 -0.442401 -0.896817
    outer loop
      vertex -34.925 91.1358 4.29343
      vertex -30.525 91.3 4.21243
      vertex -30.525 91.1358 4.29343
    endloop
  endfacet
  facet normal -0 -0.442401 -0.896817
    outer loop
      vertex -30.525 91.3 4.21243
      vertex -34.925 91.1358 4.29343
      vertex -34.925 91.3 4.21243
    endloop
  endfacet
  facet normal 0 0.980813 -0.19495
    outer loop
      vertex -30.525 89.212 3.18274
      vertex -34.925 89.2477 3.36235
      vertex -30.525 89.2477 3.36235
    endloop
  endfacet
  facet normal 0 0.980813 -0.19495
    outer loop
      vertex -34.925 89.2477 3.36235
      vertex -30.525 89.212 3.18274
      vertex -34.925 89.212 3.18274
    endloop
  endfacet
  facet normal -1 0 0
    outer loop
      vertex -30.525 91.988 2.81726
      vertex -30.525 91.988 3.18274
      vertex -30.525 92 3
    endloop
  endfacet
  facet normal -1 0 0
    outer loop
      vertex -30.525 91.9523 2.63765
      vertex -30.525 91.988 3.18274
      vertex -30.525 91.988 2.81726
    endloop
  endfacet
  facet normal -1 0 0
    outer loop
      vertex -30.525 91.9523 2.63765
      vertex -30.525 91.9523 3.36235
      vertex -30.525 91.988 3.18274
    endloop
  endfacet
  facet normal -1 0 0
    outer loop
      vertex -30.525 91.8934 2.46424
      vertex -30.525 91.9523 3.36235
      vertex -30.525 91.9523 2.63765
    endloop
  endfacet
  facet normal -1 0 0
    outer loop
      vertex -30.525 91.8934 2.46424
      vertex -30.525 91.8934 3.53576
      vertex -30.525 91.9523 3.36235
    endloop
  endfacet
  facet normal -1 0 0
    outer loop
      vertex -30.525 91.8124 2.3
      vertex -30.525 91.8934 3.53576
      vertex -30.525 91.8934 2.46424
    endloop
  endfacet
  facet normal -1 0 0
    outer loop
      vertex -30.525 91.8124 2.3
      vertex -30.525 91.8124 3.7
      vertex -30.525 91.8934 3.53576
    endloop
  endfacet
  facet normal -1 0 0
    outer loop
      vertex -30.525 91.7107 2.14773
      vertex -30.525 91.8124 3.7
      vertex -30.525 91.8124 2.3
    endloop
  endfacet
  facet normal -1 0 0
    outer loop
      vertex -30.525 91.7107 2.14773
      vertex -30.525 91.7107 3.85227
      vertex -30.525 91.8124 3.7
    endloop
  endfacet
  facet normal -1 0 0
    outer loop
      vertex -30.525 91.59 2.01005
      vertex -30.525 91.7107 3.85227
      vertex -30.525 91.7107 2.14773
    endloop
  endfacet
  facet normal -1 0 0
    outer loop
      vertex -30.525 91.59 2.01005
      vertex -30.525 91.59 3.98995
      vertex -30.525 91.7107 3.85227
    endloop
  endfacet
  facet normal -1 0 0
    outer loop
      vertex -30.525 91.4523 1.88931
      vertex -30.525 91.59 3.98995
      vertex -30.525 91.59 2.01005
    endloop
  endfacet
  facet normal -1 0 0
    outer loop
      vertex -30.525 91.4523 1.88931
      vertex -30.525 91.4523 4.11069
      vertex -30.525 91.59 3.98995
    endloop
  endfacet
  facet normal -1 0 0
    outer loop
      vertex -30.525 91.3 1.78756
      vertex -30.525 91.4523 4.11069
      vertex -30.525 91.4523 1.88931
    endloop
  endfacet
  facet normal -1 0 0
    outer loop
      vertex -30.525 91.3 1.78756
      vertex -30.525 91.3 4.21243
      vertex -30.525 91.4523 4.11069
    endloop
  endfacet
  facet normal -1 0 0
    outer loop
      vertex -30.525 91.1358 1.70657
      vertex -30.525 91.3 4.21243
      vertex -30.525 91.3 1.78756
    endloop
  endfacet
  facet normal -1 0 0
    outer loop
      vertex -30.525 91.1358 1.70657
      vertex -30.525 91.1358 4.29343
      vertex -30.525 91.3 4.21243
    endloop
  endfacet
  facet normal -1 0 0
    outer loop
      vertex -30.525 90.9623 1.6477
      vertex -30.525 91.1358 4.29343
      vertex -30.525 91.1358 1.70657
    endloop
  endfacet
  facet normal -1 0 0
    outer loop
      vertex -30.525 90.9623 1.6477
      vertex -30.525 90.9623 4.3523
      vertex -30.525 91.1358 4.29343
    endloop
  endfacet
  facet normal -1 0 0
    outer loop
      vertex -30.525 90.7827 1.61198
      vertex -30.525 90.9623 4.3523
      vertex -30.525 90.9623 1.6477
    endloop
  endfacet
  facet normal -1 0 0
    outer loop
      vertex -30.525 90.7827 1.61198
      vertex -30.525 90.7827 4.38802
      vertex -30.525 90.9623 4.3523
    endloop
  endfacet
  facet normal -1 0 0
    outer loop
      vertex -30.525 90.6 1.6
      vertex -30.525 90.7827 4.38802
      vertex -30.525 90.7827 1.61198
    endloop
  endfacet
  facet normal -1 0 0
    outer loop
      vertex -30.525 90.6 1.6
      vertex -30.525 90.6 4.4
      vertex -30.525 90.7827 4.38802
    endloop
  endfacet
  facet normal -1 0 0
    outer loop
      vertex -30.525 90.4173 1.61198
      vertex -30.525 90.6 4.4
      vertex -30.525 90.6 1.6
    endloop
  endfacet
  facet normal -1 0 0
    outer loop
      vertex -30.525 90.4173 1.61198
      vertex -30.525 90.4173 4.38802
      vertex -30.525 90.6 4.4
    endloop
  endfacet
  facet normal -1 0 0
    outer loop
      vertex -30.525 90.2377 1.6477
      vertex -30.525 90.4173 4.38802
      vertex -30.525 90.4173 1.61198
    endloop
  endfacet
  facet normal -1 0 0
    outer loop
      vertex -30.525 90.2377 1.6477
      vertex -30.525 90.2377 4.3523
      vertex -30.525 90.4173 4.38802
    endloop
  endfacet
  facet normal -1 0 0
    outer loop
      vertex -30.525 90.0642 1.70657
      vertex -30.525 90.2377 4.3523
      vertex -30.525 90.2377 1.6477
    endloop
  endfacet
  facet normal -1 0 0
    outer loop
      vertex -30.525 90.0642 1.70657
      vertex -30.525 90.0642 4.29343
      vertex -30.525 90.2377 4.3523
    endloop
  endfacet
  facet normal -1 0 0
    outer loop
      vertex -30.525 89.9 1.78756
      vertex -30.525 90.0642 4.29343
      vertex -30.525 90.0642 1.70657
    endloop
  endfacet
  facet normal -1 0 0
    outer loop
      vertex -30.525 89.9 1.78756
      vertex -30.525 89.9 4.21243
      vertex -30.525 90.0642 4.29343
    endloop
  endfacet
  facet normal -1 0 0
    outer loop
      vertex -30.525 89.7477 1.88931
      vertex -30.525 89.9 4.21243
      vertex -30.525 89.9 1.78756
    endloop
  endfacet
  facet normal -1 0 0
    outer loop
      vertex -30.525 89.7477 1.88931
      vertex -30.525 89.7477 4.11069
      vertex -30.525 89.9 4.21243
    endloop
  endfacet
  facet normal -1 0 0
    outer loop
      vertex -30.525 89.61 2.01005
      vertex -30.525 89.7477 4.11069
      vertex -30.525 89.7477 1.88931
    endloop
  endfacet
  facet normal -1 0 0
    outer loop
      vertex -30.525 89.61 2.01005
      vertex -30.525 89.61 3.98995
      vertex -30.525 89.7477 4.11069
    endloop
  endfacet
  facet normal -1 0 0
    outer loop
      vertex -30.525 89.4893 2.14773
      vertex -30.525 89.61 3.98995
      vertex -30.525 89.61 2.01005
    endloop
  endfacet
  facet normal -1 0 0
    outer loop
      vertex -30.525 89.4893 2.14773
      vertex -30.525 89.4893 3.85227
      vertex -30.525 89.61 3.98995
    endloop
  endfacet
  facet normal -1 0 0
    outer loop
      vertex -30.525 89.3876 2.3
      vertex -30.525 89.4893 3.85227
      vertex -30.525 89.4893 2.14773
    endloop
  endfacet
  facet normal -1 0 0
    outer loop
      vertex -30.525 89.3876 2.3
      vertex -30.525 89.3876 3.7
      vertex -30.525 89.4893 3.85227
    endloop
  endfacet
  facet normal -1 0 0
    outer loop
      vertex -30.525 89.3066 2.46424
      vertex -30.525 89.3876 3.7
      vertex -30.525 89.3876 2.3
    endloop
  endfacet
  facet normal -1 0 0
    outer loop
      vertex -30.525 89.3066 2.46424
      vertex -30.525 89.3066 3.53576
      vertex -30.525 89.3876 3.7
    endloop
  endfacet
  facet normal -1 0 0
    outer loop
      vertex -30.525 89.2477 2.63765
      vertex -30.525 89.3066 3.53576
      vertex -30.525 89.3066 2.46424
    endloop
  endfacet
  facet normal -1 0 0
    outer loop
      vertex -30.525 89.2477 2.63765
      vertex -30.525 89.2477 3.36235
      vertex -30.525 89.3066 3.53576
    endloop
  endfacet
  facet normal -1 0 0
    outer loop
      vertex -30.525 89.212 2.81726
      vertex -30.525 89.2477 3.36235
      vertex -30.525 89.2477 2.63765
    endloop
  endfacet
  facet normal -1 0 0
    outer loop
      vertex -30.525 89.212 2.81726
      vertex -30.525 89.212 3.18274
      vertex -30.525 89.2477 3.36235
    endloop
  endfacet
  facet normal -1 0 -0
    outer loop
      vertex -30.525 89.212 3.18274
      vertex -30.525 89.212 2.81726
      vertex -30.525 89.2 3
    endloop
  endfacet
  facet normal 0 -0.980813 0.19495
    outer loop
      vertex -34.925 91.9523 2.63765
      vertex -30.525 91.988 2.81726
      vertex -34.925 91.988 2.81726
    endloop
  endfacet
  facet normal 0 -0.980813 0.19495
    outer loop
      vertex -30.525 91.988 2.81726
      vertex -34.925 91.9523 2.63765
      vertex -30.525 91.9523 2.63765
    endloop
  endfacet
  facet normal 0 -0.321316 0.946972
    outer loop
      vertex -34.925 35.4658 1.70657
      vertex -30.525 35.2923 1.6477
      vertex -30.525 35.4658 1.70657
    endloop
  endfacet
  facet normal 0 -0.321316 0.946972
    outer loop
      vertex -30.525 35.2923 1.6477
      vertex -34.925 35.4658 1.70657
      vertex -34.925 35.2923 1.6477
    endloop
  endfacet
  facet normal 0 -0.997851 0.0655259
    outer loop
      vertex -34.925 36.318 2.81726
      vertex -30.525 36.33 3
      vertex -34.925 36.33 3
    endloop
  endfacet
  facet normal 0 -0.997851 0.0655259
    outer loop
      vertex -30.525 36.33 3
      vertex -34.925 36.318 2.81726
      vertex -30.525 36.318 2.81726
    endloop
  endfacet
  facet normal 0 -0.555519 0.831504
    outer loop
      vertex -34.925 35.7823 1.88931
      vertex -30.525 35.63 1.78756
      vertex -30.525 35.7823 1.88931
    endloop
  endfacet
  facet normal 0 -0.555519 0.831504
    outer loop
      vertex -30.525 35.63 1.78756
      vertex -34.925 35.7823 1.88931
      vertex -34.925 35.63 1.78756
    endloop
  endfacet
  facet normal 0 -0.555481 -0.831529
    outer loop
      vertex -34.925 35.63 4.21243
      vertex -30.525 35.7823 4.11069
      vertex -30.525 35.63 4.21243
    endloop
  endfacet
  facet normal -0 -0.555481 -0.831529
    outer loop
      vertex -30.525 35.7823 4.11069
      vertex -34.925 35.63 4.21243
      vertex -34.925 35.7823 4.11069
    endloop
  endfacet
  facet normal 0 -0.442401 -0.896817
    outer loop
      vertex -34.925 35.4658 4.29343
      vertex -30.525 35.63 4.21243
      vertex -30.525 35.4658 4.29343
    endloop
  endfacet
  facet normal -0 -0.442401 -0.896817
    outer loop
      vertex -30.525 35.63 4.21243
      vertex -34.925 35.4658 4.29343
      vertex -34.925 35.63 4.21243
    endloop
  endfacet
  facet normal 0 -0.946872 -0.321612
    outer loop
      vertex -34.925 36.2823 3.36235
      vertex -30.525 36.2234 3.53576
      vertex -34.925 36.2234 3.53576
    endloop
  endfacet
  facet normal 0 -0.946872 -0.321612
    outer loop
      vertex -30.525 36.2234 3.53576
      vertex -34.925 36.2823 3.36235
      vertex -30.525 36.2823 3.36235
    endloop
  endfacet
  facet normal 0 0.89686 0.442314
    outer loop
      vertex -30.525 33.7176 2.3
      vertex -34.925 33.6366 2.46424
      vertex -30.525 33.6366 2.46424
    endloop
  endfacet
  facet normal 0 0.89686 0.442314
    outer loop
      vertex -34.925 33.6366 2.46424
      vertex -30.525 33.7176 2.3
      vertex -34.925 33.7176 2.3
    endloop
  endfacet
  facet normal 0 -0.0654315 0.997857
    outer loop
      vertex -34.925 35.1127 1.61198
      vertex -30.525 34.93 1.6
      vertex -30.525 35.1127 1.61198
    endloop
  endfacet
  facet normal 0 -0.0654315 0.997857
    outer loop
      vertex -30.525 34.93 1.6
      vertex -34.925 35.1127 1.61198
      vertex -34.925 34.93 1.6
    endloop
  endfacet
  facet normal 0 0.946872 0.321612
    outer loop
      vertex -30.525 33.6366 2.46424
      vertex -34.925 33.5777 2.63765
      vertex -30.525 33.5777 2.63765
    endloop
  endfacet
  facet normal 0 0.946872 0.321612
    outer loop
      vertex -34.925 33.5777 2.63765
      vertex -30.525 33.6366 2.46424
      vertex -34.925 33.6366 2.46424
    endloop
  endfacet
  facet normal 0 -0.442357 0.896839
    outer loop
      vertex -34.925 35.63 1.78756
      vertex -30.525 35.4658 1.70657
      vertex -30.525 35.63 1.78756
    endloop
  endfacet
  facet normal 0 -0.442357 0.896839
    outer loop
      vertex -30.525 35.4658 1.70657
      vertex -34.925 35.63 1.78756
      vertex -34.925 35.4658 1.70657
    endloop
  endfacet
  facet normal 0 -0.997851 -0.0655259
    outer loop
      vertex -34.925 36.33 3
      vertex -30.525 36.318 3.18274
      vertex -34.925 36.318 3.18274
    endloop
  endfacet
  facet normal 0 -0.997851 -0.0655259
    outer loop
      vertex -30.525 36.318 3.18274
      vertex -34.925 36.33 3
      vertex -30.525 36.33 3
    endloop
  endfacet
  facet normal 0 0.442401 -0.896817
    outer loop
      vertex -34.925 34.23 4.21243
      vertex -30.525 34.3942 4.29343
      vertex -30.525 34.23 4.21243
    endloop
  endfacet
  facet normal 0 0.442401 -0.896817
    outer loop
      vertex -30.525 34.3942 4.29343
      vertex -34.925 34.23 4.21243
      vertex -34.925 34.3942 4.29343
    endloop
  endfacet
  facet normal 0 -0.0654315 -0.997857
    outer loop
      vertex -34.925 34.93 4.4
      vertex -30.525 35.1127 4.38802
      vertex -30.525 34.93 4.4
    endloop
  endfacet
  facet normal -0 -0.0654315 -0.997857
    outer loop
      vertex -30.525 35.1127 4.38802
      vertex -34.925 34.93 4.4
      vertex -34.925 35.1127 4.38802
    endloop
  endfacet
  facet normal 0 -0.89686 0.442314
    outer loop
      vertex -34.925 36.1424 2.3
      vertex -30.525 36.2234 2.46424
      vertex -34.925 36.2234 2.46424
    endloop
  endfacet
  facet normal 0 -0.89686 0.442314
    outer loop
      vertex -30.525 36.2234 2.46424
      vertex -34.925 36.1424 2.3
      vertex -30.525 36.1424 2.3
    endloop
  endfacet
  facet normal -0 0.321316 0.946972
    outer loop
      vertex -34.925 34.5677 1.6477
      vertex -30.525 34.3942 1.70657
      vertex -30.525 34.5677 1.6477
    endloop
  endfacet
  facet normal 0 0.321316 0.946972
    outer loop
      vertex -30.525 34.3942 1.70657
      vertex -34.925 34.5677 1.6477
      vertex -34.925 34.3942 1.70657
    endloop
  endfacet
  facet normal -0 0.0654315 0.997857
    outer loop
      vertex -34.925 34.93 1.6
      vertex -30.525 34.7473 1.61198
      vertex -30.525 34.93 1.6
    endloop
  endfacet
  facet normal 0 0.0654315 0.997857
    outer loop
      vertex -30.525 34.7473 1.61198
      vertex -34.925 34.93 1.6
      vertex -34.925 34.7473 1.61198
    endloop
  endfacet
  facet normal 0 0.831579 0.555406
    outer loop
      vertex -30.525 33.8193 2.14773
      vertex -34.925 33.7176 2.3
      vertex -30.525 33.7176 2.3
    endloop
  endfacet
  facet normal 0 0.831579 0.555406
    outer loop
      vertex -34.925 33.7176 2.3
      vertex -30.525 33.8193 2.14773
      vertex -34.925 33.8193 2.14773
    endloop
  endfacet
  facet normal 0 0.980813 0.19495
    outer loop
      vertex -30.525 33.5777 2.63765
      vertex -34.925 33.542 2.81726
      vertex -30.525 33.542 2.81726
    endloop
  endfacet
  facet normal 0 0.980813 0.19495
    outer loop
      vertex -34.925 33.542 2.81726
      vertex -30.525 33.5777 2.63765
      vertex -34.925 33.5777 2.63765
    endloop
  endfacet
  facet normal 0 -0.946872 0.321612
    outer loop
      vertex -34.925 36.2234 2.46424
      vertex -30.525 36.2823 2.63765
      vertex -34.925 36.2823 2.63765
    endloop
  endfacet
  facet normal 0 -0.946872 0.321612
    outer loop
      vertex -30.525 36.2823 2.63765
      vertex -34.925 36.2234 2.46424
      vertex -30.525 36.2234 2.46424
    endloop
  endfacet
  facet normal -0 0.195066 0.98079
    outer loop
      vertex -34.925 34.7473 1.61198
      vertex -30.525 34.5677 1.6477
      vertex -30.525 34.7473 1.61198
    endloop
  endfacet
  facet normal 0 0.195066 0.98079
    outer loop
      vertex -30.525 34.5677 1.6477
      vertex -34.925 34.7473 1.61198
      vertex -34.925 34.5677 1.6477
    endloop
  endfacet
  facet normal 0 -0.831579 0.555406
    outer loop
      vertex -34.925 36.0407 2.14773
      vertex -30.525 36.1424 2.3
      vertex -34.925 36.1424 2.3
    endloop
  endfacet
  facet normal 0 -0.831579 0.555406
    outer loop
      vertex -30.525 36.1424 2.3
      vertex -34.925 36.0407 2.14773
      vertex -30.525 36.0407 2.14773
    endloop
  endfacet
  facet normal 0 0.659285 -0.751893
    outer loop
      vertex -34.925 33.94 3.98995
      vertex -30.525 34.0777 4.11069
      vertex -30.525 33.94 3.98995
    endloop
  endfacet
  facet normal 0 0.659285 -0.751893
    outer loop
      vertex -30.525 34.0777 4.11069
      vertex -34.925 33.94 3.98995
      vertex -34.925 34.0777 4.11069
    endloop
  endfacet
  facet normal 0 0.946872 -0.321612
    outer loop
      vertex -30.525 33.5777 3.36235
      vertex -34.925 33.6366 3.53576
      vertex -30.525 33.6366 3.53576
    endloop
  endfacet
  facet normal 0 0.946872 -0.321612
    outer loop
      vertex -34.925 33.6366 3.53576
      vertex -30.525 33.5777 3.36235
      vertex -34.925 33.5777 3.36235
    endloop
  endfacet
  facet normal 0 -0.980813 0.19495
    outer loop
      vertex -34.925 36.2823 2.63765
      vertex -30.525 36.318 2.81726
      vertex -34.925 36.318 2.81726
    endloop
  endfacet
  facet normal 0 -0.980813 0.19495
    outer loop
      vertex -30.525 36.318 2.81726
      vertex -34.925 36.2823 2.63765
      vertex -30.525 36.2823 2.63765
    endloop
  endfacet
  facet normal 0 0.89686 -0.442314
    outer loop
      vertex -30.525 33.6366 3.53576
      vertex -34.925 33.7176 3.7
      vertex -30.525 33.7176 3.7
    endloop
  endfacet
  facet normal 0 0.89686 -0.442314
    outer loop
      vertex -34.925 33.7176 3.7
      vertex -30.525 33.6366 3.53576
      vertex -34.925 33.6366 3.53576
    endloop
  endfacet
  facet normal 0 0.0654315 -0.997857
    outer loop
      vertex -34.925 34.7473 4.38802
      vertex -30.525 34.93 4.4
      vertex -30.525 34.7473 4.38802
    endloop
  endfacet
  facet normal 0 0.0654315 -0.997857
    outer loop
      vertex -30.525 34.93 4.4
      vertex -34.925 34.7473 4.38802
      vertex -34.925 34.93 4.4
    endloop
  endfacet
  facet normal 0 -0.89686 -0.442314
    outer loop
      vertex -34.925 36.2234 3.53576
      vertex -30.525 36.1424 3.7
      vertex -34.925 36.1424 3.7
    endloop
  endfacet
  facet normal 0 -0.89686 -0.442314
    outer loop
      vertex -30.525 36.1424 3.7
      vertex -34.925 36.2234 3.53576
      vertex -30.525 36.2234 3.53576
    endloop
  endfacet
  facet normal -0 0.659285 0.751893
    outer loop
      vertex -34.925 34.0777 1.88931
      vertex -30.525 33.94 2.01005
      vertex -30.525 34.0777 1.88931
    endloop
  endfacet
  facet normal 0 0.659285 0.751893
    outer loop
      vertex -30.525 33.94 2.01005
      vertex -34.925 34.0777 1.88931
      vertex -34.925 33.94 2.01005
    endloop
  endfacet
  facet normal 0 -0.751683 -0.659524
    outer loop
      vertex -34.925 36.0407 3.85227
      vertex -30.525 35.9199 3.98995
      vertex -34.925 35.9199 3.98995
    endloop
  endfacet
  facet normal 0 -0.751683 -0.659524
    outer loop
      vertex -30.525 35.9199 3.98995
      vertex -34.925 36.0407 3.85227
      vertex -30.525 36.0407 3.85227
    endloop
  endfacet
  facet normal 0 -0.980813 -0.19495
    outer loop
      vertex -34.925 36.318 3.18274
      vertex -30.525 36.2823 3.36235
      vertex -34.925 36.2823 3.36235
    endloop
  endfacet
  facet normal 0 -0.980813 -0.19495
    outer loop
      vertex -30.525 36.2823 3.36235
      vertex -34.925 36.318 3.18274
      vertex -30.525 36.318 3.18274
    endloop
  endfacet
  facet normal 0 0.980813 -0.19495
    outer loop
      vertex -30.525 33.542 3.18274
      vertex -34.925 33.5777 3.36235
      vertex -30.525 33.5777 3.36235
    endloop
  endfacet
  facet normal 0 0.980813 -0.19495
    outer loop
      vertex -34.925 33.5777 3.36235
      vertex -30.525 33.542 3.18274
      vertex -34.925 33.542 3.18274
    endloop
  endfacet
  facet normal 0 -0.195066 0.98079
    outer loop
      vertex -34.925 35.2923 1.6477
      vertex -30.525 35.1127 1.61198
      vertex -30.525 35.2923 1.6477
    endloop
  endfacet
  facet normal 0 -0.195066 0.98079
    outer loop
      vertex -30.525 35.1127 1.61198
      vertex -34.925 35.2923 1.6477
      vertex -34.925 35.1127 1.61198
    endloop
  endfacet
  facet normal -0 0.442357 0.896839
    outer loop
      vertex -34.925 34.3942 1.70657
      vertex -30.525 34.23 1.78756
      vertex -30.525 34.3942 1.70657
    endloop
  endfacet
  facet normal 0 0.442357 0.896839
    outer loop
      vertex -30.525 34.23 1.78756
      vertex -34.925 34.3942 1.70657
      vertex -34.925 34.23 1.78756
    endloop
  endfacet
  facet normal 0 0.831579 -0.555406
    outer loop
      vertex -30.525 33.7176 3.7
      vertex -34.925 33.8193 3.85227
      vertex -30.525 33.8193 3.85227
    endloop
  endfacet
  facet normal 0 0.831579 -0.555406
    outer loop
      vertex -34.925 33.8193 3.85227
      vertex -30.525 33.7176 3.7
      vertex -34.925 33.7176 3.7
    endloop
  endfacet
  facet normal 0 0.997851 0.0655259
    outer loop
      vertex -30.525 33.542 2.81726
      vertex -34.925 33.53 3
      vertex -30.525 33.53 3
    endloop
  endfacet
  facet normal 0 0.997851 0.0655259
    outer loop
      vertex -34.925 33.53 3
      vertex -30.525 33.542 2.81726
      vertex -34.925 33.542 2.81726
    endloop
  endfacet
  facet normal 0 0.997851 -0.0655259
    outer loop
      vertex -30.525 33.53 3
      vertex -34.925 33.542 3.18274
      vertex -30.525 33.542 3.18274
    endloop
  endfacet
  facet normal 0 0.997851 -0.0655259
    outer loop
      vertex -34.925 33.542 3.18274
      vertex -30.525 33.53 3
      vertex -34.925 33.53 3
    endloop
  endfacet
  facet normal 0 -0.831579 -0.555406
    outer loop
      vertex -34.925 36.1424 3.7
      vertex -30.525 36.0407 3.85227
      vertex -34.925 36.0407 3.85227
    endloop
  endfacet
  facet normal 0 -0.831579 -0.555406
    outer loop
      vertex -30.525 36.0407 3.85227
      vertex -34.925 36.1424 3.7
      vertex -30.525 36.1424 3.7
    endloop
  endfacet
  facet normal 0 0.751954 0.659216
    outer loop
      vertex -30.525 33.94 2.01005
      vertex -34.925 33.8193 2.14773
      vertex -30.525 33.8193 2.14773
    endloop
  endfacet
  facet normal 0 0.751954 0.659216
    outer loop
      vertex -34.925 33.8193 2.14773
      vertex -30.525 33.94 2.01005
      vertex -34.925 33.94 2.01005
    endloop
  endfacet
  facet normal -0 0.555519 0.831504
    outer loop
      vertex -34.925 34.23 1.78756
      vertex -30.525 34.0777 1.88931
      vertex -30.525 34.23 1.78756
    endloop
  endfacet
  facet normal 0 0.555519 0.831504
    outer loop
      vertex -30.525 34.0777 1.88931
      vertex -34.925 34.23 1.78756
      vertex -34.925 34.0777 1.88931
    endloop
  endfacet
  facet normal 0 -0.321316 -0.946972
    outer loop
      vertex -34.925 35.2923 4.3523
      vertex -30.525 35.4658 4.29343
      vertex -30.525 35.2923 4.3523
    endloop
  endfacet
  facet normal -0 -0.321316 -0.946972
    outer loop
      vertex -30.525 35.4658 4.29343
      vertex -34.925 35.2923 4.3523
      vertex -34.925 35.4658 4.29343
    endloop
  endfacet
  facet normal 0 0.555481 -0.831529
    outer loop
      vertex -34.925 34.0777 4.11069
      vertex -30.525 34.23 4.21243
      vertex -30.525 34.0777 4.11069
    endloop
  endfacet
  facet normal 0 0.555481 -0.831529
    outer loop
      vertex -30.525 34.23 4.21243
      vertex -34.925 34.0777 4.11069
      vertex -34.925 34.23 4.21243
    endloop
  endfacet
  facet normal 0 0.321316 -0.946972
    outer loop
      vertex -34.925 34.3942 4.29343
      vertex -30.525 34.5677 4.3523
      vertex -30.525 34.3942 4.29343
    endloop
  endfacet
  facet normal 0 0.321316 -0.946972
    outer loop
      vertex -30.525 34.5677 4.3523
      vertex -34.925 34.3942 4.29343
      vertex -34.925 34.5677 4.3523
    endloop
  endfacet
  facet normal 0 -0.659556 0.751656
    outer loop
      vertex -34.925 35.9199 2.01005
      vertex -30.525 35.7823 1.88931
      vertex -30.525 35.9199 2.01005
    endloop
  endfacet
  facet normal 0 -0.659556 0.751656
    outer loop
      vertex -30.525 35.7823 1.88931
      vertex -34.925 35.9199 2.01005
      vertex -34.925 35.7823 1.88931
    endloop
  endfacet
  facet normal 0 -0.751683 0.659524
    outer loop
      vertex -34.925 35.9199 2.01005
      vertex -30.525 36.0407 2.14773
      vertex -34.925 36.0407 2.14773
    endloop
  endfacet
  facet normal 0 -0.751683 0.659524
    outer loop
      vertex -30.525 36.0407 2.14773
      vertex -34.925 35.9199 2.01005
      vertex -30.525 35.9199 2.01005
    endloop
  endfacet
  facet normal 0 -0.659556 -0.751656
    outer loop
      vertex -34.925 35.7823 4.11069
      vertex -30.525 35.9199 3.98995
      vertex -30.525 35.7823 4.11069
    endloop
  endfacet
  facet normal -0 -0.659556 -0.751656
    outer loop
      vertex -30.525 35.9199 3.98995
      vertex -34.925 35.7823 4.11069
      vertex -34.925 35.9199 3.98995
    endloop
  endfacet
  facet normal 0 0.751954 -0.659216
    outer loop
      vertex -30.525 33.8193 3.85227
      vertex -34.925 33.94 3.98995
      vertex -30.525 33.94 3.98995
    endloop
  endfacet
  facet normal 0 0.751954 -0.659216
    outer loop
      vertex -34.925 33.94 3.98995
      vertex -30.525 33.8193 3.85227
      vertex -34.925 33.8193 3.85227
    endloop
  endfacet
  facet normal 0 0.195066 -0.98079
    outer loop
      vertex -34.925 34.5677 4.3523
      vertex -30.525 34.7473 4.38802
      vertex -30.525 34.5677 4.3523
    endloop
  endfacet
  facet normal 0 0.195066 -0.98079
    outer loop
      vertex -30.525 34.7473 4.38802
      vertex -34.925 34.5677 4.3523
      vertex -34.925 34.7473 4.38802
    endloop
  endfacet
  facet normal 0 -0.195066 -0.98079
    outer loop
      vertex -34.925 35.1127 4.38802
      vertex -30.525 35.2923 4.3523
      vertex -30.525 35.1127 4.38802
    endloop
  endfacet
  facet normal -0 -0.195066 -0.98079
    outer loop
      vertex -30.525 35.2923 4.3523
      vertex -34.925 35.1127 4.38802
      vertex -34.925 35.2923 4.3523
    endloop
  endfacet
  facet normal -1 0 0
    outer loop
      vertex -30.525 36.318 2.81726
      vertex -30.525 36.318 3.18274
      vertex -30.525 36.33 3
    endloop
  endfacet
  facet normal -1 0 0
    outer loop
      vertex -30.525 36.2823 2.63765
      vertex -30.525 36.318 3.18274
      vertex -30.525 36.318 2.81726
    endloop
  endfacet
  facet normal -1 0 0
    outer loop
      vertex -30.525 36.2823 2.63765
      vertex -30.525 36.2823 3.36235
      vertex -30.525 36.318 3.18274
    endloop
  endfacet
  facet normal -1 0 0
    outer loop
      vertex -30.525 36.2234 2.46424
      vertex -30.525 36.2823 3.36235
      vertex -30.525 36.2823 2.63765
    endloop
  endfacet
  facet normal -1 0 0
    outer loop
      vertex -30.525 36.2234 2.46424
      vertex -30.525 36.2234 3.53576
      vertex -30.525 36.2823 3.36235
    endloop
  endfacet
  facet normal -1 0 0
    outer loop
      vertex -30.525 36.1424 2.3
      vertex -30.525 36.2234 3.53576
      vertex -30.525 36.2234 2.46424
    endloop
  endfacet
  facet normal -1 0 0
    outer loop
      vertex -30.525 36.1424 2.3
      vertex -30.525 36.1424 3.7
      vertex -30.525 36.2234 3.53576
    endloop
  endfacet
  facet normal -1 0 0
    outer loop
      vertex -30.525 36.0407 2.14773
      vertex -30.525 36.1424 3.7
      vertex -30.525 36.1424 2.3
    endloop
  endfacet
  facet normal -1 0 0
    outer loop
      vertex -30.525 36.0407 2.14773
      vertex -30.525 36.0407 3.85227
      vertex -30.525 36.1424 3.7
    endloop
  endfacet
  facet normal -1 0 0
    outer loop
      vertex -30.525 35.9199 2.01005
      vertex -30.525 36.0407 3.85227
      vertex -30.525 36.0407 2.14773
    endloop
  endfacet
  facet normal -1 0 0
    outer loop
      vertex -30.525 35.9199 2.01005
      vertex -30.525 35.9199 3.98995
      vertex -30.525 36.0407 3.85227
    endloop
  endfacet
  facet normal -1 0 0
    outer loop
      vertex -30.525 35.7823 1.88931
      vertex -30.525 35.9199 3.98995
      vertex -30.525 35.9199 2.01005
    endloop
  endfacet
  facet normal -1 0 0
    outer loop
      vertex -30.525 35.7823 1.88931
      vertex -30.525 35.7823 4.11069
      vertex -30.525 35.9199 3.98995
    endloop
  endfacet
  facet normal -1 0 0
    outer loop
      vertex -30.525 35.63 1.78756
      vertex -30.525 35.7823 4.11069
      vertex -30.525 35.7823 1.88931
    endloop
  endfacet
  facet normal -1 0 0
    outer loop
      vertex -30.525 35.63 1.78756
      vertex -30.525 35.63 4.21243
      vertex -30.525 35.7823 4.11069
    endloop
  endfacet
  facet normal -1 0 0
    outer loop
      vertex -30.525 35.4658 1.70657
      vertex -30.525 35.63 4.21243
      vertex -30.525 35.63 1.78756
    endloop
  endfacet
  facet normal -1 0 0
    outer loop
      vertex -30.525 35.4658 1.70657
      vertex -30.525 35.4658 4.29343
      vertex -30.525 35.63 4.21243
    endloop
  endfacet
  facet normal -1 0 0
    outer loop
      vertex -30.525 35.2923 1.6477
      vertex -30.525 35.4658 4.29343
      vertex -30.525 35.4658 1.70657
    endloop
  endfacet
  facet normal -1 0 0
    outer loop
      vertex -30.525 35.2923 1.6477
      vertex -30.525 35.2923 4.3523
      vertex -30.525 35.4658 4.29343
    endloop
  endfacet
  facet normal -1 0 0
    outer loop
      vertex -30.525 35.1127 1.61198
      vertex -30.525 35.2923 4.3523
      vertex -30.525 35.2923 1.6477
    endloop
  endfacet
  facet normal -1 0 0
    outer loop
      vertex -30.525 35.1127 1.61198
      vertex -30.525 35.1127 4.38802
      vertex -30.525 35.2923 4.3523
    endloop
  endfacet
  facet normal -1 0 0
    outer loop
      vertex -30.525 34.93 1.6
      vertex -30.525 35.1127 4.38802
      vertex -30.525 35.1127 1.61198
    endloop
  endfacet
  facet normal -1 0 0
    outer loop
      vertex -30.525 34.93 1.6
      vertex -30.525 34.93 4.4
      vertex -30.525 35.1127 4.38802
    endloop
  endfacet
  facet normal -1 0 0
    outer loop
      vertex -30.525 34.7473 1.61198
      vertex -30.525 34.93 4.4
      vertex -30.525 34.93 1.6
    endloop
  endfacet
  facet normal -1 0 0
    outer loop
      vertex -30.525 34.7473 1.61198
      vertex -30.525 34.7473 4.38802
      vertex -30.525 34.93 4.4
    endloop
  endfacet
  facet normal -1 0 0
    outer loop
      vertex -30.525 34.5677 1.6477
      vertex -30.525 34.7473 4.38802
      vertex -30.525 34.7473 1.61198
    endloop
  endfacet
  facet normal -1 0 0
    outer loop
      vertex -30.525 34.5677 1.6477
      vertex -30.525 34.5677 4.3523
      vertex -30.525 34.7473 4.38802
    endloop
  endfacet
  facet normal -1 0 0
    outer loop
      vertex -30.525 34.3942 1.70657
      vertex -30.525 34.5677 4.3523
      vertex -30.525 34.5677 1.6477
    endloop
  endfacet
  facet normal -1 0 0
    outer loop
      vertex -30.525 34.3942 1.70657
      vertex -30.525 34.3942 4.29343
      vertex -30.525 34.5677 4.3523
    endloop
  endfacet
  facet normal -1 0 0
    outer loop
      vertex -30.525 34.23 1.78756
      vertex -30.525 34.3942 4.29343
      vertex -30.525 34.3942 1.70657
    endloop
  endfacet
  facet normal -1 0 0
    outer loop
      vertex -30.525 34.23 1.78756
      vertex -30.525 34.23 4.21243
      vertex -30.525 34.3942 4.29343
    endloop
  endfacet
  facet normal -1 0 0
    outer loop
      vertex -30.525 34.0777 1.88931
      vertex -30.525 34.23 4.21243
      vertex -30.525 34.23 1.78756
    endloop
  endfacet
  facet normal -1 0 0
    outer loop
      vertex -30.525 34.0777 1.88931
      vertex -30.525 34.0777 4.11069
      vertex -30.525 34.23 4.21243
    endloop
  endfacet
  facet normal -1 0 0
    outer loop
      vertex -30.525 33.94 2.01005
      vertex -30.525 34.0777 4.11069
      vertex -30.525 34.0777 1.88931
    endloop
  endfacet
  facet normal -1 0 0
    outer loop
      vertex -30.525 33.94 2.01005
      vertex -30.525 33.94 3.98995
      vertex -30.525 34.0777 4.11069
    endloop
  endfacet
  facet normal -1 0 0
    outer loop
      vertex -30.525 33.8193 2.14773
      vertex -30.525 33.94 3.98995
      vertex -30.525 33.94 2.01005
    endloop
  endfacet
  facet normal -1 0 0
    outer loop
      vertex -30.525 33.8193 2.14773
      vertex -30.525 33.8193 3.85227
      vertex -30.525 33.94 3.98995
    endloop
  endfacet
  facet normal -1 0 0
    outer loop
      vertex -30.525 33.7176 2.3
      vertex -30.525 33.8193 3.85227
      vertex -30.525 33.8193 2.14773
    endloop
  endfacet
  facet normal -1 0 0
    outer loop
      vertex -30.525 33.7176 2.3
      vertex -30.525 33.7176 3.7
      vertex -30.525 33.8193 3.85227
    endloop
  endfacet
  facet normal -1 0 0
    outer loop
      vertex -30.525 33.6366 2.46424
      vertex -30.525 33.7176 3.7
      vertex -30.525 33.7176 2.3
    endloop
  endfacet
  facet normal -1 0 0
    outer loop
      vertex -30.525 33.6366 2.46424
      vertex -30.525 33.6366 3.53576
      vertex -30.525 33.7176 3.7
    endloop
  endfacet
  facet normal -1 0 0
    outer loop
      vertex -30.525 33.5777 2.63765
      vertex -30.525 33.6366 3.53576
      vertex -30.525 33.6366 2.46424
    endloop
  endfacet
  facet normal -1 0 0
    outer loop
      vertex -30.525 33.5777 2.63765
      vertex -30.525 33.5777 3.36235
      vertex -30.525 33.6366 3.53576
    endloop
  endfacet
  facet normal -1 0 0
    outer loop
      vertex -30.525 33.542 2.81726
      vertex -30.525 33.5777 3.36235
      vertex -30.525 33.5777 2.63765
    endloop
  endfacet
  facet normal -1 0 0
    outer loop
      vertex -30.525 33.542 2.81726
      vertex -30.525 33.542 3.18274
      vertex -30.525 33.5777 3.36235
    endloop
  endfacet
  facet normal -1 0 -0
    outer loop
      vertex -30.525 33.542 3.18274
      vertex -30.525 33.542 2.81726
      vertex -30.525 33.53 3
    endloop
  endfacet
  facet normal 0 0.659285 -0.751893
    outer loop
      vertex -34.925 72.04 3.98995
      vertex -30.525 72.1777 4.11069
      vertex -30.525 72.04 3.98995
    endloop
  endfacet
  facet normal 0 0.659285 -0.751893
    outer loop
      vertex -30.525 72.1777 4.11069
      vertex -34.925 72.04 3.98995
      vertex -34.925 72.1777 4.11069
    endloop
  endfacet
  facet normal 0 0.980813 0.19495
    outer loop
      vertex -30.525 71.6777 2.63765
      vertex -34.925 71.642 2.81726
      vertex -30.525 71.642 2.81726
    endloop
  endfacet
  facet normal 0 0.980813 0.19495
    outer loop
      vertex -34.925 71.642 2.81726
      vertex -30.525 71.6777 2.63765
      vertex -34.925 71.6777 2.63765
    endloop
  endfacet
  facet normal 0 -0.321316 0.946972
    outer loop
      vertex -34.925 73.5658 1.70657
      vertex -30.525 73.3923 1.6477
      vertex -30.525 73.5658 1.70657
    endloop
  endfacet
  facet normal 0 -0.321316 0.946972
    outer loop
      vertex -30.525 73.3923 1.6477
      vertex -34.925 73.5658 1.70657
      vertex -34.925 73.3923 1.6477
    endloop
  endfacet
  facet normal -0 0.195066 0.98079
    outer loop
      vertex -34.925 72.8473 1.61198
      vertex -30.525 72.6677 1.6477
      vertex -30.525 72.8473 1.61198
    endloop
  endfacet
  facet normal 0 0.195066 0.98079
    outer loop
      vertex -30.525 72.6677 1.6477
      vertex -34.925 72.8473 1.61198
      vertex -34.925 72.6677 1.6477
    endloop
  endfacet
  facet normal 0 0.997851 0.0655259
    outer loop
      vertex -30.525 71.642 2.81726
      vertex -34.925 71.63 3
      vertex -30.525 71.63 3
    endloop
  endfacet
  facet normal 0 0.997851 0.0655259
    outer loop
      vertex -34.925 71.63 3
      vertex -30.525 71.642 2.81726
      vertex -34.925 71.642 2.81726
    endloop
  endfacet
  facet normal 0 -0.980813 0.19495
    outer loop
      vertex -34.925 74.3823 2.63765
      vertex -30.525 74.418 2.81726
      vertex -34.925 74.418 2.81726
    endloop
  endfacet
  facet normal 0 -0.980813 0.19495
    outer loop
      vertex -30.525 74.418 2.81726
      vertex -34.925 74.3823 2.63765
      vertex -30.525 74.3823 2.63765
    endloop
  endfacet
  facet normal 0 -0.442357 0.896839
    outer loop
      vertex -34.925 73.73 1.78756
      vertex -30.525 73.5658 1.70657
      vertex -30.525 73.73 1.78756
    endloop
  endfacet
  facet normal 0 -0.442357 0.896839
    outer loop
      vertex -30.525 73.5658 1.70657
      vertex -34.925 73.73 1.78756
      vertex -34.925 73.5658 1.70657
    endloop
  endfacet
  facet normal 0 -0.0654315 0.997857
    outer loop
      vertex -34.925 73.2127 1.61198
      vertex -30.525 73.03 1.6
      vertex -30.525 73.2127 1.61198
    endloop
  endfacet
  facet normal 0 -0.0654315 0.997857
    outer loop
      vertex -30.525 73.03 1.6
      vertex -34.925 73.2127 1.61198
      vertex -34.925 73.03 1.6
    endloop
  endfacet
  facet normal 0 -0.195066 -0.98079
    outer loop
      vertex -34.925 73.2127 4.38802
      vertex -30.525 73.3923 4.3523
      vertex -30.525 73.2127 4.38802
    endloop
  endfacet
  facet normal -0 -0.195066 -0.98079
    outer loop
      vertex -30.525 73.3923 4.3523
      vertex -34.925 73.2127 4.38802
      vertex -34.925 73.3923 4.3523
    endloop
  endfacet
  facet normal 0 -0.831579 0.555406
    outer loop
      vertex -34.925 74.1407 2.14773
      vertex -30.525 74.2424 2.3
      vertex -34.925 74.2424 2.3
    endloop
  endfacet
  facet normal 0 -0.831579 0.555406
    outer loop
      vertex -30.525 74.2424 2.3
      vertex -34.925 74.1407 2.14773
      vertex -30.525 74.1407 2.14773
    endloop
  endfacet
  facet normal 0 -0.751954 0.659216
    outer loop
      vertex -34.925 74.02 2.01005
      vertex -30.525 74.1407 2.14773
      vertex -34.925 74.1407 2.14773
    endloop
  endfacet
  facet normal 0 -0.751954 0.659216
    outer loop
      vertex -30.525 74.1407 2.14773
      vertex -34.925 74.02 2.01005
      vertex -30.525 74.02 2.01005
    endloop
  endfacet
  facet normal 0 -0.89686 -0.442314
    outer loop
      vertex -34.925 74.3234 3.53576
      vertex -30.525 74.2424 3.7
      vertex -34.925 74.2424 3.7
    endloop
  endfacet
  facet normal 0 -0.89686 -0.442314
    outer loop
      vertex -30.525 74.2424 3.7
      vertex -34.925 74.3234 3.53576
      vertex -30.525 74.3234 3.53576
    endloop
  endfacet
  facet normal 0 0.555481 -0.831529
    outer loop
      vertex -34.925 72.1777 4.11069
      vertex -30.525 72.33 4.21243
      vertex -30.525 72.1777 4.11069
    endloop
  endfacet
  facet normal 0 0.555481 -0.831529
    outer loop
      vertex -30.525 72.33 4.21243
      vertex -34.925 72.1777 4.11069
      vertex -34.925 72.33 4.21243
    endloop
  endfacet
  facet normal 0 0.442401 -0.896817
    outer loop
      vertex -34.925 72.33 4.21243
      vertex -30.525 72.4942 4.29343
      vertex -30.525 72.33 4.21243
    endloop
  endfacet
  facet normal 0 0.442401 -0.896817
    outer loop
      vertex -30.525 72.4942 4.29343
      vertex -34.925 72.33 4.21243
      vertex -34.925 72.4942 4.29343
    endloop
  endfacet
  facet normal 0 0.89686 0.442314
    outer loop
      vertex -30.525 71.8176 2.3
      vertex -34.925 71.7366 2.46424
      vertex -30.525 71.7366 2.46424
    endloop
  endfacet
  facet normal 0 0.89686 0.442314
    outer loop
      vertex -34.925 71.7366 2.46424
      vertex -30.525 71.8176 2.3
      vertex -34.925 71.8176 2.3
    endloop
  endfacet
  facet normal -0 0.442357 0.896839
    outer loop
      vertex -34.925 72.4942 1.70657
      vertex -30.525 72.33 1.78756
      vertex -30.525 72.4942 1.70657
    endloop
  endfacet
  facet normal 0 0.442357 0.896839
    outer loop
      vertex -30.525 72.33 1.78756
      vertex -34.925 72.4942 1.70657
      vertex -34.925 72.33 1.78756
    endloop
  endfacet
  facet normal -0 0.659285 0.751893
    outer loop
      vertex -34.925 72.1777 1.88931
      vertex -30.525 72.04 2.01005
      vertex -30.525 72.1777 1.88931
    endloop
  endfacet
  facet normal 0 0.659285 0.751893
    outer loop
      vertex -30.525 72.04 2.01005
      vertex -34.925 72.1777 1.88931
      vertex -34.925 72.04 2.01005
    endloop
  endfacet
  facet normal -0 0.0654315 0.997857
    outer loop
      vertex -34.925 73.03 1.6
      vertex -30.525 72.8473 1.61198
      vertex -30.525 73.03 1.6
    endloop
  endfacet
  facet normal 0 0.0654315 0.997857
    outer loop
      vertex -30.525 72.8473 1.61198
      vertex -34.925 73.03 1.6
      vertex -34.925 72.8473 1.61198
    endloop
  endfacet
  facet normal 0 -0.89686 0.442314
    outer loop
      vertex -34.925 74.2424 2.3
      vertex -30.525 74.3234 2.46424
      vertex -34.925 74.3234 2.46424
    endloop
  endfacet
  facet normal 0 -0.89686 0.442314
    outer loop
      vertex -30.525 74.3234 2.46424
      vertex -34.925 74.2424 2.3
      vertex -30.525 74.2424 2.3
    endloop
  endfacet
  facet normal 0 -0.659285 -0.751893
    outer loop
      vertex -34.925 73.8823 4.11069
      vertex -30.525 74.02 3.98995
      vertex -30.525 73.8823 4.11069
    endloop
  endfacet
  facet normal -0 -0.659285 -0.751893
    outer loop
      vertex -30.525 74.02 3.98995
      vertex -34.925 73.8823 4.11069
      vertex -34.925 74.02 3.98995
    endloop
  endfacet
  facet normal 0 0.751954 0.659216
    outer loop
      vertex -30.525 72.04 2.01005
      vertex -34.925 71.9193 2.14773
      vertex -30.525 71.9193 2.14773
    endloop
  endfacet
  facet normal 0 0.751954 0.659216
    outer loop
      vertex -34.925 71.9193 2.14773
      vertex -30.525 72.04 2.01005
      vertex -34.925 72.04 2.01005
    endloop
  endfacet
  facet normal 0 0.980813 -0.19495
    outer loop
      vertex -30.525 71.642 3.18274
      vertex -34.925 71.6777 3.36235
      vertex -30.525 71.6777 3.36235
    endloop
  endfacet
  facet normal 0 0.980813 -0.19495
    outer loop
      vertex -34.925 71.6777 3.36235
      vertex -30.525 71.642 3.18274
      vertex -34.925 71.642 3.18274
    endloop
  endfacet
  facet normal 0 -0.555519 0.831504
    outer loop
      vertex -34.925 73.8823 1.88931
      vertex -30.525 73.73 1.78756
      vertex -30.525 73.8823 1.88931
    endloop
  endfacet
  facet normal 0 -0.555519 0.831504
    outer loop
      vertex -30.525 73.73 1.78756
      vertex -34.925 73.8823 1.88931
      vertex -34.925 73.73 1.78756
    endloop
  endfacet
  facet normal 0 0.321316 -0.946972
    outer loop
      vertex -34.925 72.4942 4.29343
      vertex -30.525 72.6677 4.3523
      vertex -30.525 72.4942 4.29343
    endloop
  endfacet
  facet normal 0 0.321316 -0.946972
    outer loop
      vertex -30.525 72.6677 4.3523
      vertex -34.925 72.4942 4.29343
      vertex -34.925 72.6677 4.3523
    endloop
  endfacet
  facet normal 0 -0.442401 -0.896817
    outer loop
      vertex -34.925 73.5658 4.29343
      vertex -30.525 73.73 4.21243
      vertex -30.525 73.5658 4.29343
    endloop
  endfacet
  facet normal -0 -0.442401 -0.896817
    outer loop
      vertex -30.525 73.73 4.21243
      vertex -34.925 73.5658 4.29343
      vertex -34.925 73.73 4.21243
    endloop
  endfacet
  facet normal 0 0.831579 0.555406
    outer loop
      vertex -30.525 71.9193 2.14773
      vertex -34.925 71.8176 2.3
      vertex -30.525 71.8176 2.3
    endloop
  endfacet
  facet normal 0 0.831579 0.555406
    outer loop
      vertex -34.925 71.8176 2.3
      vertex -30.525 71.9193 2.14773
      vertex -34.925 71.9193 2.14773
    endloop
  endfacet
  facet normal 0 -0.831579 -0.555406
    outer loop
      vertex -34.925 74.2424 3.7
      vertex -30.525 74.1407 3.85227
      vertex -34.925 74.1407 3.85227
    endloop
  endfacet
  facet normal 0 -0.831579 -0.555406
    outer loop
      vertex -30.525 74.1407 3.85227
      vertex -34.925 74.2424 3.7
      vertex -30.525 74.2424 3.7
    endloop
  endfacet
  facet normal 0 -0.659285 0.751893
    outer loop
      vertex -34.925 74.02 2.01005
      vertex -30.525 73.8823 1.88931
      vertex -30.525 74.02 2.01005
    endloop
  endfacet
  facet normal 0 -0.659285 0.751893
    outer loop
      vertex -30.525 73.8823 1.88931
      vertex -34.925 74.02 2.01005
      vertex -34.925 73.8823 1.88931
    endloop
  endfacet
  facet normal 0 -0.195066 0.98079
    outer loop
      vertex -34.925 73.3923 1.6477
      vertex -30.525 73.2127 1.61198
      vertex -30.525 73.3923 1.6477
    endloop
  endfacet
  facet normal 0 -0.195066 0.98079
    outer loop
      vertex -30.525 73.2127 1.61198
      vertex -34.925 73.3923 1.6477
      vertex -34.925 73.2127 1.61198
    endloop
  endfacet
  facet normal -0 0.321316 0.946972
    outer loop
      vertex -34.925 72.6677 1.6477
      vertex -30.525 72.4942 1.70657
      vertex -30.525 72.6677 1.6477
    endloop
  endfacet
  facet normal 0 0.321316 0.946972
    outer loop
      vertex -30.525 72.4942 1.70657
      vertex -34.925 72.6677 1.6477
      vertex -34.925 72.4942 1.70657
    endloop
  endfacet
  facet normal 0 -0.997851 0.0655259
    outer loop
      vertex -34.925 74.418 2.81726
      vertex -30.525 74.43 3
      vertex -34.925 74.43 3
    endloop
  endfacet
  facet normal 0 -0.997851 0.0655259
    outer loop
      vertex -30.525 74.43 3
      vertex -34.925 74.418 2.81726
      vertex -30.525 74.418 2.81726
    endloop
  endfacet
  facet normal 0 -0.946872 -0.321612
    outer loop
      vertex -34.925 74.3823 3.36235
      vertex -30.525 74.3234 3.53576
      vertex -34.925 74.3234 3.53576
    endloop
  endfacet
  facet normal 0 -0.946872 -0.321612
    outer loop
      vertex -30.525 74.3234 3.53576
      vertex -34.925 74.3823 3.36235
      vertex -30.525 74.3823 3.36235
    endloop
  endfacet
  facet normal 0 -0.980813 -0.19495
    outer loop
      vertex -34.925 74.418 3.18274
      vertex -30.525 74.3823 3.36235
      vertex -34.925 74.3823 3.36235
    endloop
  endfacet
  facet normal 0 -0.980813 -0.19495
    outer loop
      vertex -30.525 74.3823 3.36235
      vertex -34.925 74.418 3.18274
      vertex -30.525 74.418 3.18274
    endloop
  endfacet
  facet normal 0 0.831579 -0.555406
    outer loop
      vertex -30.525 71.8176 3.7
      vertex -34.925 71.9193 3.85227
      vertex -30.525 71.9193 3.85227
    endloop
  endfacet
  facet normal 0 0.831579 -0.555406
    outer loop
      vertex -34.925 71.9193 3.85227
      vertex -30.525 71.8176 3.7
      vertex -34.925 71.8176 3.7
    endloop
  endfacet
  facet normal -0 0.555519 0.831504
    outer loop
      vertex -34.925 72.33 1.78756
      vertex -30.525 72.1777 1.88931
      vertex -30.525 72.33 1.78756
    endloop
  endfacet
  facet normal 0 0.555519 0.831504
    outer loop
      vertex -30.525 72.1777 1.88931
      vertex -34.925 72.33 1.78756
      vertex -34.925 72.1777 1.88931
    endloop
  endfacet
  facet normal 0 -0.997851 -0.0655259
    outer loop
      vertex -34.925 74.43 3
      vertex -30.525 74.418 3.18274
      vertex -34.925 74.418 3.18274
    endloop
  endfacet
  facet normal 0 -0.997851 -0.0655259
    outer loop
      vertex -30.525 74.418 3.18274
      vertex -34.925 74.43 3
      vertex -30.525 74.43 3
    endloop
  endfacet
  facet normal 0 0.751954 -0.659216
    outer loop
      vertex -30.525 71.9193 3.85227
      vertex -34.925 72.04 3.98995
      vertex -30.525 72.04 3.98995
    endloop
  endfacet
  facet normal 0 0.751954 -0.659216
    outer loop
      vertex -34.925 72.04 3.98995
      vertex -30.525 71.9193 3.85227
      vertex -34.925 71.9193 3.85227
    endloop
  endfacet
  facet normal -1 0 0
    outer loop
      vertex -30.525 74.418 2.81726
      vertex -30.525 74.418 3.18274
      vertex -30.525 74.43 3
    endloop
  endfacet
  facet normal -1 0 0
    outer loop
      vertex -30.525 74.3823 2.63765
      vertex -30.525 74.418 3.18274
      vertex -30.525 74.418 2.81726
    endloop
  endfacet
  facet normal -1 0 0
    outer loop
      vertex -30.525 74.3823 2.63765
      vertex -30.525 74.3823 3.36235
      vertex -30.525 74.418 3.18274
    endloop
  endfacet
  facet normal -1 0 0
    outer loop
      vertex -30.525 74.3234 2.46424
      vertex -30.525 74.3823 3.36235
      vertex -30.525 74.3823 2.63765
    endloop
  endfacet
  facet normal -1 0 0
    outer loop
      vertex -30.525 74.3234 2.46424
      vertex -30.525 74.3234 3.53576
      vertex -30.525 74.3823 3.36235
    endloop
  endfacet
  facet normal -1 0 0
    outer loop
      vertex -30.525 74.2424 2.3
      vertex -30.525 74.3234 3.53576
      vertex -30.525 74.3234 2.46424
    endloop
  endfacet
  facet normal -1 0 0
    outer loop
      vertex -30.525 74.2424 2.3
      vertex -30.525 74.2424 3.7
      vertex -30.525 74.3234 3.53576
    endloop
  endfacet
  facet normal -1 0 0
    outer loop
      vertex -30.525 74.1407 2.14773
      vertex -30.525 74.2424 3.7
      vertex -30.525 74.2424 2.3
    endloop
  endfacet
  facet normal -1 0 0
    outer loop
      vertex -30.525 74.1407 2.14773
      vertex -30.525 74.1407 3.85227
      vertex -30.525 74.2424 3.7
    endloop
  endfacet
  facet normal -1 0 0
    outer loop
      vertex -30.525 74.02 2.01005
      vertex -30.525 74.1407 3.85227
      vertex -30.525 74.1407 2.14773
    endloop
  endfacet
  facet normal -1 0 0
    outer loop
      vertex -30.525 74.02 2.01005
      vertex -30.525 74.02 3.98995
      vertex -30.525 74.1407 3.85227
    endloop
  endfacet
  facet normal -1 0 0
    outer loop
      vertex -30.525 73.8823 1.88931
      vertex -30.525 74.02 3.98995
      vertex -30.525 74.02 2.01005
    endloop
  endfacet
  facet normal -1 0 0
    outer loop
      vertex -30.525 73.8823 1.88931
      vertex -30.525 73.8823 4.11069
      vertex -30.525 74.02 3.98995
    endloop
  endfacet
  facet normal -1 0 0
    outer loop
      vertex -30.525 73.73 1.78756
      vertex -30.525 73.8823 4.11069
      vertex -30.525 73.8823 1.88931
    endloop
  endfacet
  facet normal -1 0 0
    outer loop
      vertex -30.525 73.73 1.78756
      vertex -30.525 73.73 4.21243
      vertex -30.525 73.8823 4.11069
    endloop
  endfacet
  facet normal -1 0 0
    outer loop
      vertex -30.525 73.5658 1.70657
      vertex -30.525 73.73 4.21243
      vertex -30.525 73.73 1.78756
    endloop
  endfacet
  facet normal -1 0 0
    outer loop
      vertex -30.525 73.5658 1.70657
      vertex -30.525 73.5658 4.29343
      vertex -30.525 73.73 4.21243
    endloop
  endfacet
  facet normal -1 0 0
    outer loop
      vertex -30.525 73.3923 1.6477
      vertex -30.525 73.5658 4.29343
      vertex -30.525 73.5658 1.70657
    endloop
  endfacet
  facet normal -1 0 0
    outer loop
      vertex -30.525 73.3923 1.6477
      vertex -30.525 73.3923 4.3523
      vertex -30.525 73.5658 4.29343
    endloop
  endfacet
  facet normal -1 0 0
    outer loop
      vertex -30.525 73.2127 1.61198
      vertex -30.525 73.3923 4.3523
      vertex -30.525 73.3923 1.6477
    endloop
  endfacet
  facet normal -1 0 0
    outer loop
      vertex -30.525 73.2127 1.61198
      vertex -30.525 73.2127 4.38802
      vertex -30.525 73.3923 4.3523
    endloop
  endfacet
  facet normal -1 0 0
    outer loop
      vertex -30.525 73.03 1.6
      vertex -30.525 73.2127 4.38802
      vertex -30.525 73.2127 1.61198
    endloop
  endfacet
  facet normal -1 0 0
    outer loop
      vertex -30.525 73.03 1.6
      vertex -30.525 73.03 4.4
      vertex -30.525 73.2127 4.38802
    endloop
  endfacet
  facet normal -1 0 0
    outer loop
      vertex -30.525 72.8473 1.61198
      vertex -30.525 73.03 4.4
      vertex -30.525 73.03 1.6
    endloop
  endfacet
  facet normal -1 0 0
    outer loop
      vertex -30.525 72.8473 1.61198
      vertex -30.525 72.8473 4.38802
      vertex -30.525 73.03 4.4
    endloop
  endfacet
  facet normal -1 0 0
    outer loop
      vertex -30.525 72.6677 1.6477
      vertex -30.525 72.8473 4.38802
      vertex -30.525 72.8473 1.61198
    endloop
  endfacet
  facet normal -1 0 0
    outer loop
      vertex -30.525 72.6677 1.6477
      vertex -30.525 72.6677 4.3523
      vertex -30.525 72.8473 4.38802
    endloop
  endfacet
  facet normal -1 0 0
    outer loop
      vertex -30.525 72.4942 1.70657
      vertex -30.525 72.6677 4.3523
      vertex -30.525 72.6677 1.6477
    endloop
  endfacet
  facet normal -1 0 0
    outer loop
      vertex -30.525 72.4942 1.70657
      vertex -30.525 72.4942 4.29343
      vertex -30.525 72.6677 4.3523
    endloop
  endfacet
  facet normal -1 0 0
    outer loop
      vertex -30.525 72.33 1.78756
      vertex -30.525 72.4942 4.29343
      vertex -30.525 72.4942 1.70657
    endloop
  endfacet
  facet normal -1 0 0
    outer loop
      vertex -30.525 72.33 1.78756
      vertex -30.525 72.33 4.21243
      vertex -30.525 72.4942 4.29343
    endloop
  endfacet
  facet normal -1 0 0
    outer loop
      vertex -30.525 72.1777 1.88931
      vertex -30.525 72.33 4.21243
      vertex -30.525 72.33 1.78756
    endloop
  endfacet
  facet normal -1 0 0
    outer loop
      vertex -30.525 72.1777 1.88931
      vertex -30.525 72.1777 4.11069
      vertex -30.525 72.33 4.21243
    endloop
  endfacet
  facet normal -1 0 0
    outer loop
      vertex -30.525 72.04 2.01005
      vertex -30.525 72.1777 4.11069
      vertex -30.525 72.1777 1.88931
    endloop
  endfacet
  facet normal -1 0 0
    outer loop
      vertex -30.525 72.04 2.01005
      vertex -30.525 72.04 3.98995
      vertex -30.525 72.1777 4.11069
    endloop
  endfacet
  facet normal -1 0 0
    outer loop
      vertex -30.525 71.9193 2.14773
      vertex -30.525 72.04 3.98995
      vertex -30.525 72.04 2.01005
    endloop
  endfacet
  facet normal -1 0 0
    outer loop
      vertex -30.525 71.9193 2.14773
      vertex -30.525 71.9193 3.85227
      vertex -30.525 72.04 3.98995
    endloop
  endfacet
  facet normal -1 0 0
    outer loop
      vertex -30.525 71.8176 2.3
      vertex -30.525 71.9193 3.85227
      vertex -30.525 71.9193 2.14773
    endloop
  endfacet
  facet normal -1 0 0
    outer loop
      vertex -30.525 71.8176 2.3
      vertex -30.525 71.8176 3.7
      vertex -30.525 71.9193 3.85227
    endloop
  endfacet
  facet normal -1 0 0
    outer loop
      vertex -30.525 71.7366 2.46424
      vertex -30.525 71.8176 3.7
      vertex -30.525 71.8176 2.3
    endloop
  endfacet
  facet normal -1 0 0
    outer loop
      vertex -30.525 71.7366 2.46424
      vertex -30.525 71.7366 3.53576
      vertex -30.525 71.8176 3.7
    endloop
  endfacet
  facet normal -1 0 0
    outer loop
      vertex -30.525 71.6777 2.63765
      vertex -30.525 71.7366 3.53576
      vertex -30.525 71.7366 2.46424
    endloop
  endfacet
  facet normal -1 0 0
    outer loop
      vertex -30.525 71.6777 2.63765
      vertex -30.525 71.6777 3.36235
      vertex -30.525 71.7366 3.53576
    endloop
  endfacet
  facet normal -1 0 0
    outer loop
      vertex -30.525 71.642 2.81726
      vertex -30.525 71.6777 3.36235
      vertex -30.525 71.6777 2.63765
    endloop
  endfacet
  facet normal -1 0 0
    outer loop
      vertex -30.525 71.642 2.81726
      vertex -30.525 71.642 3.18274
      vertex -30.525 71.6777 3.36235
    endloop
  endfacet
  facet normal -1 0 -0
    outer loop
      vertex -30.525 71.642 3.18274
      vertex -30.525 71.642 2.81726
      vertex -30.525 71.63 3
    endloop
  endfacet
  facet normal 0 -0.946872 0.321612
    outer loop
      vertex -34.925 74.3234 2.46424
      vertex -30.525 74.3823 2.63765
      vertex -34.925 74.3823 2.63765
    endloop
  endfacet
  facet normal 0 -0.946872 0.321612
    outer loop
      vertex -30.525 74.3823 2.63765
      vertex -34.925 74.3234 2.46424
      vertex -30.525 74.3234 2.46424
    endloop
  endfacet
  facet normal 0 -0.751954 -0.659216
    outer loop
      vertex -34.925 74.1407 3.85227
      vertex -30.525 74.02 3.98995
      vertex -34.925 74.02 3.98995
    endloop
  endfacet
  facet normal 0 -0.751954 -0.659216
    outer loop
      vertex -30.525 74.02 3.98995
      vertex -34.925 74.1407 3.85227
      vertex -30.525 74.1407 3.85227
    endloop
  endfacet
  facet normal 0 0.0654315 -0.997857
    outer loop
      vertex -34.925 72.8473 4.38802
      vertex -30.525 73.03 4.4
      vertex -30.525 72.8473 4.38802
    endloop
  endfacet
  facet normal 0 0.0654315 -0.997857
    outer loop
      vertex -30.525 73.03 4.4
      vertex -34.925 72.8473 4.38802
      vertex -34.925 73.03 4.4
    endloop
  endfacet
  facet normal 0 -0.555481 -0.831529
    outer loop
      vertex -34.925 73.73 4.21243
      vertex -30.525 73.8823 4.11069
      vertex -30.525 73.73 4.21243
    endloop
  endfacet
  facet normal -0 -0.555481 -0.831529
    outer loop
      vertex -30.525 73.8823 4.11069
      vertex -34.925 73.73 4.21243
      vertex -34.925 73.8823 4.11069
    endloop
  endfacet
  facet normal 0 0.946872 0.321612
    outer loop
      vertex -30.525 71.7366 2.46424
      vertex -34.925 71.6777 2.63765
      vertex -30.525 71.6777 2.63765
    endloop
  endfacet
  facet normal 0 0.946872 0.321612
    outer loop
      vertex -34.925 71.6777 2.63765
      vertex -30.525 71.7366 2.46424
      vertex -34.925 71.7366 2.46424
    endloop
  endfacet
  facet normal 0 0.195066 -0.98079
    outer loop
      vertex -34.925 72.6677 4.3523
      vertex -30.525 72.8473 4.38802
      vertex -30.525 72.6677 4.3523
    endloop
  endfacet
  facet normal 0 0.195066 -0.98079
    outer loop
      vertex -30.525 72.8473 4.38802
      vertex -34.925 72.6677 4.3523
      vertex -34.925 72.8473 4.38802
    endloop
  endfacet
  facet normal 0 -0.0654315 -0.997857
    outer loop
      vertex -34.925 73.03 4.4
      vertex -30.525 73.2127 4.38802
      vertex -30.525 73.03 4.4
    endloop
  endfacet
  facet normal -0 -0.0654315 -0.997857
    outer loop
      vertex -30.525 73.2127 4.38802
      vertex -34.925 73.03 4.4
      vertex -34.925 73.2127 4.38802
    endloop
  endfacet
  facet normal 0 -0.321316 -0.946972
    outer loop
      vertex -34.925 73.3923 4.3523
      vertex -30.525 73.5658 4.29343
      vertex -30.525 73.3923 4.3523
    endloop
  endfacet
  facet normal -0 -0.321316 -0.946972
    outer loop
      vertex -30.525 73.5658 4.29343
      vertex -34.925 73.3923 4.3523
      vertex -34.925 73.5658 4.29343
    endloop
  endfacet
  facet normal 0 0.997851 -0.0655259
    outer loop
      vertex -30.525 71.63 3
      vertex -34.925 71.642 3.18274
      vertex -30.525 71.642 3.18274
    endloop
  endfacet
  facet normal 0 0.997851 -0.0655259
    outer loop
      vertex -34.925 71.642 3.18274
      vertex -30.525 71.63 3
      vertex -34.925 71.63 3
    endloop
  endfacet
  facet normal 0 0.89686 -0.442314
    outer loop
      vertex -30.525 71.7366 3.53576
      vertex -34.925 71.8176 3.7
      vertex -30.525 71.8176 3.7
    endloop
  endfacet
  facet normal 0 0.89686 -0.442314
    outer loop
      vertex -34.925 71.8176 3.7
      vertex -30.525 71.7366 3.53576
      vertex -34.925 71.7366 3.53576
    endloop
  endfacet
  facet normal 0 0.946872 -0.321612
    outer loop
      vertex -30.525 71.6777 3.36235
      vertex -34.925 71.7366 3.53576
      vertex -30.525 71.7366 3.53576
    endloop
  endfacet
  facet normal 0 0.946872 -0.321612
    outer loop
      vertex -34.925 71.7366 3.53576
      vertex -30.525 71.6777 3.36235
      vertex -34.925 71.6777 3.36235
    endloop
  endfacet
  facet normal -0 0.195066 0.98079
    outer loop
      vertex 30.525 13.8173 1.61198
      vertex 34.925 13.6377 1.6477
      vertex 34.925 13.8173 1.61198
    endloop
  endfacet
  facet normal 0 0.195066 0.98079
    outer loop
      vertex 34.925 13.6377 1.6477
      vertex 30.525 13.8173 1.61198
      vertex 30.525 13.6377 1.6477
    endloop
  endfacet
  facet normal 0 0.946872 0.321612
    outer loop
      vertex 34.925 12.7066 2.46424
      vertex 30.525 12.6477 2.63765
      vertex 34.925 12.6477 2.63765
    endloop
  endfacet
  facet normal 0 0.946872 0.321612
    outer loop
      vertex 30.525 12.6477 2.63765
      vertex 34.925 12.7066 2.46424
      vertex 30.525 12.7066 2.46424
    endloop
  endfacet
  facet normal 0 -0.0654315 -0.997857
    outer loop
      vertex 30.525 14 4.4
      vertex 34.925 14.1827 4.38802
      vertex 34.925 14 4.4
    endloop
  endfacet
  facet normal -0 -0.0654315 -0.997857
    outer loop
      vertex 34.925 14.1827 4.38802
      vertex 30.525 14 4.4
      vertex 30.525 14.1827 4.38802
    endloop
  endfacet
  facet normal 0 -0.997851 0.0655259
    outer loop
      vertex 30.525 15.388 2.81726
      vertex 34.925 15.4 3
      vertex 30.525 15.4 3
    endloop
  endfacet
  facet normal 0 -0.997851 0.0655259
    outer loop
      vertex 34.925 15.4 3
      vertex 30.525 15.388 2.81726
      vertex 34.925 15.388 2.81726
    endloop
  endfacet
  facet normal 0 0.946872 -0.321612
    outer loop
      vertex 34.925 12.6477 3.36235
      vertex 30.525 12.7066 3.53576
      vertex 34.925 12.7066 3.53576
    endloop
  endfacet
  facet normal 0 0.946872 -0.321612
    outer loop
      vertex 30.525 12.7066 3.53576
      vertex 34.925 12.6477 3.36235
      vertex 30.525 12.6477 3.36235
    endloop
  endfacet
  facet normal 0 0.0654315 -0.997857
    outer loop
      vertex 30.525 13.8173 4.38802
      vertex 34.925 14 4.4
      vertex 34.925 13.8173 4.38802
    endloop
  endfacet
  facet normal 0 0.0654315 -0.997857
    outer loop
      vertex 34.925 14 4.4
      vertex 30.525 13.8173 4.38802
      vertex 30.525 14 4.4
    endloop
  endfacet
  facet normal 0 -0.659556 0.751656
    outer loop
      vertex 30.525 14.9899 2.01005
      vertex 34.925 14.8523 1.88931
      vertex 34.925 14.9899 2.01005
    endloop
  endfacet
  facet normal 0 -0.659556 0.751656
    outer loop
      vertex 34.925 14.8523 1.88931
      vertex 30.525 14.9899 2.01005
      vertex 30.525 14.8523 1.88931
    endloop
  endfacet
  facet normal 0 -0.0654315 0.997857
    outer loop
      vertex 30.525 14.1827 1.61198
      vertex 34.925 14 1.6
      vertex 34.925 14.1827 1.61198
    endloop
  endfacet
  facet normal 0 -0.0654315 0.997857
    outer loop
      vertex 34.925 14 1.6
      vertex 30.525 14.1827 1.61198
      vertex 30.525 14 1.6
    endloop
  endfacet
  facet normal 0 0.195066 -0.98079
    outer loop
      vertex 30.525 13.6377 4.3523
      vertex 34.925 13.8173 4.38802
      vertex 34.925 13.6377 4.3523
    endloop
  endfacet
  facet normal 0 0.195066 -0.98079
    outer loop
      vertex 34.925 13.8173 4.38802
      vertex 30.525 13.6377 4.3523
      vertex 30.525 13.8173 4.38802
    endloop
  endfacet
  facet normal 0 0.442401 -0.896817
    outer loop
      vertex 30.525 13.3 4.21243
      vertex 34.925 13.4642 4.29343
      vertex 34.925 13.3 4.21243
    endloop
  endfacet
  facet normal 0 0.442401 -0.896817
    outer loop
      vertex 34.925 13.4642 4.29343
      vertex 30.525 13.3 4.21243
      vertex 30.525 13.4642 4.29343
    endloop
  endfacet
  facet normal 0 -0.321316 -0.946972
    outer loop
      vertex 30.525 14.3623 4.3523
      vertex 34.925 14.5358 4.29343
      vertex 34.925 14.3623 4.3523
    endloop
  endfacet
  facet normal -0 -0.321316 -0.946972
    outer loop
      vertex 34.925 14.5358 4.29343
      vertex 30.525 14.3623 4.3523
      vertex 30.525 14.5358 4.29343
    endloop
  endfacet
  facet normal -0 0.321316 0.946972
    outer loop
      vertex 30.525 13.6377 1.6477
      vertex 34.925 13.4642 1.70657
      vertex 34.925 13.6377 1.6477
    endloop
  endfacet
  facet normal 0 0.321316 0.946972
    outer loop
      vertex 34.925 13.4642 1.70657
      vertex 30.525 13.6377 1.6477
      vertex 30.525 13.4642 1.70657
    endloop
  endfacet
  facet normal -0 0.442357 0.896839
    outer loop
      vertex 30.525 13.4642 1.70657
      vertex 34.925 13.3 1.78756
      vertex 34.925 13.4642 1.70657
    endloop
  endfacet
  facet normal 0 0.442357 0.896839
    outer loop
      vertex 34.925 13.3 1.78756
      vertex 30.525 13.4642 1.70657
      vertex 30.525 13.3 1.78756
    endloop
  endfacet
  facet normal 0 -0.946872 0.321612
    outer loop
      vertex 30.525 15.2934 2.46424
      vertex 34.925 15.3523 2.63765
      vertex 30.525 15.3523 2.63765
    endloop
  endfacet
  facet normal 0 -0.946872 0.321612
    outer loop
      vertex 34.925 15.3523 2.63765
      vertex 30.525 15.2934 2.46424
      vertex 34.925 15.2934 2.46424
    endloop
  endfacet
  facet normal 0 -0.89686 0.442314
    outer loop
      vertex 30.525 15.2124 2.3
      vertex 34.925 15.2934 2.46424
      vertex 30.525 15.2934 2.46424
    endloop
  endfacet
  facet normal 0 -0.89686 0.442314
    outer loop
      vertex 34.925 15.2934 2.46424
      vertex 30.525 15.2124 2.3
      vertex 34.925 15.2124 2.3
    endloop
  endfacet
  facet normal 0 -0.442401 -0.896817
    outer loop
      vertex 30.525 14.5358 4.29343
      vertex 34.925 14.7 4.21243
      vertex 34.925 14.5358 4.29343
    endloop
  endfacet
  facet normal -0 -0.442401 -0.896817
    outer loop
      vertex 34.925 14.7 4.21243
      vertex 30.525 14.5358 4.29343
      vertex 30.525 14.7 4.21243
    endloop
  endfacet
  facet normal 0 -0.89686 -0.442314
    outer loop
      vertex 30.525 15.2934 3.53576
      vertex 34.925 15.2124 3.7
      vertex 30.525 15.2124 3.7
    endloop
  endfacet
  facet normal 0 -0.89686 -0.442314
    outer loop
      vertex 34.925 15.2124 3.7
      vertex 30.525 15.2934 3.53576
      vertex 34.925 15.2934 3.53576
    endloop
  endfacet
  facet normal 0 0.89686 -0.442314
    outer loop
      vertex 34.925 12.7066 3.53576
      vertex 30.525 12.7876 3.7
      vertex 34.925 12.7876 3.7
    endloop
  endfacet
  facet normal 0 0.89686 -0.442314
    outer loop
      vertex 30.525 12.7876 3.7
      vertex 34.925 12.7066 3.53576
      vertex 30.525 12.7066 3.53576
    endloop
  endfacet
  facet normal 0 0.980813 -0.19495
    outer loop
      vertex 34.925 12.612 3.18274
      vertex 30.525 12.6477 3.36235
      vertex 34.925 12.6477 3.36235
    endloop
  endfacet
  facet normal 0 0.980813 -0.19495
    outer loop
      vertex 30.525 12.6477 3.36235
      vertex 34.925 12.612 3.18274
      vertex 30.525 12.612 3.18274
    endloop
  endfacet
  facet normal -0 0.659285 0.751893
    outer loop
      vertex 30.525 13.1477 1.88931
      vertex 34.925 13.01 2.01005
      vertex 34.925 13.1477 1.88931
    endloop
  endfacet
  facet normal 0 0.659285 0.751893
    outer loop
      vertex 34.925 13.01 2.01005
      vertex 30.525 13.1477 1.88931
      vertex 30.525 13.01 2.01005
    endloop
  endfacet
  facet normal 0 -0.751683 -0.659524
    outer loop
      vertex 30.525 15.1107 3.85227
      vertex 34.925 14.9899 3.98995
      vertex 30.525 14.9899 3.98995
    endloop
  endfacet
  facet normal 0 -0.751683 -0.659524
    outer loop
      vertex 34.925 14.9899 3.98995
      vertex 30.525 15.1107 3.85227
      vertex 34.925 15.1107 3.85227
    endloop
  endfacet
  facet normal 0 0.89686 0.442314
    outer loop
      vertex 34.925 12.7876 2.3
      vertex 30.525 12.7066 2.46424
      vertex 34.925 12.7066 2.46424
    endloop
  endfacet
  facet normal 0 0.89686 0.442314
    outer loop
      vertex 30.525 12.7066 2.46424
      vertex 34.925 12.7876 2.3
      vertex 30.525 12.7876 2.3
    endloop
  endfacet
  facet normal 0 -0.946872 -0.321612
    outer loop
      vertex 30.525 15.3523 3.36235
      vertex 34.925 15.2934 3.53576
      vertex 30.525 15.2934 3.53576
    endloop
  endfacet
  facet normal 0 -0.946872 -0.321612
    outer loop
      vertex 34.925 15.2934 3.53576
      vertex 30.525 15.3523 3.36235
      vertex 34.925 15.3523 3.36235
    endloop
  endfacet
  facet normal 0 -0.555519 0.831504
    outer loop
      vertex 30.525 14.8523 1.88931
      vertex 34.925 14.7 1.78756
      vertex 34.925 14.8523 1.88931
    endloop
  endfacet
  facet normal 0 -0.555519 0.831504
    outer loop
      vertex 34.925 14.7 1.78756
      vertex 30.525 14.8523 1.88931
      vertex 30.525 14.7 1.78756
    endloop
  endfacet
  facet normal 0 -0.751683 0.659524
    outer loop
      vertex 30.525 14.9899 2.01005
      vertex 34.925 15.1107 2.14773
      vertex 30.525 15.1107 2.14773
    endloop
  endfacet
  facet normal 0 -0.751683 0.659524
    outer loop
      vertex 34.925 15.1107 2.14773
      vertex 30.525 14.9899 2.01005
      vertex 34.925 14.9899 2.01005
    endloop
  endfacet
  facet normal 0 -0.831579 0.555406
    outer loop
      vertex 30.525 15.1107 2.14773
      vertex 34.925 15.2124 2.3
      vertex 30.525 15.2124 2.3
    endloop
  endfacet
  facet normal 0 -0.831579 0.555406
    outer loop
      vertex 34.925 15.2124 2.3
      vertex 30.525 15.1107 2.14773
      vertex 34.925 15.1107 2.14773
    endloop
  endfacet
  facet normal 0 -0.555481 -0.831529
    outer loop
      vertex 30.525 14.7 4.21243
      vertex 34.925 14.8523 4.11069
      vertex 34.925 14.7 4.21243
    endloop
  endfacet
  facet normal -0 -0.555481 -0.831529
    outer loop
      vertex 34.925 14.8523 4.11069
      vertex 30.525 14.7 4.21243
      vertex 30.525 14.8523 4.11069
    endloop
  endfacet
  facet normal 0 -0.195066 -0.98079
    outer loop
      vertex 30.525 14.1827 4.38802
      vertex 34.925 14.3623 4.3523
      vertex 34.925 14.1827 4.38802
    endloop
  endfacet
  facet normal -0 -0.195066 -0.98079
    outer loop
      vertex 34.925 14.3623 4.3523
      vertex 30.525 14.1827 4.38802
      vertex 30.525 14.3623 4.3523
    endloop
  endfacet
  facet normal 0 0.555481 -0.831529
    outer loop
      vertex 30.525 13.1477 4.11069
      vertex 34.925 13.3 4.21243
      vertex 34.925 13.1477 4.11069
    endloop
  endfacet
  facet normal 0 0.555481 -0.831529
    outer loop
      vertex 34.925 13.3 4.21243
      vertex 30.525 13.1477 4.11069
      vertex 30.525 13.3 4.21243
    endloop
  endfacet
  facet normal 0 0.321316 -0.946972
    outer loop
      vertex 30.525 13.4642 4.29343
      vertex 34.925 13.6377 4.3523
      vertex 34.925 13.4642 4.29343
    endloop
  endfacet
  facet normal 0 0.321316 -0.946972
    outer loop
      vertex 34.925 13.6377 4.3523
      vertex 30.525 13.4642 4.29343
      vertex 30.525 13.6377 4.3523
    endloop
  endfacet
  facet normal 0 -0.659556 -0.751656
    outer loop
      vertex 30.525 14.8523 4.11069
      vertex 34.925 14.9899 3.98995
      vertex 34.925 14.8523 4.11069
    endloop
  endfacet
  facet normal -0 -0.659556 -0.751656
    outer loop
      vertex 34.925 14.9899 3.98995
      vertex 30.525 14.8523 4.11069
      vertex 30.525 14.9899 3.98995
    endloop
  endfacet
  facet normal 0 0.751954 -0.659216
    outer loop
      vertex 34.925 12.8893 3.85227
      vertex 30.525 13.01 3.98995
      vertex 34.925 13.01 3.98995
    endloop
  endfacet
  facet normal 0 0.751954 -0.659216
    outer loop
      vertex 30.525 13.01 3.98995
      vertex 34.925 12.8893 3.85227
      vertex 30.525 12.8893 3.85227
    endloop
  endfacet
  facet normal 0 -0.321316 0.946972
    outer loop
      vertex 30.525 14.5358 1.70657
      vertex 34.925 14.3623 1.6477
      vertex 34.925 14.5358 1.70657
    endloop
  endfacet
  facet normal 0 -0.321316 0.946972
    outer loop
      vertex 34.925 14.3623 1.6477
      vertex 30.525 14.5358 1.70657
      vertex 30.525 14.3623 1.6477
    endloop
  endfacet
  facet normal 0 0.997851 -0.0655259
    outer loop
      vertex 34.925 12.6 3
      vertex 30.525 12.612 3.18274
      vertex 34.925 12.612 3.18274
    endloop
  endfacet
  facet normal 0 0.997851 -0.0655259
    outer loop
      vertex 30.525 12.612 3.18274
      vertex 34.925 12.6 3
      vertex 30.525 12.6 3
    endloop
  endfacet
  facet normal 0 0.751954 0.659216
    outer loop
      vertex 34.925 13.01 2.01005
      vertex 30.525 12.8893 2.14773
      vertex 34.925 12.8893 2.14773
    endloop
  endfacet
  facet normal 0 0.751954 0.659216
    outer loop
      vertex 30.525 12.8893 2.14773
      vertex 34.925 13.01 2.01005
      vertex 30.525 13.01 2.01005
    endloop
  endfacet
  facet normal 0 0.659285 -0.751893
    outer loop
      vertex 30.525 13.01 3.98995
      vertex 34.925 13.1477 4.11069
      vertex 34.925 13.01 3.98995
    endloop
  endfacet
  facet normal 0 0.659285 -0.751893
    outer loop
      vertex 34.925 13.1477 4.11069
      vertex 30.525 13.01 3.98995
      vertex 30.525 13.1477 4.11069
    endloop
  endfacet
  facet normal 0 0.831579 0.555406
    outer loop
      vertex 34.925 12.8893 2.14773
      vertex 30.525 12.7876 2.3
      vertex 34.925 12.7876 2.3
    endloop
  endfacet
  facet normal 0 0.831579 0.555406
    outer loop
      vertex 30.525 12.7876 2.3
      vertex 34.925 12.8893 2.14773
      vertex 30.525 12.8893 2.14773
    endloop
  endfacet
  facet normal 0 -0.195066 0.98079
    outer loop
      vertex 30.525 14.3623 1.6477
      vertex 34.925 14.1827 1.61198
      vertex 34.925 14.3623 1.6477
    endloop
  endfacet
  facet normal 0 -0.195066 0.98079
    outer loop
      vertex 34.925 14.1827 1.61198
      vertex 30.525 14.3623 1.6477
      vertex 30.525 14.1827 1.61198
    endloop
  endfacet
  facet normal 0 -0.831579 -0.555406
    outer loop
      vertex 30.525 15.2124 3.7
      vertex 34.925 15.1107 3.85227
      vertex 30.525 15.1107 3.85227
    endloop
  endfacet
  facet normal 0 -0.831579 -0.555406
    outer loop
      vertex 34.925 15.1107 3.85227
      vertex 30.525 15.2124 3.7
      vertex 34.925 15.2124 3.7
    endloop
  endfacet
  facet normal 0 -0.997851 -0.0655259
    outer loop
      vertex 30.525 15.4 3
      vertex 34.925 15.388 3.18274
      vertex 30.525 15.388 3.18274
    endloop
  endfacet
  facet normal 0 -0.997851 -0.0655259
    outer loop
      vertex 34.925 15.388 3.18274
      vertex 30.525 15.4 3
      vertex 34.925 15.4 3
    endloop
  endfacet
  facet normal 0 0.831579 -0.555406
    outer loop
      vertex 34.925 12.7876 3.7
      vertex 30.525 12.8893 3.85227
      vertex 34.925 12.8893 3.85227
    endloop
  endfacet
  facet normal 0 0.831579 -0.555406
    outer loop
      vertex 30.525 12.8893 3.85227
      vertex 34.925 12.7876 3.7
      vertex 30.525 12.7876 3.7
    endloop
  endfacet
  facet normal 0 -0.980813 0.19495
    outer loop
      vertex 30.525 15.3523 2.63765
      vertex 34.925 15.388 2.81726
      vertex 30.525 15.388 2.81726
    endloop
  endfacet
  facet normal 0 -0.980813 0.19495
    outer loop
      vertex 34.925 15.388 2.81726
      vertex 30.525 15.3523 2.63765
      vertex 34.925 15.3523 2.63765
    endloop
  endfacet
  facet normal -0 0.0654315 0.997857
    outer loop
      vertex 30.525 14 1.6
      vertex 34.925 13.8173 1.61198
      vertex 34.925 14 1.6
    endloop
  endfacet
  facet normal 0 0.0654315 0.997857
    outer loop
      vertex 34.925 13.8173 1.61198
      vertex 30.525 14 1.6
      vertex 30.525 13.8173 1.61198
    endloop
  endfacet
  facet normal 0 0.980813 0.19495
    outer loop
      vertex 34.925 12.6477 2.63765
      vertex 30.525 12.612 2.81726
      vertex 34.925 12.612 2.81726
    endloop
  endfacet
  facet normal 0 0.980813 0.19495
    outer loop
      vertex 30.525 12.612 2.81726
      vertex 34.925 12.6477 2.63765
      vertex 30.525 12.6477 2.63765
    endloop
  endfacet
  facet normal 0 -0.980813 -0.19495
    outer loop
      vertex 30.525 15.388 3.18274
      vertex 34.925 15.3523 3.36235
      vertex 30.525 15.3523 3.36235
    endloop
  endfacet
  facet normal 0 -0.980813 -0.19495
    outer loop
      vertex 34.925 15.3523 3.36235
      vertex 30.525 15.388 3.18274
      vertex 34.925 15.388 3.18274
    endloop
  endfacet
  facet normal 0 -0.442357 0.896839
    outer loop
      vertex 30.525 14.7 1.78756
      vertex 34.925 14.5358 1.70657
      vertex 34.925 14.7 1.78756
    endloop
  endfacet
  facet normal 0 -0.442357 0.896839
    outer loop
      vertex 34.925 14.5358 1.70657
      vertex 30.525 14.7 1.78756
      vertex 30.525 14.5358 1.70657
    endloop
  endfacet
  facet normal -0 0.555519 0.831504
    outer loop
      vertex 30.525 13.3 1.78756
      vertex 34.925 13.1477 1.88931
      vertex 34.925 13.3 1.78756
    endloop
  endfacet
  facet normal 0 0.555519 0.831504
    outer loop
      vertex 34.925 13.1477 1.88931
      vertex 30.525 13.3 1.78756
      vertex 30.525 13.1477 1.88931
    endloop
  endfacet
  facet normal 0 0.997851 0.0655259
    outer loop
      vertex 34.925 12.612 2.81726
      vertex 30.525 12.6 3
      vertex 34.925 12.6 3
    endloop
  endfacet
  facet normal 0 0.997851 0.0655259
    outer loop
      vertex 30.525 12.6 3
      vertex 34.925 12.612 2.81726
      vertex 30.525 12.612 2.81726
    endloop
  endfacet
  facet normal 1 0 0
    outer loop
      vertex 30.525 15.388 3.18274
      vertex 30.525 15.388 2.81726
      vertex 30.525 15.4 3
    endloop
  endfacet
  facet normal 1 0 0
    outer loop
      vertex 30.525 15.3523 3.36235
      vertex 30.525 15.388 2.81726
      vertex 30.525 15.388 3.18274
    endloop
  endfacet
  facet normal 1 0 0
    outer loop
      vertex 30.525 15.3523 3.36235
      vertex 30.525 15.3523 2.63765
      vertex 30.525 15.388 2.81726
    endloop
  endfacet
  facet normal 1 0 0
    outer loop
      vertex 30.525 15.2934 3.53576
      vertex 30.525 15.3523 2.63765
      vertex 30.525 15.3523 3.36235
    endloop
  endfacet
  facet normal 1 0 0
    outer loop
      vertex 30.525 15.2934 3.53576
      vertex 30.525 15.2934 2.46424
      vertex 30.525 15.3523 2.63765
    endloop
  endfacet
  facet normal 1 0 0
    outer loop
      vertex 30.525 15.2124 3.7
      vertex 30.525 15.2934 2.46424
      vertex 30.525 15.2934 3.53576
    endloop
  endfacet
  facet normal 1 0 0
    outer loop
      vertex 30.525 15.2124 3.7
      vertex 30.525 15.2124 2.3
      vertex 30.525 15.2934 2.46424
    endloop
  endfacet
  facet normal 1 0 0
    outer loop
      vertex 30.525 15.1107 3.85227
      vertex 30.525 15.2124 2.3
      vertex 30.525 15.2124 3.7
    endloop
  endfacet
  facet normal 1 0 0
    outer loop
      vertex 30.525 15.1107 3.85227
      vertex 30.525 15.1107 2.14773
      vertex 30.525 15.2124 2.3
    endloop
  endfacet
  facet normal 1 0 0
    outer loop
      vertex 30.525 14.9899 3.98995
      vertex 30.525 15.1107 2.14773
      vertex 30.525 15.1107 3.85227
    endloop
  endfacet
  facet normal 1 0 0
    outer loop
      vertex 30.525 14.9899 3.98995
      vertex 30.525 14.9899 2.01005
      vertex 30.525 15.1107 2.14773
    endloop
  endfacet
  facet normal 1 0 0
    outer loop
      vertex 30.525 14.8523 4.11069
      vertex 30.525 14.9899 2.01005
      vertex 30.525 14.9899 3.98995
    endloop
  endfacet
  facet normal 1 0 0
    outer loop
      vertex 30.525 14.8523 4.11069
      vertex 30.525 14.8523 1.88931
      vertex 30.525 14.9899 2.01005
    endloop
  endfacet
  facet normal 1 0 0
    outer loop
      vertex 30.525 14.7 4.21243
      vertex 30.525 14.8523 1.88931
      vertex 30.525 14.8523 4.11069
    endloop
  endfacet
  facet normal 1 0 0
    outer loop
      vertex 30.525 14.7 4.21243
      vertex 30.525 14.7 1.78756
      vertex 30.525 14.8523 1.88931
    endloop
  endfacet
  facet normal 1 0 0
    outer loop
      vertex 30.525 14.5358 4.29343
      vertex 30.525 14.7 1.78756
      vertex 30.525 14.7 4.21243
    endloop
  endfacet
  facet normal 1 0 0
    outer loop
      vertex 30.525 14.5358 4.29343
      vertex 30.525 14.5358 1.70657
      vertex 30.525 14.7 1.78756
    endloop
  endfacet
  facet normal 1 0 0
    outer loop
      vertex 30.525 14.3623 4.3523
      vertex 30.525 14.5358 1.70657
      vertex 30.525 14.5358 4.29343
    endloop
  endfacet
  facet normal 1 0 0
    outer loop
      vertex 30.525 14.3623 4.3523
      vertex 30.525 14.3623 1.6477
      vertex 30.525 14.5358 1.70657
    endloop
  endfacet
  facet normal 1 0 0
    outer loop
      vertex 30.525 14.1827 4.38802
      vertex 30.525 14.3623 1.6477
      vertex 30.525 14.3623 4.3523
    endloop
  endfacet
  facet normal 1 0 0
    outer loop
      vertex 30.525 14.1827 4.38802
      vertex 30.525 14.1827 1.61198
      vertex 30.525 14.3623 1.6477
    endloop
  endfacet
  facet normal 1 0 0
    outer loop
      vertex 30.525 14 4.4
      vertex 30.525 14.1827 1.61198
      vertex 30.525 14.1827 4.38802
    endloop
  endfacet
  facet normal 1 0 0
    outer loop
      vertex 30.525 14 4.4
      vertex 30.525 14 1.6
      vertex 30.525 14.1827 1.61198
    endloop
  endfacet
  facet normal 1 -0 0
    outer loop
      vertex 30.525 13.8173 4.38802
      vertex 30.525 14 1.6
      vertex 30.525 14 4.4
    endloop
  endfacet
  facet normal 1 0 0
    outer loop
      vertex 30.525 13.8173 4.38802
      vertex 30.525 13.8173 1.61198
      vertex 30.525 14 1.6
    endloop
  endfacet
  facet normal 1 -0 0
    outer loop
      vertex 30.525 13.6377 4.3523
      vertex 30.525 13.8173 1.61198
      vertex 30.525 13.8173 4.38802
    endloop
  endfacet
  facet normal 1 0 0
    outer loop
      vertex 30.525 13.6377 4.3523
      vertex 30.525 13.6377 1.6477
      vertex 30.525 13.8173 1.61198
    endloop
  endfacet
  facet normal 1 -0 0
    outer loop
      vertex 30.525 13.4642 4.29343
      vertex 30.525 13.6377 1.6477
      vertex 30.525 13.6377 4.3523
    endloop
  endfacet
  facet normal 1 0 0
    outer loop
      vertex 30.525 13.4642 4.29343
      vertex 30.525 13.4642 1.70657
      vertex 30.525 13.6377 1.6477
    endloop
  endfacet
  facet normal 1 -0 0
    outer loop
      vertex 30.525 13.3 4.21243
      vertex 30.525 13.4642 1.70657
      vertex 30.525 13.4642 4.29343
    endloop
  endfacet
  facet normal 1 0 0
    outer loop
      vertex 30.525 13.3 4.21243
      vertex 30.525 13.3 1.78756
      vertex 30.525 13.4642 1.70657
    endloop
  endfacet
  facet normal 1 -0 0
    outer loop
      vertex 30.525 13.1477 4.11069
      vertex 30.525 13.3 1.78756
      vertex 30.525 13.3 4.21243
    endloop
  endfacet
  facet normal 1 0 0
    outer loop
      vertex 30.525 13.1477 4.11069
      vertex 30.525 13.1477 1.88931
      vertex 30.525 13.3 1.78756
    endloop
  endfacet
  facet normal 1 -0 0
    outer loop
      vertex 30.525 13.01 3.98995
      vertex 30.525 13.1477 1.88931
      vertex 30.525 13.1477 4.11069
    endloop
  endfacet
  facet normal 1 0 0
    outer loop
      vertex 30.525 13.01 3.98995
      vertex 30.525 13.01 2.01005
      vertex 30.525 13.1477 1.88931
    endloop
  endfacet
  facet normal 1 -0 0
    outer loop
      vertex 30.525 12.8893 3.85227
      vertex 30.525 13.01 2.01005
      vertex 30.525 13.01 3.98995
    endloop
  endfacet
  facet normal 1 0 0
    outer loop
      vertex 30.525 12.8893 3.85227
      vertex 30.525 12.8893 2.14773
      vertex 30.525 13.01 2.01005
    endloop
  endfacet
  facet normal 1 -0 0
    outer loop
      vertex 30.525 12.7876 3.7
      vertex 30.525 12.8893 2.14773
      vertex 30.525 12.8893 3.85227
    endloop
  endfacet
  facet normal 1 0 0
    outer loop
      vertex 30.525 12.7876 3.7
      vertex 30.525 12.7876 2.3
      vertex 30.525 12.8893 2.14773
    endloop
  endfacet
  facet normal 1 -0 0
    outer loop
      vertex 30.525 12.7066 3.53576
      vertex 30.525 12.7876 2.3
      vertex 30.525 12.7876 3.7
    endloop
  endfacet
  facet normal 1 0 0
    outer loop
      vertex 30.525 12.7066 3.53576
      vertex 30.525 12.7066 2.46424
      vertex 30.525 12.7876 2.3
    endloop
  endfacet
  facet normal 1 -0 0
    outer loop
      vertex 30.525 12.6477 3.36235
      vertex 30.525 12.7066 2.46424
      vertex 30.525 12.7066 3.53576
    endloop
  endfacet
  facet normal 1 0 0
    outer loop
      vertex 30.525 12.6477 3.36235
      vertex 30.525 12.6477 2.63765
      vertex 30.525 12.7066 2.46424
    endloop
  endfacet
  facet normal 1 -0 0
    outer loop
      vertex 30.525 12.612 3.18274
      vertex 30.525 12.6477 2.63765
      vertex 30.525 12.6477 3.36235
    endloop
  endfacet
  facet normal 1 0 0
    outer loop
      vertex 30.525 12.612 3.18274
      vertex 30.525 12.612 2.81726
      vertex 30.525 12.6477 2.63765
    endloop
  endfacet
  facet normal 1 0 -0
    outer loop
      vertex 30.525 12.612 2.81726
      vertex 30.525 12.612 3.18274
      vertex 30.525 12.6 3
    endloop
  endfacet
  facet normal 1 0 0
    outer loop
      vertex 30.525 91.988 3.18274
      vertex 30.525 91.988 2.81726
      vertex 30.525 92 3
    endloop
  endfacet
  facet normal 1 0 0
    outer loop
      vertex 30.525 91.9523 3.36235
      vertex 30.525 91.988 2.81726
      vertex 30.525 91.988 3.18274
    endloop
  endfacet
  facet normal 1 0 0
    outer loop
      vertex 30.525 91.9523 3.36235
      vertex 30.525 91.9523 2.63765
      vertex 30.525 91.988 2.81726
    endloop
  endfacet
  facet normal 1 0 0
    outer loop
      vertex 30.525 91.8934 3.53576
      vertex 30.525 91.9523 2.63765
      vertex 30.525 91.9523 3.36235
    endloop
  endfacet
  facet normal 1 0 0
    outer loop
      vertex 30.525 91.8934 3.53576
      vertex 30.525 91.8934 2.46424
      vertex 30.525 91.9523 2.63765
    endloop
  endfacet
  facet normal 1 0 0
    outer loop
      vertex 30.525 91.8124 3.7
      vertex 30.525 91.8934 2.46424
      vertex 30.525 91.8934 3.53576
    endloop
  endfacet
  facet normal 1 0 0
    outer loop
      vertex 30.525 91.8124 3.7
      vertex 30.525 91.8124 2.3
      vertex 30.525 91.8934 2.46424
    endloop
  endfacet
  facet normal 1 0 0
    outer loop
      vertex 30.525 91.7107 3.85227
      vertex 30.525 91.8124 2.3
      vertex 30.525 91.8124 3.7
    endloop
  endfacet
  facet normal 1 0 0
    outer loop
      vertex 30.525 91.7107 3.85227
      vertex 30.525 91.7107 2.14773
      vertex 30.525 91.8124 2.3
    endloop
  endfacet
  facet normal 1 0 0
    outer loop
      vertex 30.525 91.59 3.98995
      vertex 30.525 91.7107 2.14773
      vertex 30.525 91.7107 3.85227
    endloop
  endfacet
  facet normal 1 0 0
    outer loop
      vertex 30.525 91.59 3.98995
      vertex 30.525 91.59 2.01005
      vertex 30.525 91.7107 2.14773
    endloop
  endfacet
  facet normal 1 0 0
    outer loop
      vertex 30.525 91.4523 4.11069
      vertex 30.525 91.59 2.01005
      vertex 30.525 91.59 3.98995
    endloop
  endfacet
  facet normal 1 0 0
    outer loop
      vertex 30.525 91.4523 4.11069
      vertex 30.525 91.4523 1.88931
      vertex 30.525 91.59 2.01005
    endloop
  endfacet
  facet normal 1 0 0
    outer loop
      vertex 30.525 91.3 4.21243
      vertex 30.525 91.4523 1.88931
      vertex 30.525 91.4523 4.11069
    endloop
  endfacet
  facet normal 1 0 0
    outer loop
      vertex 30.525 91.3 4.21243
      vertex 30.525 91.3 1.78756
      vertex 30.525 91.4523 1.88931
    endloop
  endfacet
  facet normal 1 0 0
    outer loop
      vertex 30.525 91.1358 4.29343
      vertex 30.525 91.3 1.78756
      vertex 30.525 91.3 4.21243
    endloop
  endfacet
  facet normal 1 0 0
    outer loop
      vertex 30.525 91.1358 4.29343
      vertex 30.525 91.1358 1.70657
      vertex 30.525 91.3 1.78756
    endloop
  endfacet
  facet normal 1 0 0
    outer loop
      vertex 30.525 90.9623 4.3523
      vertex 30.525 91.1358 1.70657
      vertex 30.525 91.1358 4.29343
    endloop
  endfacet
  facet normal 1 0 0
    outer loop
      vertex 30.525 90.9623 4.3523
      vertex 30.525 90.9623 1.6477
      vertex 30.525 91.1358 1.70657
    endloop
  endfacet
  facet normal 1 0 0
    outer loop
      vertex 30.525 90.7827 4.38802
      vertex 30.525 90.9623 1.6477
      vertex 30.525 90.9623 4.3523
    endloop
  endfacet
  facet normal 1 0 0
    outer loop
      vertex 30.525 90.7827 4.38802
      vertex 30.525 90.7827 1.61198
      vertex 30.525 90.9623 1.6477
    endloop
  endfacet
  facet normal 1 0 0
    outer loop
      vertex 30.525 90.6 4.4
      vertex 30.525 90.7827 1.61198
      vertex 30.525 90.7827 4.38802
    endloop
  endfacet
  facet normal 1 0 0
    outer loop
      vertex 30.525 90.6 4.4
      vertex 30.525 90.6 1.6
      vertex 30.525 90.7827 1.61198
    endloop
  endfacet
  facet normal 1 -0 0
    outer loop
      vertex 30.525 90.4173 4.38802
      vertex 30.525 90.6 1.6
      vertex 30.525 90.6 4.4
    endloop
  endfacet
  facet normal 1 0 0
    outer loop
      vertex 30.525 90.4173 4.38802
      vertex 30.525 90.4173 1.61198
      vertex 30.525 90.6 1.6
    endloop
  endfacet
  facet normal 1 -0 0
    outer loop
      vertex 30.525 90.2377 4.3523
      vertex 30.525 90.4173 1.61198
      vertex 30.525 90.4173 4.38802
    endloop
  endfacet
  facet normal 1 0 0
    outer loop
      vertex 30.525 90.2377 4.3523
      vertex 30.525 90.2377 1.6477
      vertex 30.525 90.4173 1.61198
    endloop
  endfacet
  facet normal 1 -0 0
    outer loop
      vertex 30.525 90.0642 4.29343
      vertex 30.525 90.2377 1.6477
      vertex 30.525 90.2377 4.3523
    endloop
  endfacet
  facet normal 1 0 0
    outer loop
      vertex 30.525 90.0642 4.29343
      vertex 30.525 90.0642 1.70657
      vertex 30.525 90.2377 1.6477
    endloop
  endfacet
  facet normal 1 -0 0
    outer loop
      vertex 30.525 89.9 4.21243
      vertex 30.525 90.0642 1.70657
      vertex 30.525 90.0642 4.29343
    endloop
  endfacet
  facet normal 1 0 0
    outer loop
      vertex 30.525 89.9 4.21243
      vertex 30.525 89.9 1.78756
      vertex 30.525 90.0642 1.70657
    endloop
  endfacet
  facet normal 1 -0 0
    outer loop
      vertex 30.525 89.7477 4.11069
      vertex 30.525 89.9 1.78756
      vertex 30.525 89.9 4.21243
    endloop
  endfacet
  facet normal 1 0 0
    outer loop
      vertex 30.525 89.7477 4.11069
      vertex 30.525 89.7477 1.88931
      vertex 30.525 89.9 1.78756
    endloop
  endfacet
  facet normal 1 -0 0
    outer loop
      vertex 30.525 89.61 3.98995
      vertex 30.525 89.7477 1.88931
      vertex 30.525 89.7477 4.11069
    endloop
  endfacet
  facet normal 1 0 0
    outer loop
      vertex 30.525 89.61 3.98995
      vertex 30.525 89.61 2.01005
      vertex 30.525 89.7477 1.88931
    endloop
  endfacet
  facet normal 1 -0 0
    outer loop
      vertex 30.525 89.4893 3.85227
      vertex 30.525 89.61 2.01005
      vertex 30.525 89.61 3.98995
    endloop
  endfacet
  facet normal 1 0 0
    outer loop
      vertex 30.525 89.4893 3.85227
      vertex 30.525 89.4893 2.14773
      vertex 30.525 89.61 2.01005
    endloop
  endfacet
  facet normal 1 -0 0
    outer loop
      vertex 30.525 89.3876 3.7
      vertex 30.525 89.4893 2.14773
      vertex 30.525 89.4893 3.85227
    endloop
  endfacet
  facet normal 1 0 0
    outer loop
      vertex 30.525 89.3876 3.7
      vertex 30.525 89.3876 2.3
      vertex 30.525 89.4893 2.14773
    endloop
  endfacet
  facet normal 1 -0 0
    outer loop
      vertex 30.525 89.3066 3.53576
      vertex 30.525 89.3876 2.3
      vertex 30.525 89.3876 3.7
    endloop
  endfacet
  facet normal 1 0 0
    outer loop
      vertex 30.525 89.3066 3.53576
      vertex 30.525 89.3066 2.46424
      vertex 30.525 89.3876 2.3
    endloop
  endfacet
  facet normal 1 -0 0
    outer loop
      vertex 30.525 89.2477 3.36235
      vertex 30.525 89.3066 2.46424
      vertex 30.525 89.3066 3.53576
    endloop
  endfacet
  facet normal 1 0 0
    outer loop
      vertex 30.525 89.2477 3.36235
      vertex 30.525 89.2477 2.63765
      vertex 30.525 89.3066 2.46424
    endloop
  endfacet
  facet normal 1 -0 0
    outer loop
      vertex 30.525 89.212 3.18274
      vertex 30.525 89.2477 2.63765
      vertex 30.525 89.2477 3.36235
    endloop
  endfacet
  facet normal 1 0 0
    outer loop
      vertex 30.525 89.212 3.18274
      vertex 30.525 89.212 2.81726
      vertex 30.525 89.2477 2.63765
    endloop
  endfacet
  facet normal 1 0 -0
    outer loop
      vertex 30.525 89.212 2.81726
      vertex 30.525 89.212 3.18274
      vertex 30.525 89.2 3
    endloop
  endfacet
  facet normal 0 -0.89686 -0.442314
    outer loop
      vertex 30.525 91.8934 3.53576
      vertex 34.925 91.8124 3.7
      vertex 30.525 91.8124 3.7
    endloop
  endfacet
  facet normal 0 -0.89686 -0.442314
    outer loop
      vertex 34.925 91.8124 3.7
      vertex 30.525 91.8934 3.53576
      vertex 34.925 91.8934 3.53576
    endloop
  endfacet
  facet normal 0 -0.659285 0.751893
    outer loop
      vertex 30.525 91.59 2.01005
      vertex 34.925 91.4523 1.88931
      vertex 34.925 91.59 2.01005
    endloop
  endfacet
  facet normal 0 -0.659285 0.751893
    outer loop
      vertex 34.925 91.4523 1.88931
      vertex 30.525 91.59 2.01005
      vertex 30.525 91.4523 1.88931
    endloop
  endfacet
  facet normal 0 -0.946872 0.321612
    outer loop
      vertex 30.525 91.8934 2.46424
      vertex 34.925 91.9523 2.63765
      vertex 30.525 91.9523 2.63765
    endloop
  endfacet
  facet normal 0 -0.946872 0.321612
    outer loop
      vertex 34.925 91.9523 2.63765
      vertex 30.525 91.8934 2.46424
      vertex 34.925 91.8934 2.46424
    endloop
  endfacet
  facet normal 0 -0.997851 0.0655259
    outer loop
      vertex 30.525 91.988 2.81726
      vertex 34.925 92 3
      vertex 30.525 92 3
    endloop
  endfacet
  facet normal 0 -0.997851 0.0655259
    outer loop
      vertex 34.925 92 3
      vertex 30.525 91.988 2.81726
      vertex 34.925 91.988 2.81726
    endloop
  endfacet
  facet normal 0 -0.0654315 -0.997857
    outer loop
      vertex 30.525 90.6 4.4
      vertex 34.925 90.7827 4.38802
      vertex 34.925 90.6 4.4
    endloop
  endfacet
  facet normal -0 -0.0654315 -0.997857
    outer loop
      vertex 34.925 90.7827 4.38802
      vertex 30.525 90.6 4.4
      vertex 30.525 90.7827 4.38802
    endloop
  endfacet
  facet normal 0 0.0654315 -0.997857
    outer loop
      vertex 30.525 90.4173 4.38802
      vertex 34.925 90.6 4.4
      vertex 34.925 90.4173 4.38802
    endloop
  endfacet
  facet normal 0 0.0654315 -0.997857
    outer loop
      vertex 34.925 90.6 4.4
      vertex 30.525 90.4173 4.38802
      vertex 30.525 90.6 4.4
    endloop
  endfacet
  facet normal 0 -0.555481 -0.831529
    outer loop
      vertex 30.525 91.3 4.21243
      vertex 34.925 91.4523 4.11069
      vertex 34.925 91.3 4.21243
    endloop
  endfacet
  facet normal -0 -0.555481 -0.831529
    outer loop
      vertex 34.925 91.4523 4.11069
      vertex 30.525 91.3 4.21243
      vertex 30.525 91.4523 4.11069
    endloop
  endfacet
  facet normal 0 -0.659285 -0.751893
    outer loop
      vertex 30.525 91.4523 4.11069
      vertex 34.925 91.59 3.98995
      vertex 34.925 91.4523 4.11069
    endloop
  endfacet
  facet normal -0 -0.659285 -0.751893
    outer loop
      vertex 34.925 91.59 3.98995
      vertex 30.525 91.4523 4.11069
      vertex 30.525 91.59 3.98995
    endloop
  endfacet
  facet normal -0 0.195066 0.98079
    outer loop
      vertex 30.525 90.4173 1.61198
      vertex 34.925 90.2377 1.6477
      vertex 34.925 90.4173 1.61198
    endloop
  endfacet
  facet normal 0 0.195066 0.98079
    outer loop
      vertex 34.925 90.2377 1.6477
      vertex 30.525 90.4173 1.61198
      vertex 30.525 90.2377 1.6477
    endloop
  endfacet
  facet normal 0 -0.321316 -0.946972
    outer loop
      vertex 30.525 90.9623 4.3523
      vertex 34.925 91.1358 4.29343
      vertex 34.925 90.9623 4.3523
    endloop
  endfacet
  facet normal -0 -0.321316 -0.946972
    outer loop
      vertex 34.925 91.1358 4.29343
      vertex 30.525 90.9623 4.3523
      vertex 30.525 91.1358 4.29343
    endloop
  endfacet
  facet normal 0 0.751954 0.659216
    outer loop
      vertex 34.925 89.61 2.01005
      vertex 30.525 89.4893 2.14773
      vertex 34.925 89.4893 2.14773
    endloop
  endfacet
  facet normal 0 0.751954 0.659216
    outer loop
      vertex 30.525 89.4893 2.14773
      vertex 34.925 89.61 2.01005
      vertex 30.525 89.61 2.01005
    endloop
  endfacet
  facet normal 0 -0.555519 0.831504
    outer loop
      vertex 30.525 91.4523 1.88931
      vertex 34.925 91.3 1.78756
      vertex 34.925 91.4523 1.88931
    endloop
  endfacet
  facet normal 0 -0.555519 0.831504
    outer loop
      vertex 34.925 91.3 1.78756
      vertex 30.525 91.4523 1.88931
      vertex 30.525 91.3 1.78756
    endloop
  endfacet
  facet normal 0 0.321316 -0.946972
    outer loop
      vertex 30.525 90.0642 4.29343
      vertex 34.925 90.2377 4.3523
      vertex 34.925 90.0642 4.29343
    endloop
  endfacet
  facet normal 0 0.321316 -0.946972
    outer loop
      vertex 34.925 90.2377 4.3523
      vertex 30.525 90.0642 4.29343
      vertex 30.525 90.2377 4.3523
    endloop
  endfacet
  facet normal -0 0.321316 0.946972
    outer loop
      vertex 30.525 90.2377 1.6477
      vertex 34.925 90.0642 1.70657
      vertex 34.925 90.2377 1.6477
    endloop
  endfacet
  facet normal 0 0.321316 0.946972
    outer loop
      vertex 34.925 90.0642 1.70657
      vertex 30.525 90.2377 1.6477
      vertex 30.525 90.0642 1.70657
    endloop
  endfacet
  facet normal 0 0.831579 -0.555406
    outer loop
      vertex 34.925 89.3876 3.7
      vertex 30.525 89.4893 3.85227
      vertex 34.925 89.4893 3.85227
    endloop
  endfacet
  facet normal 0 0.831579 -0.555406
    outer loop
      vertex 30.525 89.4893 3.85227
      vertex 34.925 89.3876 3.7
      vertex 30.525 89.3876 3.7
    endloop
  endfacet
  facet normal 0 0.997851 0.0655259
    outer loop
      vertex 34.925 89.212 2.81726
      vertex 30.525 89.2 3
      vertex 34.925 89.2 3
    endloop
  endfacet
  facet normal 0 0.997851 0.0655259
    outer loop
      vertex 30.525 89.2 3
      vertex 34.925 89.212 2.81726
      vertex 30.525 89.212 2.81726
    endloop
  endfacet
  facet normal 0 -0.442401 -0.896817
    outer loop
      vertex 30.525 91.1358 4.29343
      vertex 34.925 91.3 4.21243
      vertex 34.925 91.1358 4.29343
    endloop
  endfacet
  facet normal -0 -0.442401 -0.896817
    outer loop
      vertex 34.925 91.3 4.21243
      vertex 30.525 91.1358 4.29343
      vertex 30.525 91.3 4.21243
    endloop
  endfacet
  facet normal -0 0.555519 0.831504
    outer loop
      vertex 30.525 89.9 1.78756
      vertex 34.925 89.7477 1.88931
      vertex 34.925 89.9 1.78756
    endloop
  endfacet
  facet normal 0 0.555519 0.831504
    outer loop
      vertex 34.925 89.7477 1.88931
      vertex 30.525 89.9 1.78756
      vertex 30.525 89.7477 1.88931
    endloop
  endfacet
  facet normal 0 0.997851 -0.0655259
    outer loop
      vertex 34.925 89.2 3
      vertex 30.525 89.212 3.18274
      vertex 34.925 89.212 3.18274
    endloop
  endfacet
  facet normal 0 0.997851 -0.0655259
    outer loop
      vertex 30.525 89.212 3.18274
      vertex 34.925 89.2 3
      vertex 30.525 89.2 3
    endloop
  endfacet
  facet normal 0 -0.946872 -0.321612
    outer loop
      vertex 30.525 91.9523 3.36235
      vertex 34.925 91.8934 3.53576
      vertex 30.525 91.8934 3.53576
    endloop
  endfacet
  facet normal 0 -0.946872 -0.321612
    outer loop
      vertex 34.925 91.8934 3.53576
      vertex 30.525 91.9523 3.36235
      vertex 34.925 91.9523 3.36235
    endloop
  endfacet
  facet normal 0 -0.321316 0.946972
    outer loop
      vertex 30.525 91.1358 1.70657
      vertex 34.925 90.9623 1.6477
      vertex 34.925 91.1358 1.70657
    endloop
  endfacet
  facet normal 0 -0.321316 0.946972
    outer loop
      vertex 34.925 90.9623 1.6477
      vertex 30.525 91.1358 1.70657
      vertex 30.525 90.9623 1.6477
    endloop
  endfacet
  facet normal 0 -0.980813 0.19495
    outer loop
      vertex 30.525 91.9523 2.63765
      vertex 34.925 91.988 2.81726
      vertex 30.525 91.988 2.81726
    endloop
  endfacet
  facet normal 0 -0.980813 0.19495
    outer loop
      vertex 34.925 91.988 2.81726
      vertex 30.525 91.9523 2.63765
      vertex 34.925 91.9523 2.63765
    endloop
  endfacet
  facet normal 0 0.442401 -0.896817
    outer loop
      vertex 30.525 89.9 4.21243
      vertex 34.925 90.0642 4.29343
      vertex 34.925 89.9 4.21243
    endloop
  endfacet
  facet normal 0 0.442401 -0.896817
    outer loop
      vertex 34.925 90.0642 4.29343
      vertex 30.525 89.9 4.21243
      vertex 30.525 90.0642 4.29343
    endloop
  endfacet
  facet normal 0 -0.831579 0.555406
    outer loop
      vertex 30.525 91.7107 2.14773
      vertex 34.925 91.8124 2.3
      vertex 30.525 91.8124 2.3
    endloop
  endfacet
  facet normal 0 -0.831579 0.555406
    outer loop
      vertex 34.925 91.8124 2.3
      vertex 30.525 91.7107 2.14773
      vertex 34.925 91.7107 2.14773
    endloop
  endfacet
  facet normal 0 -0.0654315 0.997857
    outer loop
      vertex 30.525 90.7827 1.61198
      vertex 34.925 90.6 1.6
      vertex 34.925 90.7827 1.61198
    endloop
  endfacet
  facet normal 0 -0.0654315 0.997857
    outer loop
      vertex 34.925 90.6 1.6
      vertex 30.525 90.7827 1.61198
      vertex 30.525 90.6 1.6
    endloop
  endfacet
  facet normal 0 0.831579 0.555406
    outer loop
      vertex 34.925 89.4893 2.14773
      vertex 30.525 89.3876 2.3
      vertex 34.925 89.3876 2.3
    endloop
  endfacet
  facet normal 0 0.831579 0.555406
    outer loop
      vertex 30.525 89.3876 2.3
      vertex 34.925 89.4893 2.14773
      vertex 30.525 89.4893 2.14773
    endloop
  endfacet
  facet normal 0 -0.831579 -0.555406
    outer loop
      vertex 30.525 91.8124 3.7
      vertex 34.925 91.7107 3.85227
      vertex 30.525 91.7107 3.85227
    endloop
  endfacet
  facet normal 0 -0.831579 -0.555406
    outer loop
      vertex 34.925 91.7107 3.85227
      vertex 30.525 91.8124 3.7
      vertex 34.925 91.8124 3.7
    endloop
  endfacet
  facet normal 0 -0.751954 -0.659216
    outer loop
      vertex 30.525 91.7107 3.85227
      vertex 34.925 91.59 3.98995
      vertex 30.525 91.59 3.98995
    endloop
  endfacet
  facet normal 0 -0.751954 -0.659216
    outer loop
      vertex 34.925 91.59 3.98995
      vertex 30.525 91.7107 3.85227
      vertex 34.925 91.7107 3.85227
    endloop
  endfacet
  facet normal 0 -0.195066 -0.98079
    outer loop
      vertex 30.525 90.7827 4.38802
      vertex 34.925 90.9623 4.3523
      vertex 34.925 90.7827 4.38802
    endloop
  endfacet
  facet normal -0 -0.195066 -0.98079
    outer loop
      vertex 34.925 90.9623 4.3523
      vertex 30.525 90.7827 4.38802
      vertex 30.525 90.9623 4.3523
    endloop
  endfacet
  facet normal 0 -0.980813 -0.19495
    outer loop
      vertex 30.525 91.988 3.18274
      vertex 34.925 91.9523 3.36235
      vertex 30.525 91.9523 3.36235
    endloop
  endfacet
  facet normal 0 -0.980813 -0.19495
    outer loop
      vertex 34.925 91.9523 3.36235
      vertex 30.525 91.988 3.18274
      vertex 34.925 91.988 3.18274
    endloop
  endfacet
  facet normal 0 -0.89686 0.442314
    outer loop
      vertex 30.525 91.8124 2.3
      vertex 34.925 91.8934 2.46424
      vertex 30.525 91.8934 2.46424
    endloop
  endfacet
  facet normal 0 -0.89686 0.442314
    outer loop
      vertex 34.925 91.8934 2.46424
      vertex 30.525 91.8124 2.3
      vertex 34.925 91.8124 2.3
    endloop
  endfacet
  facet normal 0 -0.751954 0.659216
    outer loop
      vertex 30.525 91.59 2.01005
      vertex 34.925 91.7107 2.14773
      vertex 30.525 91.7107 2.14773
    endloop
  endfacet
  facet normal 0 -0.751954 0.659216
    outer loop
      vertex 34.925 91.7107 2.14773
      vertex 30.525 91.59 2.01005
      vertex 34.925 91.59 2.01005
    endloop
  endfacet
  facet normal 0 0.980813 -0.19495
    outer loop
      vertex 34.925 89.212 3.18274
      vertex 30.525 89.2477 3.36235
      vertex 34.925 89.2477 3.36235
    endloop
  endfacet
  facet normal 0 0.980813 -0.19495
    outer loop
      vertex 30.525 89.2477 3.36235
      vertex 34.925 89.212 3.18274
      vertex 30.525 89.212 3.18274
    endloop
  endfacet
  facet normal 0 0.659285 -0.751893
    outer loop
      vertex 30.525 89.61 3.98995
      vertex 34.925 89.7477 4.11069
      vertex 34.925 89.61 3.98995
    endloop
  endfacet
  facet normal 0 0.659285 -0.751893
    outer loop
      vertex 34.925 89.7477 4.11069
      vertex 30.525 89.61 3.98995
      vertex 30.525 89.7477 4.11069
    endloop
  endfacet
  facet normal 0 -0.997851 -0.0655259
    outer loop
      vertex 30.525 92 3
      vertex 34.925 91.988 3.18274
      vertex 30.525 91.988 3.18274
    endloop
  endfacet
  facet normal 0 -0.997851 -0.0655259
    outer loop
      vertex 34.925 91.988 3.18274
      vertex 30.525 92 3
      vertex 34.925 92 3
    endloop
  endfacet
  facet normal -0 0.659285 0.751893
    outer loop
      vertex 30.525 89.7477 1.88931
      vertex 34.925 89.61 2.01005
      vertex 34.925 89.7477 1.88931
    endloop
  endfacet
  facet normal 0 0.659285 0.751893
    outer loop
      vertex 34.925 89.61 2.01005
      vertex 30.525 89.7477 1.88931
      vertex 30.525 89.61 2.01005
    endloop
  endfacet
  facet normal 0 0.555481 -0.831529
    outer loop
      vertex 30.525 89.7477 4.11069
      vertex 34.925 89.9 4.21243
      vertex 34.925 89.7477 4.11069
    endloop
  endfacet
  facet normal 0 0.555481 -0.831529
    outer loop
      vertex 34.925 89.9 4.21243
      vertex 30.525 89.7477 4.11069
      vertex 30.525 89.9 4.21243
    endloop
  endfacet
  facet normal -0 0.0654315 0.997857
    outer loop
      vertex 30.525 90.6 1.6
      vertex 34.925 90.4173 1.61198
      vertex 34.925 90.6 1.6
    endloop
  endfacet
  facet normal 0 0.0654315 0.997857
    outer loop
      vertex 34.925 90.4173 1.61198
      vertex 30.525 90.6 1.6
      vertex 30.525 90.4173 1.61198
    endloop
  endfacet
  facet normal 0 0.195066 -0.98079
    outer loop
      vertex 30.525 90.2377 4.3523
      vertex 34.925 90.4173 4.38802
      vertex 34.925 90.2377 4.3523
    endloop
  endfacet
  facet normal 0 0.195066 -0.98079
    outer loop
      vertex 34.925 90.4173 4.38802
      vertex 30.525 90.2377 4.3523
      vertex 30.525 90.4173 4.38802
    endloop
  endfacet
  facet normal 0 0.946872 0.321612
    outer loop
      vertex 34.925 89.3066 2.46424
      vertex 30.525 89.2477 2.63765
      vertex 34.925 89.2477 2.63765
    endloop
  endfacet
  facet normal 0 0.946872 0.321612
    outer loop
      vertex 30.525 89.2477 2.63765
      vertex 34.925 89.3066 2.46424
      vertex 30.525 89.3066 2.46424
    endloop
  endfacet
  facet normal 0 0.946872 -0.321612
    outer loop
      vertex 34.925 89.2477 3.36235
      vertex 30.525 89.3066 3.53576
      vertex 34.925 89.3066 3.53576
    endloop
  endfacet
  facet normal 0 0.946872 -0.321612
    outer loop
      vertex 30.525 89.3066 3.53576
      vertex 34.925 89.2477 3.36235
      vertex 30.525 89.2477 3.36235
    endloop
  endfacet
  facet normal 0 0.980813 0.19495
    outer loop
      vertex 34.925 89.2477 2.63765
      vertex 30.525 89.212 2.81726
      vertex 34.925 89.212 2.81726
    endloop
  endfacet
  facet normal 0 0.980813 0.19495
    outer loop
      vertex 30.525 89.212 2.81726
      vertex 34.925 89.2477 2.63765
      vertex 30.525 89.2477 2.63765
    endloop
  endfacet
  facet normal 0 -0.195066 0.98079
    outer loop
      vertex 30.525 90.9623 1.6477
      vertex 34.925 90.7827 1.61198
      vertex 34.925 90.9623 1.6477
    endloop
  endfacet
  facet normal 0 -0.195066 0.98079
    outer loop
      vertex 34.925 90.7827 1.61198
      vertex 30.525 90.9623 1.6477
      vertex 30.525 90.7827 1.61198
    endloop
  endfacet
  facet normal 0 -0.442357 0.896839
    outer loop
      vertex 30.525 91.3 1.78756
      vertex 34.925 91.1358 1.70657
      vertex 34.925 91.3 1.78756
    endloop
  endfacet
  facet normal 0 -0.442357 0.896839
    outer loop
      vertex 34.925 91.1358 1.70657
      vertex 30.525 91.3 1.78756
      vertex 30.525 91.1358 1.70657
    endloop
  endfacet
  facet normal 0 0.89686 -0.442314
    outer loop
      vertex 34.925 89.3066 3.53576
      vertex 30.525 89.3876 3.7
      vertex 34.925 89.3876 3.7
    endloop
  endfacet
  facet normal 0 0.89686 -0.442314
    outer loop
      vertex 30.525 89.3876 3.7
      vertex 34.925 89.3066 3.53576
      vertex 30.525 89.3066 3.53576
    endloop
  endfacet
  facet normal -0 0.442357 0.896839
    outer loop
      vertex 30.525 90.0642 1.70657
      vertex 34.925 89.9 1.78756
      vertex 34.925 90.0642 1.70657
    endloop
  endfacet
  facet normal 0 0.442357 0.896839
    outer loop
      vertex 34.925 89.9 1.78756
      vertex 30.525 90.0642 1.70657
      vertex 30.525 89.9 1.78756
    endloop
  endfacet
  facet normal 0 0.89686 0.442314
    outer loop
      vertex 34.925 89.3876 2.3
      vertex 30.525 89.3066 2.46424
      vertex 34.925 89.3066 2.46424
    endloop
  endfacet
  facet normal 0 0.89686 0.442314
    outer loop
      vertex 30.525 89.3066 2.46424
      vertex 34.925 89.3876 2.3
      vertex 30.525 89.3876 2.3
    endloop
  endfacet
  facet normal 0 0.751954 -0.659216
    outer loop
      vertex 34.925 89.4893 3.85227
      vertex 30.525 89.61 3.98995
      vertex 34.925 89.61 3.98995
    endloop
  endfacet
  facet normal 0 0.751954 -0.659216
    outer loop
      vertex 30.525 89.61 3.98995
      vertex 34.925 89.4893 3.85227
      vertex 30.525 89.4893 3.85227
    endloop
  endfacet
  facet normal 0 -0.321316 -0.946972
    outer loop
      vertex 30.525 35.2923 4.3523
      vertex 34.925 35.4658 4.29343
      vertex 34.925 35.2923 4.3523
    endloop
  endfacet
  facet normal -0 -0.321316 -0.946972
    outer loop
      vertex 34.925 35.4658 4.29343
      vertex 30.525 35.2923 4.3523
      vertex 30.525 35.4658 4.29343
    endloop
  endfacet
  facet normal -0 0.195066 0.98079
    outer loop
      vertex 30.525 34.7473 1.61198
      vertex 34.925 34.5677 1.6477
      vertex 34.925 34.7473 1.61198
    endloop
  endfacet
  facet normal 0 0.195066 0.98079
    outer loop
      vertex 34.925 34.5677 1.6477
      vertex 30.525 34.7473 1.61198
      vertex 30.525 34.5677 1.6477
    endloop
  endfacet
  facet normal 0 0.0654315 -0.997857
    outer loop
      vertex 30.525 34.7473 4.38802
      vertex 34.925 34.93 4.4
      vertex 34.925 34.7473 4.38802
    endloop
  endfacet
  facet normal 0 0.0654315 -0.997857
    outer loop
      vertex 34.925 34.93 4.4
      vertex 30.525 34.7473 4.38802
      vertex 30.525 34.93 4.4
    endloop
  endfacet
  facet normal 0 -0.997851 -0.0655259
    outer loop
      vertex 30.525 36.33 3
      vertex 34.925 36.318 3.18274
      vertex 30.525 36.318 3.18274
    endloop
  endfacet
  facet normal 0 -0.997851 -0.0655259
    outer loop
      vertex 34.925 36.318 3.18274
      vertex 30.525 36.33 3
      vertex 34.925 36.33 3
    endloop
  endfacet
  facet normal 0 -0.0654315 -0.997857
    outer loop
      vertex 30.525 34.93 4.4
      vertex 34.925 35.1127 4.38802
      vertex 34.925 34.93 4.4
    endloop
  endfacet
  facet normal -0 -0.0654315 -0.997857
    outer loop
      vertex 34.925 35.1127 4.38802
      vertex 30.525 34.93 4.4
      vertex 30.525 35.1127 4.38802
    endloop
  endfacet
  facet normal 0 0.442401 -0.896817
    outer loop
      vertex 30.525 34.23 4.21243
      vertex 34.925 34.3942 4.29343
      vertex 34.925 34.23 4.21243
    endloop
  endfacet
  facet normal 0 0.442401 -0.896817
    outer loop
      vertex 34.925 34.3942 4.29343
      vertex 30.525 34.23 4.21243
      vertex 30.525 34.3942 4.29343
    endloop
  endfacet
  facet normal 0 0.946872 0.321612
    outer loop
      vertex 34.925 33.6366 2.46424
      vertex 30.525 33.5777 2.63765
      vertex 34.925 33.5777 2.63765
    endloop
  endfacet
  facet normal 0 0.946872 0.321612
    outer loop
      vertex 30.525 33.5777 2.63765
      vertex 34.925 33.6366 2.46424
      vertex 30.525 33.6366 2.46424
    endloop
  endfacet
  facet normal 0 0.89686 0.442314
    outer loop
      vertex 34.925 33.7176 2.3
      vertex 30.525 33.6366 2.46424
      vertex 34.925 33.6366 2.46424
    endloop
  endfacet
  facet normal 0 0.89686 0.442314
    outer loop
      vertex 30.525 33.6366 2.46424
      vertex 34.925 33.7176 2.3
      vertex 30.525 33.7176 2.3
    endloop
  endfacet
  facet normal 0 -0.980813 0.19495
    outer loop
      vertex 30.525 36.2823 2.63765
      vertex 34.925 36.318 2.81726
      vertex 30.525 36.318 2.81726
    endloop
  endfacet
  facet normal 0 -0.980813 0.19495
    outer loop
      vertex 34.925 36.318 2.81726
      vertex 30.525 36.2823 2.63765
      vertex 34.925 36.2823 2.63765
    endloop
  endfacet
  facet normal 0 0.997851 -0.0655259
    outer loop
      vertex 34.925 33.53 3
      vertex 30.525 33.542 3.18274
      vertex 34.925 33.542 3.18274
    endloop
  endfacet
  facet normal 0 0.997851 -0.0655259
    outer loop
      vertex 30.525 33.542 3.18274
      vertex 34.925 33.53 3
      vertex 30.525 33.53 3
    endloop
  endfacet
  facet normal 0 -0.442357 0.896839
    outer loop
      vertex 30.525 35.63 1.78756
      vertex 34.925 35.4658 1.70657
      vertex 34.925 35.63 1.78756
    endloop
  endfacet
  facet normal 0 -0.442357 0.896839
    outer loop
      vertex 34.925 35.4658 1.70657
      vertex 30.525 35.63 1.78756
      vertex 30.525 35.4658 1.70657
    endloop
  endfacet
  facet normal 0 0.946872 -0.321612
    outer loop
      vertex 34.925 33.5777 3.36235
      vertex 30.525 33.6366 3.53576
      vertex 34.925 33.6366 3.53576
    endloop
  endfacet
  facet normal 0 0.946872 -0.321612
    outer loop
      vertex 30.525 33.6366 3.53576
      vertex 34.925 33.5777 3.36235
      vertex 30.525 33.5777 3.36235
    endloop
  endfacet
  facet normal 0 -0.980813 -0.19495
    outer loop
      vertex 30.525 36.318 3.18274
      vertex 34.925 36.2823 3.36235
      vertex 30.525 36.2823 3.36235
    endloop
  endfacet
  facet normal 0 -0.980813 -0.19495
    outer loop
      vertex 34.925 36.2823 3.36235
      vertex 30.525 36.318 3.18274
      vertex 34.925 36.318 3.18274
    endloop
  endfacet
  facet normal 0 0.195066 -0.98079
    outer loop
      vertex 30.525 34.5677 4.3523
      vertex 34.925 34.7473 4.38802
      vertex 34.925 34.5677 4.3523
    endloop
  endfacet
  facet normal 0 0.195066 -0.98079
    outer loop
      vertex 34.925 34.7473 4.38802
      vertex 30.525 34.5677 4.3523
      vertex 30.525 34.7473 4.38802
    endloop
  endfacet
  facet normal 0 0.659285 -0.751893
    outer loop
      vertex 30.525 33.94 3.98995
      vertex 34.925 34.0777 4.11069
      vertex 34.925 33.94 3.98995
    endloop
  endfacet
  facet normal 0 0.659285 -0.751893
    outer loop
      vertex 34.925 34.0777 4.11069
      vertex 30.525 33.94 3.98995
      vertex 30.525 34.0777 4.11069
    endloop
  endfacet
  facet normal 0 -0.0654315 0.997857
    outer loop
      vertex 30.525 35.1127 1.61198
      vertex 34.925 34.93 1.6
      vertex 34.925 35.1127 1.61198
    endloop
  endfacet
  facet normal 0 -0.0654315 0.997857
    outer loop
      vertex 34.925 34.93 1.6
      vertex 30.525 35.1127 1.61198
      vertex 30.525 34.93 1.6
    endloop
  endfacet
  facet normal 0 -0.831579 0.555406
    outer loop
      vertex 30.525 36.0407 2.14773
      vertex 34.925 36.1424 2.3
      vertex 30.525 36.1424 2.3
    endloop
  endfacet
  facet normal 0 -0.831579 0.555406
    outer loop
      vertex 34.925 36.1424 2.3
      vertex 30.525 36.0407 2.14773
      vertex 34.925 36.0407 2.14773
    endloop
  endfacet
  facet normal 0 -0.89686 0.442314
    outer loop
      vertex 30.525 36.1424 2.3
      vertex 34.925 36.2234 2.46424
      vertex 30.525 36.2234 2.46424
    endloop
  endfacet
  facet normal 0 -0.89686 0.442314
    outer loop
      vertex 34.925 36.2234 2.46424
      vertex 30.525 36.1424 2.3
      vertex 34.925 36.1424 2.3
    endloop
  endfacet
  facet normal 0 -0.442401 -0.896817
    outer loop
      vertex 30.525 35.4658 4.29343
      vertex 34.925 35.63 4.21243
      vertex 34.925 35.4658 4.29343
    endloop
  endfacet
  facet normal -0 -0.442401 -0.896817
    outer loop
      vertex 34.925 35.63 4.21243
      vertex 30.525 35.4658 4.29343
      vertex 30.525 35.63 4.21243
    endloop
  endfacet
  facet normal -0 0.321316 0.946972
    outer loop
      vertex 30.525 34.5677 1.6477
      vertex 34.925 34.3942 1.70657
      vertex 34.925 34.5677 1.6477
    endloop
  endfacet
  facet normal 0 0.321316 0.946972
    outer loop
      vertex 34.925 34.3942 1.70657
      vertex 30.525 34.5677 1.6477
      vertex 30.525 34.3942 1.70657
    endloop
  endfacet
  facet normal 0 0.980813 -0.19495
    outer loop
      vertex 34.925 33.542 3.18274
      vertex 30.525 33.5777 3.36235
      vertex 34.925 33.5777 3.36235
    endloop
  endfacet
  facet normal 0 0.980813 -0.19495
    outer loop
      vertex 30.525 33.5777 3.36235
      vertex 34.925 33.542 3.18274
      vertex 30.525 33.542 3.18274
    endloop
  endfacet
  facet normal 0 -0.751683 -0.659524
    outer loop
      vertex 30.525 36.0407 3.85227
      vertex 34.925 35.9199 3.98995
      vertex 30.525 35.9199 3.98995
    endloop
  endfacet
  facet normal 0 -0.751683 -0.659524
    outer loop
      vertex 34.925 35.9199 3.98995
      vertex 30.525 36.0407 3.85227
      vertex 34.925 36.0407 3.85227
    endloop
  endfacet
  facet normal 0 -0.997851 0.0655259
    outer loop
      vertex 30.525 36.318 2.81726
      vertex 34.925 36.33 3
      vertex 30.525 36.33 3
    endloop
  endfacet
  facet normal 0 -0.997851 0.0655259
    outer loop
      vertex 34.925 36.33 3
      vertex 30.525 36.318 2.81726
      vertex 34.925 36.318 2.81726
    endloop
  endfacet
  facet normal 0 -0.89686 -0.442314
    outer loop
      vertex 30.525 36.2234 3.53576
      vertex 34.925 36.1424 3.7
      vertex 30.525 36.1424 3.7
    endloop
  endfacet
  facet normal 0 -0.89686 -0.442314
    outer loop
      vertex 34.925 36.1424 3.7
      vertex 30.525 36.2234 3.53576
      vertex 34.925 36.2234 3.53576
    endloop
  endfacet
  facet normal 0 0.751954 0.659216
    outer loop
      vertex 34.925 33.94 2.01005
      vertex 30.525 33.8193 2.14773
      vertex 34.925 33.8193 2.14773
    endloop
  endfacet
  facet normal 0 0.751954 0.659216
    outer loop
      vertex 30.525 33.8193 2.14773
      vertex 34.925 33.94 2.01005
      vertex 30.525 33.94 2.01005
    endloop
  endfacet
  facet normal 0 -0.946872 0.321612
    outer loop
      vertex 30.525 36.2234 2.46424
      vertex 34.925 36.2823 2.63765
      vertex 30.525 36.2823 2.63765
    endloop
  endfacet
  facet normal 0 -0.946872 0.321612
    outer loop
      vertex 34.925 36.2823 2.63765
      vertex 30.525 36.2234 2.46424
      vertex 34.925 36.2234 2.46424
    endloop
  endfacet
  facet normal 0 -0.555481 -0.831529
    outer loop
      vertex 30.525 35.63 4.21243
      vertex 34.925 35.7823 4.11069
      vertex 34.925 35.63 4.21243
    endloop
  endfacet
  facet normal -0 -0.555481 -0.831529
    outer loop
      vertex 34.925 35.7823 4.11069
      vertex 30.525 35.63 4.21243
      vertex 30.525 35.7823 4.11069
    endloop
  endfacet
  facet normal 0 -0.659556 0.751656
    outer loop
      vertex 30.525 35.9199 2.01005
      vertex 34.925 35.7823 1.88931
      vertex 34.925 35.9199 2.01005
    endloop
  endfacet
  facet normal 0 -0.659556 0.751656
    outer loop
      vertex 34.925 35.7823 1.88931
      vertex 30.525 35.9199 2.01005
      vertex 30.525 35.7823 1.88931
    endloop
  endfacet
  facet normal 0 0.980813 0.19495
    outer loop
      vertex 34.925 33.5777 2.63765
      vertex 30.525 33.542 2.81726
      vertex 34.925 33.542 2.81726
    endloop
  endfacet
  facet normal 0 0.980813 0.19495
    outer loop
      vertex 30.525 33.542 2.81726
      vertex 34.925 33.5777 2.63765
      vertex 30.525 33.5777 2.63765
    endloop
  endfacet
  facet normal 0 -0.831579 -0.555406
    outer loop
      vertex 30.525 36.1424 3.7
      vertex 34.925 36.0407 3.85227
      vertex 30.525 36.0407 3.85227
    endloop
  endfacet
  facet normal 0 -0.831579 -0.555406
    outer loop
      vertex 34.925 36.0407 3.85227
      vertex 30.525 36.1424 3.7
      vertex 34.925 36.1424 3.7
    endloop
  endfacet
  facet normal 0 -0.195066 -0.98079
    outer loop
      vertex 30.525 35.1127 4.38802
      vertex 34.925 35.2923 4.3523
      vertex 34.925 35.1127 4.38802
    endloop
  endfacet
  facet normal -0 -0.195066 -0.98079
    outer loop
      vertex 34.925 35.2923 4.3523
      vertex 30.525 35.1127 4.38802
      vertex 30.525 35.2923 4.3523
    endloop
  endfacet
  facet normal 0 -0.321316 0.946972
    outer loop
      vertex 30.525 35.4658 1.70657
      vertex 34.925 35.2923 1.6477
      vertex 34.925 35.4658 1.70657
    endloop
  endfacet
  facet normal 0 -0.321316 0.946972
    outer loop
      vertex 34.925 35.2923 1.6477
      vertex 30.525 35.4658 1.70657
      vertex 30.525 35.2923 1.6477
    endloop
  endfacet
  facet normal 0 -0.751683 0.659524
    outer loop
      vertex 30.525 35.9199 2.01005
      vertex 34.925 36.0407 2.14773
      vertex 30.525 36.0407 2.14773
    endloop
  endfacet
  facet normal 0 -0.751683 0.659524
    outer loop
      vertex 34.925 36.0407 2.14773
      vertex 30.525 35.9199 2.01005
      vertex 34.925 35.9199 2.01005
    endloop
  endfacet
  facet normal 0 0.89686 -0.442314
    outer loop
      vertex 34.925 33.6366 3.53576
      vertex 30.525 33.7176 3.7
      vertex 34.925 33.7176 3.7
    endloop
  endfacet
  facet normal 0 0.89686 -0.442314
    outer loop
      vertex 30.525 33.7176 3.7
      vertex 34.925 33.6366 3.53576
      vertex 30.525 33.6366 3.53576
    endloop
  endfacet
  facet normal -0 0.442357 0.896839
    outer loop
      vertex 30.525 34.3942 1.70657
      vertex 34.925 34.23 1.78756
      vertex 34.925 34.3942 1.70657
    endloop
  endfacet
  facet normal 0 0.442357 0.896839
    outer loop
      vertex 34.925 34.23 1.78756
      vertex 30.525 34.3942 1.70657
      vertex 30.525 34.23 1.78756
    endloop
  endfacet
  facet normal 0 0.555481 -0.831529
    outer loop
      vertex 30.525 34.0777 4.11069
      vertex 34.925 34.23 4.21243
      vertex 34.925 34.0777 4.11069
    endloop
  endfacet
  facet normal 0 0.555481 -0.831529
    outer loop
      vertex 34.925 34.23 4.21243
      vertex 30.525 34.0777 4.11069
      vertex 30.525 34.23 4.21243
    endloop
  endfacet
  facet normal 0 0.321316 -0.946972
    outer loop
      vertex 30.525 34.3942 4.29343
      vertex 34.925 34.5677 4.3523
      vertex 34.925 34.3942 4.29343
    endloop
  endfacet
  facet normal 0 0.321316 -0.946972
    outer loop
      vertex 34.925 34.5677 4.3523
      vertex 30.525 34.3942 4.29343
      vertex 30.525 34.5677 4.3523
    endloop
  endfacet
  facet normal 0 -0.659556 -0.751656
    outer loop
      vertex 30.525 35.7823 4.11069
      vertex 34.925 35.9199 3.98995
      vertex 34.925 35.7823 4.11069
    endloop
  endfacet
  facet normal -0 -0.659556 -0.751656
    outer loop
      vertex 34.925 35.9199 3.98995
      vertex 30.525 35.7823 4.11069
      vertex 30.525 35.9199 3.98995
    endloop
  endfacet
  facet normal 0 -0.946872 -0.321612
    outer loop
      vertex 30.525 36.2823 3.36235
      vertex 34.925 36.2234 3.53576
      vertex 30.525 36.2234 3.53576
    endloop
  endfacet
  facet normal 0 -0.946872 -0.321612
    outer loop
      vertex 34.925 36.2234 3.53576
      vertex 30.525 36.2823 3.36235
      vertex 34.925 36.2823 3.36235
    endloop
  endfacet
  facet normal 1 0 0
    outer loop
      vertex 30.525 36.318 3.18274
      vertex 30.525 36.318 2.81726
      vertex 30.525 36.33 3
    endloop
  endfacet
  facet normal 1 0 0
    outer loop
      vertex 30.525 36.2823 3.36235
      vertex 30.525 36.318 2.81726
      vertex 30.525 36.318 3.18274
    endloop
  endfacet
  facet normal 1 0 0
    outer loop
      vertex 30.525 36.2823 3.36235
      vertex 30.525 36.2823 2.63765
      vertex 30.525 36.318 2.81726
    endloop
  endfacet
  facet normal 1 0 0
    outer loop
      vertex 30.525 36.2234 3.53576
      vertex 30.525 36.2823 2.63765
      vertex 30.525 36.2823 3.36235
    endloop
  endfacet
  facet normal 1 0 0
    outer loop
      vertex 30.525 36.2234 3.53576
      vertex 30.525 36.2234 2.46424
      vertex 30.525 36.2823 2.63765
    endloop
  endfacet
  facet normal 1 0 0
    outer loop
      vertex 30.525 36.1424 3.7
      vertex 30.525 36.2234 2.46424
      vertex 30.525 36.2234 3.53576
    endloop
  endfacet
  facet normal 1 0 0
    outer loop
      vertex 30.525 36.1424 3.7
      vertex 30.525 36.1424 2.3
      vertex 30.525 36.2234 2.46424
    endloop
  endfacet
  facet normal 1 0 0
    outer loop
      vertex 30.525 36.0407 3.85227
      vertex 30.525 36.1424 2.3
      vertex 30.525 36.1424 3.7
    endloop
  endfacet
  facet normal 1 0 0
    outer loop
      vertex 30.525 36.0407 3.85227
      vertex 30.525 36.0407 2.14773
      vertex 30.525 36.1424 2.3
    endloop
  endfacet
  facet normal 1 0 0
    outer loop
      vertex 30.525 35.9199 3.98995
      vertex 30.525 36.0407 2.14773
      vertex 30.525 36.0407 3.85227
    endloop
  endfacet
  facet normal 1 0 0
    outer loop
      vertex 30.525 35.9199 3.98995
      vertex 30.525 35.9199 2.01005
      vertex 30.525 36.0407 2.14773
    endloop
  endfacet
  facet normal 1 0 0
    outer loop
      vertex 30.525 35.7823 4.11069
      vertex 30.525 35.9199 2.01005
      vertex 30.525 35.9199 3.98995
    endloop
  endfacet
  facet normal 1 0 0
    outer loop
      vertex 30.525 35.7823 4.11069
      vertex 30.525 35.7823 1.88931
      vertex 30.525 35.9199 2.01005
    endloop
  endfacet
  facet normal 1 0 0
    outer loop
      vertex 30.525 35.63 4.21243
      vertex 30.525 35.7823 1.88931
      vertex 30.525 35.7823 4.11069
    endloop
  endfacet
  facet normal 1 0 0
    outer loop
      vertex 30.525 35.63 4.21243
      vertex 30.525 35.63 1.78756
      vertex 30.525 35.7823 1.88931
    endloop
  endfacet
  facet normal 1 0 0
    outer loop
      vertex 30.525 35.4658 4.29343
      vertex 30.525 35.63 1.78756
      vertex 30.525 35.63 4.21243
    endloop
  endfacet
  facet normal 1 0 0
    outer loop
      vertex 30.525 35.4658 4.29343
      vertex 30.525 35.4658 1.70657
      vertex 30.525 35.63 1.78756
    endloop
  endfacet
  facet normal 1 0 0
    outer loop
      vertex 30.525 35.2923 4.3523
      vertex 30.525 35.4658 1.70657
      vertex 30.525 35.4658 4.29343
    endloop
  endfacet
  facet normal 1 0 0
    outer loop
      vertex 30.525 35.2923 4.3523
      vertex 30.525 35.2923 1.6477
      vertex 30.525 35.4658 1.70657
    endloop
  endfacet
  facet normal 1 0 0
    outer loop
      vertex 30.525 35.1127 4.38802
      vertex 30.525 35.2923 1.6477
      vertex 30.525 35.2923 4.3523
    endloop
  endfacet
  facet normal 1 0 0
    outer loop
      vertex 30.525 35.1127 4.38802
      vertex 30.525 35.1127 1.61198
      vertex 30.525 35.2923 1.6477
    endloop
  endfacet
  facet normal 1 0 0
    outer loop
      vertex 30.525 34.93 4.4
      vertex 30.525 35.1127 1.61198
      vertex 30.525 35.1127 4.38802
    endloop
  endfacet
  facet normal 1 0 0
    outer loop
      vertex 30.525 34.93 4.4
      vertex 30.525 34.93 1.6
      vertex 30.525 35.1127 1.61198
    endloop
  endfacet
  facet normal 1 -0 0
    outer loop
      vertex 30.525 34.7473 4.38802
      vertex 30.525 34.93 1.6
      vertex 30.525 34.93 4.4
    endloop
  endfacet
  facet normal 1 0 0
    outer loop
      vertex 30.525 34.7473 4.38802
      vertex 30.525 34.7473 1.61198
      vertex 30.525 34.93 1.6
    endloop
  endfacet
  facet normal 1 -0 0
    outer loop
      vertex 30.525 34.5677 4.3523
      vertex 30.525 34.7473 1.61198
      vertex 30.525 34.7473 4.38802
    endloop
  endfacet
  facet normal 1 0 0
    outer loop
      vertex 30.525 34.5677 4.3523
      vertex 30.525 34.5677 1.6477
      vertex 30.525 34.7473 1.61198
    endloop
  endfacet
  facet normal 1 -0 0
    outer loop
      vertex 30.525 34.3942 4.29343
      vertex 30.525 34.5677 1.6477
      vertex 30.525 34.5677 4.3523
    endloop
  endfacet
  facet normal 1 0 0
    outer loop
      vertex 30.525 34.3942 4.29343
      vertex 30.525 34.3942 1.70657
      vertex 30.525 34.5677 1.6477
    endloop
  endfacet
  facet normal 1 -0 0
    outer loop
      vertex 30.525 34.23 4.21243
      vertex 30.525 34.3942 1.70657
      vertex 30.525 34.3942 4.29343
    endloop
  endfacet
  facet normal 1 0 0
    outer loop
      vertex 30.525 34.23 4.21243
      vertex 30.525 34.23 1.78756
      vertex 30.525 34.3942 1.70657
    endloop
  endfacet
  facet normal 1 -0 0
    outer loop
      vertex 30.525 34.0777 4.11069
      vertex 30.525 34.23 1.78756
      vertex 30.525 34.23 4.21243
    endloop
  endfacet
  facet normal 1 0 0
    outer loop
      vertex 30.525 34.0777 4.11069
      vertex 30.525 34.0777 1.88931
      vertex 30.525 34.23 1.78756
    endloop
  endfacet
  facet normal 1 -0 0
    outer loop
      vertex 30.525 33.94 3.98995
      vertex 30.525 34.0777 1.88931
      vertex 30.525 34.0777 4.11069
    endloop
  endfacet
  facet normal 1 0 0
    outer loop
      vertex 30.525 33.94 3.98995
      vertex 30.525 33.94 2.01005
      vertex 30.525 34.0777 1.88931
    endloop
  endfacet
  facet normal 1 -0 0
    outer loop
      vertex 30.525 33.8193 3.85227
      vertex 30.525 33.94 2.01005
      vertex 30.525 33.94 3.98995
    endloop
  endfacet
  facet normal 1 0 0
    outer loop
      vertex 30.525 33.8193 3.85227
      vertex 30.525 33.8193 2.14773
      vertex 30.525 33.94 2.01005
    endloop
  endfacet
  facet normal 1 -0 0
    outer loop
      vertex 30.525 33.7176 3.7
      vertex 30.525 33.8193 2.14773
      vertex 30.525 33.8193 3.85227
    endloop
  endfacet
  facet normal 1 0 0
    outer loop
      vertex 30.525 33.7176 3.7
      vertex 30.525 33.7176 2.3
      vertex 30.525 33.8193 2.14773
    endloop
  endfacet
  facet normal 1 -0 0
    outer loop
      vertex 30.525 33.6366 3.53576
      vertex 30.525 33.7176 2.3
      vertex 30.525 33.7176 3.7
    endloop
  endfacet
  facet normal 1 0 0
    outer loop
      vertex 30.525 33.6366 3.53576
      vertex 30.525 33.6366 2.46424
      vertex 30.525 33.7176 2.3
    endloop
  endfacet
  facet normal 1 -0 0
    outer loop
      vertex 30.525 33.5777 3.36235
      vertex 30.525 33.6366 2.46424
      vertex 30.525 33.6366 3.53576
    endloop
  endfacet
  facet normal 1 0 0
    outer loop
      vertex 30.525 33.5777 3.36235
      vertex 30.525 33.5777 2.63765
      vertex 30.525 33.6366 2.46424
    endloop
  endfacet
  facet normal 1 -0 0
    outer loop
      vertex 30.525 33.542 3.18274
      vertex 30.525 33.5777 2.63765
      vertex 30.525 33.5777 3.36235
    endloop
  endfacet
  facet normal 1 0 0
    outer loop
      vertex 30.525 33.542 3.18274
      vertex 30.525 33.542 2.81726
      vertex 30.525 33.5777 2.63765
    endloop
  endfacet
  facet normal 1 0 -0
    outer loop
      vertex 30.525 33.542 2.81726
      vertex 30.525 33.542 3.18274
      vertex 30.525 33.53 3
    endloop
  endfacet
  facet normal 0 0.751954 -0.659216
    outer loop
      vertex 34.925 33.8193 3.85227
      vertex 30.525 33.94 3.98995
      vertex 34.925 33.94 3.98995
    endloop
  endfacet
  facet normal 0 0.751954 -0.659216
    outer loop
      vertex 30.525 33.94 3.98995
      vertex 34.925 33.8193 3.85227
      vertex 30.525 33.8193 3.85227
    endloop
  endfacet
  facet normal 0 0.831579 0.555406
    outer loop
      vertex 34.925 33.8193 2.14773
      vertex 30.525 33.7176 2.3
      vertex 34.925 33.7176 2.3
    endloop
  endfacet
  facet normal 0 0.831579 0.555406
    outer loop
      vertex 30.525 33.7176 2.3
      vertex 34.925 33.8193 2.14773
      vertex 30.525 33.8193 2.14773
    endloop
  endfacet
  facet normal 0 -0.195066 0.98079
    outer loop
      vertex 30.525 35.2923 1.6477
      vertex 34.925 35.1127 1.61198
      vertex 34.925 35.2923 1.6477
    endloop
  endfacet
  facet normal 0 -0.195066 0.98079
    outer loop
      vertex 34.925 35.1127 1.61198
      vertex 30.525 35.2923 1.6477
      vertex 30.525 35.1127 1.61198
    endloop
  endfacet
  facet normal 0 0.997851 0.0655259
    outer loop
      vertex 34.925 33.542 2.81726
      vertex 30.525 33.53 3
      vertex 34.925 33.53 3
    endloop
  endfacet
  facet normal 0 0.997851 0.0655259
    outer loop
      vertex 30.525 33.53 3
      vertex 34.925 33.542 2.81726
      vertex 30.525 33.542 2.81726
    endloop
  endfacet
  facet normal -0 0.0654315 0.997857
    outer loop
      vertex 30.525 34.93 1.6
      vertex 34.925 34.7473 1.61198
      vertex 34.925 34.93 1.6
    endloop
  endfacet
  facet normal 0 0.0654315 0.997857
    outer loop
      vertex 34.925 34.7473 1.61198
      vertex 30.525 34.93 1.6
      vertex 30.525 34.7473 1.61198
    endloop
  endfacet
  facet normal -0 0.555519 0.831504
    outer loop
      vertex 30.525 34.23 1.78756
      vertex 34.925 34.0777 1.88931
      vertex 34.925 34.23 1.78756
    endloop
  endfacet
  facet normal 0 0.555519 0.831504
    outer loop
      vertex 34.925 34.0777 1.88931
      vertex 30.525 34.23 1.78756
      vertex 30.525 34.0777 1.88931
    endloop
  endfacet
  facet normal -0 0.659285 0.751893
    outer loop
      vertex 30.525 34.0777 1.88931
      vertex 34.925 33.94 2.01005
      vertex 34.925 34.0777 1.88931
    endloop
  endfacet
  facet normal 0 0.659285 0.751893
    outer loop
      vertex 34.925 33.94 2.01005
      vertex 30.525 34.0777 1.88931
      vertex 30.525 33.94 2.01005
    endloop
  endfacet
  facet normal 0 -0.555519 0.831504
    outer loop
      vertex 30.525 35.7823 1.88931
      vertex 34.925 35.63 1.78756
      vertex 34.925 35.7823 1.88931
    endloop
  endfacet
  facet normal 0 -0.555519 0.831504
    outer loop
      vertex 34.925 35.63 1.78756
      vertex 30.525 35.7823 1.88931
      vertex 30.525 35.63 1.78756
    endloop
  endfacet
  facet normal 0 0.831579 -0.555406
    outer loop
      vertex 34.925 33.7176 3.7
      vertex 30.525 33.8193 3.85227
      vertex 34.925 33.8193 3.85227
    endloop
  endfacet
  facet normal 0 0.831579 -0.555406
    outer loop
      vertex 30.525 33.8193 3.85227
      vertex 34.925 33.7176 3.7
      vertex 30.525 33.7176 3.7
    endloop
  endfacet
  facet normal 0 0.980813 -0.19495
    outer loop
      vertex 34.925 71.642 3.18274
      vertex 30.525 71.6777 3.36235
      vertex 34.925 71.6777 3.36235
    endloop
  endfacet
  facet normal 0 0.980813 -0.19495
    outer loop
      vertex 30.525 71.6777 3.36235
      vertex 34.925 71.642 3.18274
      vertex 30.525 71.642 3.18274
    endloop
  endfacet
  facet normal 0 -0.0654315 -0.997857
    outer loop
      vertex 30.525 73.03 4.4
      vertex 34.925 73.2127 4.38802
      vertex 34.925 73.03 4.4
    endloop
  endfacet
  facet normal -0 -0.0654315 -0.997857
    outer loop
      vertex 34.925 73.2127 4.38802
      vertex 30.525 73.03 4.4
      vertex 30.525 73.2127 4.38802
    endloop
  endfacet
  facet normal 0 -0.195066 0.98079
    outer loop
      vertex 30.525 73.3923 1.6477
      vertex 34.925 73.2127 1.61198
      vertex 34.925 73.3923 1.6477
    endloop
  endfacet
  facet normal 0 -0.195066 0.98079
    outer loop
      vertex 34.925 73.2127 1.61198
      vertex 30.525 73.3923 1.6477
      vertex 30.525 73.2127 1.61198
    endloop
  endfacet
  facet normal 0 -0.980813 -0.19495
    outer loop
      vertex 30.525 74.418 3.18274
      vertex 34.925 74.3823 3.36235
      vertex 30.525 74.3823 3.36235
    endloop
  endfacet
  facet normal 0 -0.980813 -0.19495
    outer loop
      vertex 34.925 74.3823 3.36235
      vertex 30.525 74.418 3.18274
      vertex 34.925 74.418 3.18274
    endloop
  endfacet
  facet normal 0 0.195066 -0.98079
    outer loop
      vertex 30.525 72.6677 4.3523
      vertex 34.925 72.8473 4.38802
      vertex 34.925 72.6677 4.3523
    endloop
  endfacet
  facet normal 0 0.195066 -0.98079
    outer loop
      vertex 34.925 72.8473 4.38802
      vertex 30.525 72.6677 4.3523
      vertex 30.525 72.8473 4.38802
    endloop
  endfacet
  facet normal 0 -0.980813 0.19495
    outer loop
      vertex 30.525 74.3823 2.63765
      vertex 34.925 74.418 2.81726
      vertex 30.525 74.418 2.81726
    endloop
  endfacet
  facet normal 0 -0.980813 0.19495
    outer loop
      vertex 34.925 74.418 2.81726
      vertex 30.525 74.3823 2.63765
      vertex 34.925 74.3823 2.63765
    endloop
  endfacet
  facet normal 0 -0.751954 -0.659216
    outer loop
      vertex 30.525 74.1407 3.85227
      vertex 34.925 74.02 3.98995
      vertex 30.525 74.02 3.98995
    endloop
  endfacet
  facet normal 0 -0.751954 -0.659216
    outer loop
      vertex 34.925 74.02 3.98995
      vertex 30.525 74.1407 3.85227
      vertex 34.925 74.1407 3.85227
    endloop
  endfacet
  facet normal 0 -0.89686 0.442314
    outer loop
      vertex 30.525 74.2424 2.3
      vertex 34.925 74.3234 2.46424
      vertex 30.525 74.3234 2.46424
    endloop
  endfacet
  facet normal 0 -0.89686 0.442314
    outer loop
      vertex 34.925 74.3234 2.46424
      vertex 30.525 74.2424 2.3
      vertex 34.925 74.2424 2.3
    endloop
  endfacet
  facet normal 0 0.831579 -0.555406
    outer loop
      vertex 34.925 71.8176 3.7
      vertex 30.525 71.9193 3.85227
      vertex 34.925 71.9193 3.85227
    endloop
  endfacet
  facet normal 0 0.831579 -0.555406
    outer loop
      vertex 30.525 71.9193 3.85227
      vertex 34.925 71.8176 3.7
      vertex 30.525 71.8176 3.7
    endloop
  endfacet
  facet normal 0 -0.321316 -0.946972
    outer loop
      vertex 30.525 73.3923 4.3523
      vertex 34.925 73.5658 4.29343
      vertex 34.925 73.3923 4.3523
    endloop
  endfacet
  facet normal -0 -0.321316 -0.946972
    outer loop
      vertex 34.925 73.5658 4.29343
      vertex 30.525 73.3923 4.3523
      vertex 30.525 73.5658 4.29343
    endloop
  endfacet
  facet normal 0 -0.831579 0.555406
    outer loop
      vertex 30.525 74.1407 2.14773
      vertex 34.925 74.2424 2.3
      vertex 30.525 74.2424 2.3
    endloop
  endfacet
  facet normal 0 -0.831579 0.555406
    outer loop
      vertex 34.925 74.2424 2.3
      vertex 30.525 74.1407 2.14773
      vertex 34.925 74.1407 2.14773
    endloop
  endfacet
  facet normal 0 0.997851 -0.0655259
    outer loop
      vertex 34.925 71.63 3
      vertex 30.525 71.642 3.18274
      vertex 34.925 71.642 3.18274
    endloop
  endfacet
  facet normal 0 0.997851 -0.0655259
    outer loop
      vertex 30.525 71.642 3.18274
      vertex 34.925 71.63 3
      vertex 30.525 71.63 3
    endloop
  endfacet
  facet normal -0 0.442357 0.896839
    outer loop
      vertex 30.525 72.4942 1.70657
      vertex 34.925 72.33 1.78756
      vertex 34.925 72.4942 1.70657
    endloop
  endfacet
  facet normal 0 0.442357 0.896839
    outer loop
      vertex 34.925 72.33 1.78756
      vertex 30.525 72.4942 1.70657
      vertex 30.525 72.33 1.78756
    endloop
  endfacet
  facet normal 0 0.831579 0.555406
    outer loop
      vertex 34.925 71.9193 2.14773
      vertex 30.525 71.8176 2.3
      vertex 34.925 71.8176 2.3
    endloop
  endfacet
  facet normal 0 0.831579 0.555406
    outer loop
      vertex 30.525 71.8176 2.3
      vertex 34.925 71.9193 2.14773
      vertex 30.525 71.9193 2.14773
    endloop
  endfacet
  facet normal -0 0.659285 0.751893
    outer loop
      vertex 30.525 72.1777 1.88931
      vertex 34.925 72.04 2.01005
      vertex 34.925 72.1777 1.88931
    endloop
  endfacet
  facet normal 0 0.659285 0.751893
    outer loop
      vertex 34.925 72.04 2.01005
      vertex 30.525 72.1777 1.88931
      vertex 30.525 72.04 2.01005
    endloop
  endfacet
  facet normal 0 -0.442401 -0.896817
    outer loop
      vertex 30.525 73.5658 4.29343
      vertex 34.925 73.73 4.21243
      vertex 34.925 73.5658 4.29343
    endloop
  endfacet
  facet normal -0 -0.442401 -0.896817
    outer loop
      vertex 34.925 73.73 4.21243
      vertex 30.525 73.5658 4.29343
      vertex 30.525 73.73 4.21243
    endloop
  endfacet
  facet normal 0 -0.89686 -0.442314
    outer loop
      vertex 30.525 74.3234 3.53576
      vertex 34.925 74.2424 3.7
      vertex 30.525 74.2424 3.7
    endloop
  endfacet
  facet normal 0 -0.89686 -0.442314
    outer loop
      vertex 34.925 74.2424 3.7
      vertex 30.525 74.3234 3.53576
      vertex 34.925 74.3234 3.53576
    endloop
  endfacet
  facet normal 0 0.89686 -0.442314
    outer loop
      vertex 34.925 71.7366 3.53576
      vertex 30.525 71.8176 3.7
      vertex 34.925 71.8176 3.7
    endloop
  endfacet
  facet normal 0 0.89686 -0.442314
    outer loop
      vertex 30.525 71.8176 3.7
      vertex 34.925 71.7366 3.53576
      vertex 30.525 71.7366 3.53576
    endloop
  endfacet
  facet normal 0 0.659285 -0.751893
    outer loop
      vertex 30.525 72.04 3.98995
      vertex 34.925 72.1777 4.11069
      vertex 34.925 72.04 3.98995
    endloop
  endfacet
  facet normal 0 0.659285 -0.751893
    outer loop
      vertex 34.925 72.1777 4.11069
      vertex 30.525 72.04 3.98995
      vertex 30.525 72.1777 4.11069
    endloop
  endfacet
  facet normal 0 -0.659285 0.751893
    outer loop
      vertex 30.525 74.02 2.01005
      vertex 34.925 73.8823 1.88931
      vertex 34.925 74.02 2.01005
    endloop
  endfacet
  facet normal 0 -0.659285 0.751893
    outer loop
      vertex 34.925 73.8823 1.88931
      vertex 30.525 74.02 2.01005
      vertex 30.525 73.8823 1.88931
    endloop
  endfacet
  facet normal 0 0.751954 -0.659216
    outer loop
      vertex 34.925 71.9193 3.85227
      vertex 30.525 72.04 3.98995
      vertex 34.925 72.04 3.98995
    endloop
  endfacet
  facet normal 0 0.751954 -0.659216
    outer loop
      vertex 30.525 72.04 3.98995
      vertex 34.925 71.9193 3.85227
      vertex 30.525 71.9193 3.85227
    endloop
  endfacet
  facet normal -0 0.195066 0.98079
    outer loop
      vertex 30.525 72.8473 1.61198
      vertex 34.925 72.6677 1.6477
      vertex 34.925 72.8473 1.61198
    endloop
  endfacet
  facet normal 0 0.195066 0.98079
    outer loop
      vertex 34.925 72.6677 1.6477
      vertex 30.525 72.8473 1.61198
      vertex 30.525 72.6677 1.6477
    endloop
  endfacet
  facet normal 0 0.0654315 -0.997857
    outer loop
      vertex 30.525 72.8473 4.38802
      vertex 34.925 73.03 4.4
      vertex 34.925 72.8473 4.38802
    endloop
  endfacet
  facet normal 0 0.0654315 -0.997857
    outer loop
      vertex 34.925 73.03 4.4
      vertex 30.525 72.8473 4.38802
      vertex 30.525 73.03 4.4
    endloop
  endfacet
  facet normal 0 0.980813 0.19495
    outer loop
      vertex 34.925 71.6777 2.63765
      vertex 30.525 71.642 2.81726
      vertex 34.925 71.642 2.81726
    endloop
  endfacet
  facet normal 0 0.980813 0.19495
    outer loop
      vertex 30.525 71.642 2.81726
      vertex 34.925 71.6777 2.63765
      vertex 30.525 71.6777 2.63765
    endloop
  endfacet
  facet normal -0 0.321316 0.946972
    outer loop
      vertex 30.525 72.6677 1.6477
      vertex 34.925 72.4942 1.70657
      vertex 34.925 72.6677 1.6477
    endloop
  endfacet
  facet normal 0 0.321316 0.946972
    outer loop
      vertex 34.925 72.4942 1.70657
      vertex 30.525 72.6677 1.6477
      vertex 30.525 72.4942 1.70657
    endloop
  endfacet
  facet normal 0 -0.442357 0.896839
    outer loop
      vertex 30.525 73.73 1.78756
      vertex 34.925 73.5658 1.70657
      vertex 34.925 73.73 1.78756
    endloop
  endfacet
  facet normal 0 -0.442357 0.896839
    outer loop
      vertex 34.925 73.5658 1.70657
      vertex 30.525 73.73 1.78756
      vertex 30.525 73.5658 1.70657
    endloop
  endfacet
  facet normal 0 -0.659285 -0.751893
    outer loop
      vertex 30.525 73.8823 4.11069
      vertex 34.925 74.02 3.98995
      vertex 34.925 73.8823 4.11069
    endloop
  endfacet
  facet normal -0 -0.659285 -0.751893
    outer loop
      vertex 34.925 74.02 3.98995
      vertex 30.525 73.8823 4.11069
      vertex 30.525 74.02 3.98995
    endloop
  endfacet
  facet normal 0 -0.831579 -0.555406
    outer loop
      vertex 30.525 74.2424 3.7
      vertex 34.925 74.1407 3.85227
      vertex 30.525 74.1407 3.85227
    endloop
  endfacet
  facet normal 0 -0.831579 -0.555406
    outer loop
      vertex 34.925 74.1407 3.85227
      vertex 30.525 74.2424 3.7
      vertex 34.925 74.2424 3.7
    endloop
  endfacet
  facet normal 0 0.442401 -0.896817
    outer loop
      vertex 30.525 72.33 4.21243
      vertex 34.925 72.4942 4.29343
      vertex 34.925 72.33 4.21243
    endloop
  endfacet
  facet normal 0 0.442401 -0.896817
    outer loop
      vertex 34.925 72.4942 4.29343
      vertex 30.525 72.33 4.21243
      vertex 30.525 72.4942 4.29343
    endloop
  endfacet
  facet normal 0 -0.195066 -0.98079
    outer loop
      vertex 30.525 73.2127 4.38802
      vertex 34.925 73.3923 4.3523
      vertex 34.925 73.2127 4.38802
    endloop
  endfacet
  facet normal -0 -0.195066 -0.98079
    outer loop
      vertex 34.925 73.3923 4.3523
      vertex 30.525 73.2127 4.38802
      vertex 30.525 73.3923 4.3523
    endloop
  endfacet
  facet normal -0 0.0654315 0.997857
    outer loop
      vertex 30.525 73.03 1.6
      vertex 34.925 72.8473 1.61198
      vertex 34.925 73.03 1.6
    endloop
  endfacet
  facet normal 0 0.0654315 0.997857
    outer loop
      vertex 34.925 72.8473 1.61198
      vertex 30.525 73.03 1.6
      vertex 30.525 72.8473 1.61198
    endloop
  endfacet
  facet normal 0 0.321316 -0.946972
    outer loop
      vertex 30.525 72.4942 4.29343
      vertex 34.925 72.6677 4.3523
      vertex 34.925 72.4942 4.29343
    endloop
  endfacet
  facet normal 0 0.321316 -0.946972
    outer loop
      vertex 34.925 72.6677 4.3523
      vertex 30.525 72.4942 4.29343
      vertex 30.525 72.6677 4.3523
    endloop
  endfacet
  facet normal 0 -0.997851 -0.0655259
    outer loop
      vertex 30.525 74.43 3
      vertex 34.925 74.418 3.18274
      vertex 30.525 74.418 3.18274
    endloop
  endfacet
  facet normal 0 -0.997851 -0.0655259
    outer loop
      vertex 34.925 74.418 3.18274
      vertex 30.525 74.43 3
      vertex 34.925 74.43 3
    endloop
  endfacet
  facet normal 0 -0.555481 -0.831529
    outer loop
      vertex 30.525 73.73 4.21243
      vertex 34.925 73.8823 4.11069
      vertex 34.925 73.73 4.21243
    endloop
  endfacet
  facet normal -0 -0.555481 -0.831529
    outer loop
      vertex 34.925 73.8823 4.11069
      vertex 30.525 73.73 4.21243
      vertex 30.525 73.8823 4.11069
    endloop
  endfacet
  facet normal 0 0.555481 -0.831529
    outer loop
      vertex 30.525 72.1777 4.11069
      vertex 34.925 72.33 4.21243
      vertex 34.925 72.1777 4.11069
    endloop
  endfacet
  facet normal 0 0.555481 -0.831529
    outer loop
      vertex 34.925 72.33 4.21243
      vertex 30.525 72.1777 4.11069
      vertex 30.525 72.33 4.21243
    endloop
  endfacet
  facet normal 0 -0.997851 0.0655259
    outer loop
      vertex 30.525 74.418 2.81726
      vertex 34.925 74.43 3
      vertex 30.525 74.43 3
    endloop
  endfacet
  facet normal 0 -0.997851 0.0655259
    outer loop
      vertex 34.925 74.43 3
      vertex 30.525 74.418 2.81726
      vertex 34.925 74.418 2.81726
    endloop
  endfacet
  facet normal -0 0.555519 0.831504
    outer loop
      vertex 30.525 72.33 1.78756
      vertex 34.925 72.1777 1.88931
      vertex 34.925 72.33 1.78756
    endloop
  endfacet
  facet normal 0 0.555519 0.831504
    outer loop
      vertex 34.925 72.1777 1.88931
      vertex 30.525 72.33 1.78756
      vertex 30.525 72.1777 1.88931
    endloop
  endfacet
  facet normal 0 0.751954 0.659216
    outer loop
      vertex 34.925 72.04 2.01005
      vertex 30.525 71.9193 2.14773
      vertex 34.925 71.9193 2.14773
    endloop
  endfacet
  facet normal 0 0.751954 0.659216
    outer loop
      vertex 30.525 71.9193 2.14773
      vertex 34.925 72.04 2.01005
      vertex 30.525 72.04 2.01005
    endloop
  endfacet
  facet normal 1 0 0
    outer loop
      vertex 30.525 74.418 3.18274
      vertex 30.525 74.418 2.81726
      vertex 30.525 74.43 3
    endloop
  endfacet
  facet normal 1 0 0
    outer loop
      vertex 30.525 74.3823 3.36235
      vertex 30.525 74.418 2.81726
      vertex 30.525 74.418 3.18274
    endloop
  endfacet
  facet normal 1 0 0
    outer loop
      vertex 30.525 74.3823 3.36235
      vertex 30.525 74.3823 2.63765
      vertex 30.525 74.418 2.81726
    endloop
  endfacet
  facet normal 1 0 0
    outer loop
      vertex 30.525 74.3234 3.53576
      vertex 30.525 74.3823 2.63765
      vertex 30.525 74.3823 3.36235
    endloop
  endfacet
  facet normal 1 0 0
    outer loop
      vertex 30.525 74.3234 3.53576
      vertex 30.525 74.3234 2.46424
      vertex 30.525 74.3823 2.63765
    endloop
  endfacet
  facet normal 1 0 0
    outer loop
      vertex 30.525 74.2424 3.7
      vertex 30.525 74.3234 2.46424
      vertex 30.525 74.3234 3.53576
    endloop
  endfacet
  facet normal 1 0 0
    outer loop
      vertex 30.525 74.2424 3.7
      vertex 30.525 74.2424 2.3
      vertex 30.525 74.3234 2.46424
    endloop
  endfacet
  facet normal 1 0 0
    outer loop
      vertex 30.525 74.1407 3.85227
      vertex 30.525 74.2424 2.3
      vertex 30.525 74.2424 3.7
    endloop
  endfacet
  facet normal 1 0 0
    outer loop
      vertex 30.525 74.1407 3.85227
      vertex 30.525 74.1407 2.14773
      vertex 30.525 74.2424 2.3
    endloop
  endfacet
  facet normal 1 0 0
    outer loop
      vertex 30.525 74.02 3.98995
      vertex 30.525 74.1407 2.14773
      vertex 30.525 74.1407 3.85227
    endloop
  endfacet
  facet normal 1 0 0
    outer loop
      vertex 30.525 74.02 3.98995
      vertex 30.525 74.02 2.01005
      vertex 30.525 74.1407 2.14773
    endloop
  endfacet
  facet normal 1 0 0
    outer loop
      vertex 30.525 73.8823 4.11069
      vertex 30.525 74.02 2.01005
      vertex 30.525 74.02 3.98995
    endloop
  endfacet
  facet normal 1 0 0
    outer loop
      vertex 30.525 73.8823 4.11069
      vertex 30.525 73.8823 1.88931
      vertex 30.525 74.02 2.01005
    endloop
  endfacet
  facet normal 1 0 0
    outer loop
      vertex 30.525 73.73 4.21243
      vertex 30.525 73.8823 1.88931
      vertex 30.525 73.8823 4.11069
    endloop
  endfacet
  facet normal 1 0 0
    outer loop
      vertex 30.525 73.73 4.21243
      vertex 30.525 73.73 1.78756
      vertex 30.525 73.8823 1.88931
    endloop
  endfacet
  facet normal 1 0 0
    outer loop
      vertex 30.525 73.5658 4.29343
      vertex 30.525 73.73 1.78756
      vertex 30.525 73.73 4.21243
    endloop
  endfacet
  facet normal 1 0 0
    outer loop
      vertex 30.525 73.5658 4.29343
      vertex 30.525 73.5658 1.70657
      vertex 30.525 73.73 1.78756
    endloop
  endfacet
  facet normal 1 0 0
    outer loop
      vertex 30.525 73.3923 4.3523
      vertex 30.525 73.5658 1.70657
      vertex 30.525 73.5658 4.29343
    endloop
  endfacet
  facet normal 1 0 0
    outer loop
      vertex 30.525 73.3923 4.3523
      vertex 30.525 73.3923 1.6477
      vertex 30.525 73.5658 1.70657
    endloop
  endfacet
  facet normal 1 0 0
    outer loop
      vertex 30.525 73.2127 4.38802
      vertex 30.525 73.3923 1.6477
      vertex 30.525 73.3923 4.3523
    endloop
  endfacet
  facet normal 1 0 0
    outer loop
      vertex 30.525 73.2127 4.38802
      vertex 30.525 73.2127 1.61198
      vertex 30.525 73.3923 1.6477
    endloop
  endfacet
  facet normal 1 0 0
    outer loop
      vertex 30.525 73.03 4.4
      vertex 30.525 73.2127 1.61198
      vertex 30.525 73.2127 4.38802
    endloop
  endfacet
  facet normal 1 0 0
    outer loop
      vertex 30.525 73.03 4.4
      vertex 30.525 73.03 1.6
      vertex 30.525 73.2127 1.61198
    endloop
  endfacet
  facet normal 1 -0 0
    outer loop
      vertex 30.525 72.8473 4.38802
      vertex 30.525 73.03 1.6
      vertex 30.525 73.03 4.4
    endloop
  endfacet
  facet normal 1 0 0
    outer loop
      vertex 30.525 72.8473 4.38802
      vertex 30.525 72.8473 1.61198
      vertex 30.525 73.03 1.6
    endloop
  endfacet
  facet normal 1 -0 0
    outer loop
      vertex 30.525 72.6677 4.3523
      vertex 30.525 72.8473 1.61198
      vertex 30.525 72.8473 4.38802
    endloop
  endfacet
  facet normal 1 0 0
    outer loop
      vertex 30.525 72.6677 4.3523
      vertex 30.525 72.6677 1.6477
      vertex 30.525 72.8473 1.61198
    endloop
  endfacet
  facet normal 1 -0 0
    outer loop
      vertex 30.525 72.4942 4.29343
      vertex 30.525 72.6677 1.6477
      vertex 30.525 72.6677 4.3523
    endloop
  endfacet
  facet normal 1 0 0
    outer loop
      vertex 30.525 72.4942 4.29343
      vertex 30.525 72.4942 1.70657
      vertex 30.525 72.6677 1.6477
    endloop
  endfacet
  facet normal 1 -0 0
    outer loop
      vertex 30.525 72.33 4.21243
      vertex 30.525 72.4942 1.70657
      vertex 30.525 72.4942 4.29343
    endloop
  endfacet
  facet normal 1 0 0
    outer loop
      vertex 30.525 72.33 4.21243
      vertex 30.525 72.33 1.78756
      vertex 30.525 72.4942 1.70657
    endloop
  endfacet
  facet normal 1 -0 0
    outer loop
      vertex 30.525 72.1777 4.11069
      vertex 30.525 72.33 1.78756
      vertex 30.525 72.33 4.21243
    endloop
  endfacet
  facet normal 1 0 0
    outer loop
      vertex 30.525 72.1777 4.11069
      vertex 30.525 72.1777 1.88931
      vertex 30.525 72.33 1.78756
    endloop
  endfacet
  facet normal 1 -0 0
    outer loop
      vertex 30.525 72.04 3.98995
      vertex 30.525 72.1777 1.88931
      vertex 30.525 72.1777 4.11069
    endloop
  endfacet
  facet normal 1 0 0
    outer loop
      vertex 30.525 72.04 3.98995
      vertex 30.525 72.04 2.01005
      vertex 30.525 72.1777 1.88931
    endloop
  endfacet
  facet normal 1 -0 0
    outer loop
      vertex 30.525 71.9193 3.85227
      vertex 30.525 72.04 2.01005
      vertex 30.525 72.04 3.98995
    endloop
  endfacet
  facet normal 1 0 0
    outer loop
      vertex 30.525 71.9193 3.85227
      vertex 30.525 71.9193 2.14773
      vertex 30.525 72.04 2.01005
    endloop
  endfacet
  facet normal 1 -0 0
    outer loop
      vertex 30.525 71.8176 3.7
      vertex 30.525 71.9193 2.14773
      vertex 30.525 71.9193 3.85227
    endloop
  endfacet
  facet normal 1 0 0
    outer loop
      vertex 30.525 71.8176 3.7
      vertex 30.525 71.8176 2.3
      vertex 30.525 71.9193 2.14773
    endloop
  endfacet
  facet normal 1 -0 0
    outer loop
      vertex 30.525 71.7366 3.53576
      vertex 30.525 71.8176 2.3
      vertex 30.525 71.8176 3.7
    endloop
  endfacet
  facet normal 1 0 0
    outer loop
      vertex 30.525 71.7366 3.53576
      vertex 30.525 71.7366 2.46424
      vertex 30.525 71.8176 2.3
    endloop
  endfacet
  facet normal 1 -0 0
    outer loop
      vertex 30.525 71.6777 3.36235
      vertex 30.525 71.7366 2.46424
      vertex 30.525 71.7366 3.53576
    endloop
  endfacet
  facet normal 1 0 0
    outer loop
      vertex 30.525 71.6777 3.36235
      vertex 30.525 71.6777 2.63765
      vertex 30.525 71.7366 2.46424
    endloop
  endfacet
  facet normal 1 -0 0
    outer loop
      vertex 30.525 71.642 3.18274
      vertex 30.525 71.6777 2.63765
      vertex 30.525 71.6777 3.36235
    endloop
  endfacet
  facet normal 1 0 0
    outer loop
      vertex 30.525 71.642 3.18274
      vertex 30.525 71.642 2.81726
      vertex 30.525 71.6777 2.63765
    endloop
  endfacet
  facet normal 1 0 -0
    outer loop
      vertex 30.525 71.642 2.81726
      vertex 30.525 71.642 3.18274
      vertex 30.525 71.63 3
    endloop
  endfacet
  facet normal 0 -0.946872 -0.321612
    outer loop
      vertex 30.525 74.3823 3.36235
      vertex 34.925 74.3234 3.53576
      vertex 30.525 74.3234 3.53576
    endloop
  endfacet
  facet normal 0 -0.946872 -0.321612
    outer loop
      vertex 34.925 74.3234 3.53576
      vertex 30.525 74.3823 3.36235
      vertex 34.925 74.3823 3.36235
    endloop
  endfacet
  facet normal 0 -0.751954 0.659216
    outer loop
      vertex 30.525 74.02 2.01005
      vertex 34.925 74.1407 2.14773
      vertex 30.525 74.1407 2.14773
    endloop
  endfacet
  facet normal 0 -0.751954 0.659216
    outer loop
      vertex 34.925 74.1407 2.14773
      vertex 30.525 74.02 2.01005
      vertex 34.925 74.02 2.01005
    endloop
  endfacet
  facet normal 0 -0.946872 0.321612
    outer loop
      vertex 30.525 74.3234 2.46424
      vertex 34.925 74.3823 2.63765
      vertex 30.525 74.3823 2.63765
    endloop
  endfacet
  facet normal 0 -0.946872 0.321612
    outer loop
      vertex 34.925 74.3823 2.63765
      vertex 30.525 74.3234 2.46424
      vertex 34.925 74.3234 2.46424
    endloop
  endfacet
  facet normal 0 -0.0654315 0.997857
    outer loop
      vertex 30.525 73.2127 1.61198
      vertex 34.925 73.03 1.6
      vertex 34.925 73.2127 1.61198
    endloop
  endfacet
  facet normal 0 -0.0654315 0.997857
    outer loop
      vertex 34.925 73.03 1.6
      vertex 30.525 73.2127 1.61198
      vertex 30.525 73.03 1.6
    endloop
  endfacet
  facet normal 0 0.946872 -0.321612
    outer loop
      vertex 34.925 71.6777 3.36235
      vertex 30.525 71.7366 3.53576
      vertex 34.925 71.7366 3.53576
    endloop
  endfacet
  facet normal 0 0.946872 -0.321612
    outer loop
      vertex 30.525 71.7366 3.53576
      vertex 34.925 71.6777 3.36235
      vertex 30.525 71.6777 3.36235
    endloop
  endfacet
  facet normal 0 -0.321316 0.946972
    outer loop
      vertex 30.525 73.5658 1.70657
      vertex 34.925 73.3923 1.6477
      vertex 34.925 73.5658 1.70657
    endloop
  endfacet
  facet normal 0 -0.321316 0.946972
    outer loop
      vertex 34.925 73.3923 1.6477
      vertex 30.525 73.5658 1.70657
      vertex 30.525 73.3923 1.6477
    endloop
  endfacet
  facet normal 0 -0.555519 0.831504
    outer loop
      vertex 30.525 73.8823 1.88931
      vertex 34.925 73.73 1.78756
      vertex 34.925 73.8823 1.88931
    endloop
  endfacet
  facet normal 0 -0.555519 0.831504
    outer loop
      vertex 34.925 73.73 1.78756
      vertex 30.525 73.8823 1.88931
      vertex 30.525 73.73 1.78756
    endloop
  endfacet
  facet normal 0 0.997851 0.0655259
    outer loop
      vertex 34.925 71.642 2.81726
      vertex 30.525 71.63 3
      vertex 34.925 71.63 3
    endloop
  endfacet
  facet normal 0 0.997851 0.0655259
    outer loop
      vertex 30.525 71.63 3
      vertex 34.925 71.642 2.81726
      vertex 30.525 71.642 2.81726
    endloop
  endfacet
  facet normal 0 0.89686 0.442314
    outer loop
      vertex 34.925 71.8176 2.3
      vertex 30.525 71.7366 2.46424
      vertex 34.925 71.7366 2.46424
    endloop
  endfacet
  facet normal 0 0.89686 0.442314
    outer loop
      vertex 30.525 71.7366 2.46424
      vertex 34.925 71.8176 2.3
      vertex 30.525 71.8176 2.3
    endloop
  endfacet
  facet normal 0 0.946872 0.321612
    outer loop
      vertex 34.925 71.7366 2.46424
      vertex 30.525 71.6777 2.63765
      vertex 34.925 71.6777 2.63765
    endloop
  endfacet
  facet normal 0 0.946872 0.321612
    outer loop
      vertex 30.525 71.6777 2.63765
      vertex 34.925 71.7366 2.46424
      vertex 30.525 71.7366 2.46424
    endloop
  endfacet
  facet normal -0.980811 -0.194961 0
    outer loop
      vertex -29.472 14.1527 5.4
      vertex -29.5077 14.3323 10
      vertex -29.5077 14.3323 5.4
    endloop
  endfacet
  facet normal -0.980811 -0.194961 0
    outer loop
      vertex -29.5077 14.3323 10
      vertex -29.472 14.1527 5.4
      vertex -29.472 14.1527 10
    endloop
  endfacet
  facet normal -0.99785 -0.0655402 0
    outer loop
      vertex -29.46 13.97 5.4
      vertex -29.472 14.1527 10
      vertex -29.472 14.1527 5.4
    endloop
  endfacet
  facet normal -0.99785 -0.0655402 0
    outer loop
      vertex -29.472 14.1527 10
      vertex -29.46 13.97 5.4
      vertex -29.46 13.97 10
    endloop
  endfacet
  facet normal -0.946922 -0.321462 0
    outer loop
      vertex -29.5077 14.3323 5.4
      vertex -29.5666 14.5058 10
      vertex -29.5666 14.5058 5.4
    endloop
  endfacet
  facet normal -0.946922 -0.321462 0
    outer loop
      vertex -29.5666 14.5058 10
      vertex -29.5077 14.3323 5.4
      vertex -29.5077 14.3323 10
    endloop
  endfacet
  facet normal -0.83163 -0.55533 0
    outer loop
      vertex -29.6476 14.67 5.4
      vertex -29.7493 14.8223 10
      vertex -29.7493 14.8223 5.4
    endloop
  endfacet
  facet normal -0.83163 -0.55533 0
    outer loop
      vertex -29.7493 14.8223 10
      vertex -29.6476 14.67 5.4
      vertex -29.6476 14.67 10
    endloop
  endfacet
  facet normal 0.321462 -0.946922 0
    outer loop
      vertex -31.3958 15.2634 5.4
      vertex -31.2223 15.3223 10
      vertex -31.3958 15.2634 10
    endloop
  endfacet
  facet normal 0.321462 -0.946922 0
    outer loop
      vertex -31.2223 15.3223 10
      vertex -31.3958 15.2634 5.4
      vertex -31.2223 15.3223 5.4
    endloop
  endfacet
  facet normal -0.83163 0.55533 0
    outer loop
      vertex -29.7493 13.1177 5.4
      vertex -29.6476 13.27 10
      vertex -29.6476 13.27 5.4
    endloop
  endfacet
  facet normal -0.83163 0.55533 0
    outer loop
      vertex -29.6476 13.27 10
      vertex -29.7493 13.1177 5.4
      vertex -29.7493 13.1177 10
    endloop
  endfacet
  facet normal 0.194961 0.980811 -0
    outer loop
      vertex -31.0427 12.582 5.4
      vertex -31.2223 12.6177 10
      vertex -31.0427 12.582 10
    endloop
  endfacet
  facet normal 0.194961 0.980811 0
    outer loop
      vertex -31.2223 12.6177 10
      vertex -31.0427 12.582 5.4
      vertex -31.2223 12.6177 5.4
    endloop
  endfacet
  facet normal -0.55533 0.83163 0
    outer loop
      vertex -30.0077 12.8593 5.4
      vertex -30.16 12.7576 10
      vertex -30.0077 12.8593 10
    endloop
  endfacet
  facet normal -0.55533 0.83163 0
    outer loop
      vertex -30.16 12.7576 10
      vertex -30.0077 12.8593 5.4
      vertex -30.16 12.7576 5.4
    endloop
  endfacet
  facet normal -0.442401 0.896817 0
    outer loop
      vertex -30.16 12.7576 5.4
      vertex -30.3242 12.6766 10
      vertex -30.16 12.7576 10
    endloop
  endfacet
  facet normal -0.442401 0.896817 0
    outer loop
      vertex -30.3242 12.6766 10
      vertex -30.16 12.7576 5.4
      vertex -30.3242 12.6766 5.4
    endloop
  endfacet
  facet normal -0.321462 0.946922 0
    outer loop
      vertex -30.3242 12.6766 5.4
      vertex -30.4977 12.6177 10
      vertex -30.3242 12.6766 10
    endloop
  endfacet
  facet normal -0.321462 0.946922 0
    outer loop
      vertex -30.4977 12.6177 10
      vertex -30.3242 12.6766 5.4
      vertex -30.4977 12.6177 5.4
    endloop
  endfacet
  facet normal -0.896817 -0.442401 0
    outer loop
      vertex -29.5666 14.5058 5.4
      vertex -29.6476 14.67 10
      vertex -29.6476 14.67 5.4
    endloop
  endfacet
  facet normal -0.896817 -0.442401 0
    outer loop
      vertex -29.6476 14.67 10
      vertex -29.5666 14.5058 5.4
      vertex -29.5666 14.5058 10
    endloop
  endfacet
  facet normal 0.194961 -0.980811 0
    outer loop
      vertex -31.2223 15.3223 5.4
      vertex -31.0427 15.358 10
      vertex -31.2223 15.3223 10
    endloop
  endfacet
  facet normal 0.194961 -0.980811 0
    outer loop
      vertex -31.0427 15.358 10
      vertex -31.2223 15.3223 5.4
      vertex -31.0427 15.358 5.4
    endloop
  endfacet
  facet normal -0.946922 0.321462 0
    outer loop
      vertex -29.5666 13.4342 5.4
      vertex -29.5077 13.6077 10
      vertex -29.5077 13.6077 5.4
    endloop
  endfacet
  facet normal -0.946922 0.321462 0
    outer loop
      vertex -29.5077 13.6077 10
      vertex -29.5666 13.4342 5.4
      vertex -29.5666 13.4342 10
    endloop
  endfacet
  facet normal -0.896817 0.442401 0
    outer loop
      vertex -29.6476 13.27 5.4
      vertex -29.5666 13.4342 10
      vertex -29.5666 13.4342 5.4
    endloop
  endfacet
  facet normal -0.896817 0.442401 0
    outer loop
      vertex -29.5666 13.4342 10
      vertex -29.6476 13.27 5.4
      vertex -29.6476 13.27 10
    endloop
  endfacet
  facet normal 0.659741 -0.751493 0
    outer loop
      vertex -31.8499 14.9599 5.4
      vertex -31.7123 15.0807 10
      vertex -31.8499 14.9599 10
    endloop
  endfacet
  facet normal 0.659741 -0.751493 0
    outer loop
      vertex -31.7123 15.0807 10
      vertex -31.8499 14.9599 5.4
      vertex -31.7123 15.0807 5.4
    endloop
  endfacet
  facet normal 0.659741 0.751493 -0
    outer loop
      vertex -31.7123 12.8593 5.4
      vertex -31.8499 12.9801 10
      vertex -31.7123 12.8593 10
    endloop
  endfacet
  facet normal 0.659741 0.751493 0
    outer loop
      vertex -31.8499 12.9801 10
      vertex -31.7123 12.8593 5.4
      vertex -31.8499 12.9801 5.4
    endloop
  endfacet
  facet normal 0.980811 0.194961 0
    outer loop
      vertex -32.2123 13.6077 10
      vertex -32.248 13.7873 5.4
      vertex -32.248 13.7873 10
    endloop
  endfacet
  facet normal 0.980811 0.194961 0
    outer loop
      vertex -32.248 13.7873 5.4
      vertex -32.2123 13.6077 10
      vertex -32.2123 13.6077 5.4
    endloop
  endfacet
  facet normal 0.946922 0.321462 0
    outer loop
      vertex -32.1534 13.4342 10
      vertex -32.2123 13.6077 5.4
      vertex -32.2123 13.6077 10
    endloop
  endfacet
  facet normal 0.946922 0.321462 0
    outer loop
      vertex -32.2123 13.6077 5.4
      vertex -32.1534 13.4342 10
      vertex -32.1534 13.4342 5.4
    endloop
  endfacet
  facet normal 0.751493 -0.659741 0
    outer loop
      vertex -31.9707 14.8223 10
      vertex -31.8499 14.9599 5.4
      vertex -31.8499 14.9599 10
    endloop
  endfacet
  facet normal 0.751493 -0.659741 0
    outer loop
      vertex -31.8499 14.9599 5.4
      vertex -31.9707 14.8223 10
      vertex -31.9707 14.8223 5.4
    endloop
  endfacet
  facet normal 0.980811 -0.194961 0
    outer loop
      vertex -32.248 14.1527 10
      vertex -32.2123 14.3323 5.4
      vertex -32.2123 14.3323 10
    endloop
  endfacet
  facet normal 0.980811 -0.194961 0
    outer loop
      vertex -32.2123 14.3323 5.4
      vertex -32.248 14.1527 10
      vertex -32.248 14.1527 5.4
    endloop
  endfacet
  facet normal 0.99785 0.0655402 0
    outer loop
      vertex -32.248 13.7873 10
      vertex -32.26 13.97 5.4
      vertex -32.26 13.97 10
    endloop
  endfacet
  facet normal 0.99785 0.0655402 0
    outer loop
      vertex -32.26 13.97 5.4
      vertex -32.248 13.7873 10
      vertex -32.248 13.7873 5.4
    endloop
  endfacet
  facet normal -0.55533 -0.83163 0
    outer loop
      vertex -30.16 15.1824 5.4
      vertex -30.0077 15.0807 10
      vertex -30.16 15.1824 10
    endloop
  endfacet
  facet normal -0.55533 -0.83163 -0
    outer loop
      vertex -30.0077 15.0807 10
      vertex -30.16 15.1824 5.4
      vertex -30.0077 15.0807 5.4
    endloop
  endfacet
  facet normal -0.99785 0.0655402 0
    outer loop
      vertex -29.472 13.7873 5.4
      vertex -29.46 13.97 10
      vertex -29.46 13.97 5.4
    endloop
  endfacet
  facet normal -0.99785 0.0655402 0
    outer loop
      vertex -29.46 13.97 10
      vertex -29.472 13.7873 5.4
      vertex -29.472 13.7873 10
    endloop
  endfacet
  facet normal -0.194961 0.980811 0
    outer loop
      vertex -30.4977 12.6177 5.4
      vertex -30.6773 12.582 10
      vertex -30.4977 12.6177 10
    endloop
  endfacet
  facet normal -0.194961 0.980811 0
    outer loop
      vertex -30.6773 12.582 10
      vertex -30.4977 12.6177 5.4
      vertex -30.6773 12.582 5.4
    endloop
  endfacet
  facet normal 0.896817 0.442401 0
    outer loop
      vertex -32.0724 13.27 10
      vertex -32.1534 13.4342 5.4
      vertex -32.1534 13.4342 10
    endloop
  endfacet
  facet normal 0.896817 0.442401 0
    outer loop
      vertex -32.1534 13.4342 5.4
      vertex -32.0724 13.27 10
      vertex -32.0724 13.27 5.4
    endloop
  endfacet
  facet normal 0.946922 -0.321462 0
    outer loop
      vertex -32.2123 14.3323 10
      vertex -32.1534 14.5058 5.4
      vertex -32.1534 14.5058 10
    endloop
  endfacet
  facet normal 0.946922 -0.321462 0
    outer loop
      vertex -32.1534 14.5058 5.4
      vertex -32.2123 14.3323 10
      vertex -32.2123 14.3323 5.4
    endloop
  endfacet
  facet normal 0.55533 -0.83163 0
    outer loop
      vertex -31.7123 15.0807 5.4
      vertex -31.56 15.1824 10
      vertex -31.7123 15.0807 10
    endloop
  endfacet
  facet normal 0.55533 -0.83163 0
    outer loop
      vertex -31.56 15.1824 10
      vertex -31.7123 15.0807 5.4
      vertex -31.56 15.1824 5.4
    endloop
  endfacet
  facet normal -0.659741 -0.751493 0
    outer loop
      vertex -30.0077 15.0807 5.4
      vertex -29.8701 14.9599 10
      vertex -30.0077 15.0807 10
    endloop
  endfacet
  facet normal -0.659741 -0.751493 -0
    outer loop
      vertex -29.8701 14.9599 10
      vertex -30.0077 15.0807 5.4
      vertex -29.8701 14.9599 5.4
    endloop
  endfacet
  facet normal -0.980811 0.194961 0
    outer loop
      vertex -29.5077 13.6077 5.4
      vertex -29.472 13.7873 10
      vertex -29.472 13.7873 5.4
    endloop
  endfacet
  facet normal -0.980811 0.194961 0
    outer loop
      vertex -29.472 13.7873 10
      vertex -29.5077 13.6077 5.4
      vertex -29.5077 13.6077 10
    endloop
  endfacet
  facet normal 0.896817 -0.442401 0
    outer loop
      vertex -32.1534 14.5058 10
      vertex -32.0724 14.67 5.4
      vertex -32.0724 14.67 10
    endloop
  endfacet
  facet normal 0.896817 -0.442401 0
    outer loop
      vertex -32.0724 14.67 5.4
      vertex -32.1534 14.5058 10
      vertex -32.1534 14.5058 5.4
    endloop
  endfacet
  facet normal -0.442401 -0.896817 0
    outer loop
      vertex -30.3242 15.2634 5.4
      vertex -30.16 15.1824 10
      vertex -30.3242 15.2634 10
    endloop
  endfacet
  facet normal -0.442401 -0.896817 -0
    outer loop
      vertex -30.16 15.1824 10
      vertex -30.3242 15.2634 5.4
      vertex -30.16 15.1824 5.4
    endloop
  endfacet
  facet normal -0.321462 -0.946922 0
    outer loop
      vertex -30.4977 15.3223 5.4
      vertex -30.3242 15.2634 10
      vertex -30.4977 15.3223 10
    endloop
  endfacet
  facet normal -0.321462 -0.946922 -0
    outer loop
      vertex -30.3242 15.2634 10
      vertex -30.4977 15.3223 5.4
      vertex -30.3242 15.2634 5.4
    endloop
  endfacet
  facet normal -0.194961 -0.980811 0
    outer loop
      vertex -30.6773 15.358 5.4
      vertex -30.4977 15.3223 10
      vertex -30.6773 15.358 10
    endloop
  endfacet
  facet normal -0.194961 -0.980811 -0
    outer loop
      vertex -30.4977 15.3223 10
      vertex -30.6773 15.358 5.4
      vertex -30.4977 15.3223 5.4
    endloop
  endfacet
  facet normal -0.0655402 0.99785 0
    outer loop
      vertex -30.6773 12.582 5.4
      vertex -30.86 12.57 10
      vertex -30.6773 12.582 10
    endloop
  endfacet
  facet normal -0.0655402 0.99785 0
    outer loop
      vertex -30.86 12.57 10
      vertex -30.6773 12.582 5.4
      vertex -30.86 12.57 5.4
    endloop
  endfacet
  facet normal 0.83163 -0.55533 0
    outer loop
      vertex -32.0724 14.67 10
      vertex -31.9707 14.8223 5.4
      vertex -31.9707 14.8223 10
    endloop
  endfacet
  facet normal 0.83163 -0.55533 0
    outer loop
      vertex -31.9707 14.8223 5.4
      vertex -32.0724 14.67 10
      vertex -32.0724 14.67 5.4
    endloop
  endfacet
  facet normal 0.321462 0.946922 -0
    outer loop
      vertex -31.2223 12.6177 5.4
      vertex -31.3958 12.6766 10
      vertex -31.2223 12.6177 10
    endloop
  endfacet
  facet normal 0.321462 0.946922 0
    outer loop
      vertex -31.3958 12.6766 10
      vertex -31.2223 12.6177 5.4
      vertex -31.3958 12.6766 5.4
    endloop
  endfacet
  facet normal -0.751493 0.659741 0
    outer loop
      vertex -29.8701 12.9801 5.4
      vertex -29.7493 13.1177 10
      vertex -29.7493 13.1177 5.4
    endloop
  endfacet
  facet normal -0.751493 0.659741 0
    outer loop
      vertex -29.7493 13.1177 10
      vertex -29.8701 12.9801 5.4
      vertex -29.8701 12.9801 10
    endloop
  endfacet
  facet normal 0.0655402 -0.99785 0
    outer loop
      vertex -31.0427 15.358 5.4
      vertex -30.86 15.37 10
      vertex -31.0427 15.358 10
    endloop
  endfacet
  facet normal 0.0655402 -0.99785 0
    outer loop
      vertex -30.86 15.37 10
      vertex -31.0427 15.358 5.4
      vertex -30.86 15.37 5.4
    endloop
  endfacet
  facet normal 0.83163 0.55533 0
    outer loop
      vertex -31.9707 13.1177 10
      vertex -32.0724 13.27 5.4
      vertex -32.0724 13.27 10
    endloop
  endfacet
  facet normal 0.83163 0.55533 0
    outer loop
      vertex -32.0724 13.27 5.4
      vertex -31.9707 13.1177 10
      vertex -31.9707 13.1177 5.4
    endloop
  endfacet
  facet normal 0.442401 -0.896817 0
    outer loop
      vertex -31.56 15.1824 5.4
      vertex -31.3958 15.2634 10
      vertex -31.56 15.1824 10
    endloop
  endfacet
  facet normal 0.442401 -0.896817 0
    outer loop
      vertex -31.3958 15.2634 10
      vertex -31.56 15.1824 5.4
      vertex -31.3958 15.2634 5.4
    endloop
  endfacet
  facet normal 0.55533 0.83163 -0
    outer loop
      vertex -31.56 12.7576 5.4
      vertex -31.7123 12.8593 10
      vertex -31.56 12.7576 10
    endloop
  endfacet
  facet normal 0.55533 0.83163 0
    outer loop
      vertex -31.7123 12.8593 10
      vertex -31.56 12.7576 5.4
      vertex -31.7123 12.8593 5.4
    endloop
  endfacet
  facet normal 0 0 1
    outer loop
      vertex -29.472 14.1527 5.4
      vertex -29.472 13.7873 5.4
      vertex -29.46 13.97 5.4
    endloop
  endfacet
  facet normal 0 0 1
    outer loop
      vertex -29.5077 14.3323 5.4
      vertex -29.472 13.7873 5.4
      vertex -29.472 14.1527 5.4
    endloop
  endfacet
  facet normal 0 0 1
    outer loop
      vertex -29.5077 14.3323 5.4
      vertex -29.5077 13.6077 5.4
      vertex -29.472 13.7873 5.4
    endloop
  endfacet
  facet normal 0 0 1
    outer loop
      vertex -29.5666 14.5058 5.4
      vertex -29.5077 13.6077 5.4
      vertex -29.5077 14.3323 5.4
    endloop
  endfacet
  facet normal 0 0 1
    outer loop
      vertex -29.5666 14.5058 5.4
      vertex -29.5666 13.4342 5.4
      vertex -29.5077 13.6077 5.4
    endloop
  endfacet
  facet normal 0 0 1
    outer loop
      vertex -29.6476 14.67 5.4
      vertex -29.5666 13.4342 5.4
      vertex -29.5666 14.5058 5.4
    endloop
  endfacet
  facet normal 0 0 1
    outer loop
      vertex -29.6476 14.67 5.4
      vertex -29.6476 13.27 5.4
      vertex -29.5666 13.4342 5.4
    endloop
  endfacet
  facet normal 0 0 1
    outer loop
      vertex -29.7493 14.8223 5.4
      vertex -29.6476 13.27 5.4
      vertex -29.6476 14.67 5.4
    endloop
  endfacet
  facet normal 0 0 1
    outer loop
      vertex -29.7493 14.8223 5.4
      vertex -29.7493 13.1177 5.4
      vertex -29.6476 13.27 5.4
    endloop
  endfacet
  facet normal 0 0 1
    outer loop
      vertex -29.8701 14.9599 5.4
      vertex -29.7493 13.1177 5.4
      vertex -29.7493 14.8223 5.4
    endloop
  endfacet
  facet normal 0 0 1
    outer loop
      vertex -29.8701 14.9599 5.4
      vertex -29.8701 12.9801 5.4
      vertex -29.7493 13.1177 5.4
    endloop
  endfacet
  facet normal 0 0 1
    outer loop
      vertex -30.0077 15.0807 5.4
      vertex -29.8701 12.9801 5.4
      vertex -29.8701 14.9599 5.4
    endloop
  endfacet
  facet normal 0 0 1
    outer loop
      vertex -30.0077 15.0807 5.4
      vertex -30.0077 12.8593 5.4
      vertex -29.8701 12.9801 5.4
    endloop
  endfacet
  facet normal 0 0 1
    outer loop
      vertex -30.16 15.1824 5.4
      vertex -30.0077 12.8593 5.4
      vertex -30.0077 15.0807 5.4
    endloop
  endfacet
  facet normal 0 0 1
    outer loop
      vertex -30.16 15.1824 5.4
      vertex -30.16 12.7576 5.4
      vertex -30.0077 12.8593 5.4
    endloop
  endfacet
  facet normal 0 0 1
    outer loop
      vertex -30.3242 15.2634 5.4
      vertex -30.16 12.7576 5.4
      vertex -30.16 15.1824 5.4
    endloop
  endfacet
  facet normal 0 0 1
    outer loop
      vertex -30.3242 15.2634 5.4
      vertex -30.3242 12.6766 5.4
      vertex -30.16 12.7576 5.4
    endloop
  endfacet
  facet normal 0 0 1
    outer loop
      vertex -30.4977 15.3223 5.4
      vertex -30.3242 12.6766 5.4
      vertex -30.3242 15.2634 5.4
    endloop
  endfacet
  facet normal 0 0 1
    outer loop
      vertex -30.4977 15.3223 5.4
      vertex -30.4977 12.6177 5.4
      vertex -30.3242 12.6766 5.4
    endloop
  endfacet
  facet normal 0 0 1
    outer loop
      vertex -30.6773 15.358 5.4
      vertex -30.4977 12.6177 5.4
      vertex -30.4977 15.3223 5.4
    endloop
  endfacet
  facet normal 0 0 1
    outer loop
      vertex -30.6773 15.358 5.4
      vertex -30.6773 12.582 5.4
      vertex -30.4977 12.6177 5.4
    endloop
  endfacet
  facet normal 0 0 1
    outer loop
      vertex -30.86 15.37 5.4
      vertex -30.6773 12.582 5.4
      vertex -30.6773 15.358 5.4
    endloop
  endfacet
  facet normal 0 0 1
    outer loop
      vertex -30.86 15.37 5.4
      vertex -30.86 12.57 5.4
      vertex -30.6773 12.582 5.4
    endloop
  endfacet
  facet normal -0 0 1
    outer loop
      vertex -31.0427 15.358 5.4
      vertex -30.86 12.57 5.4
      vertex -30.86 15.37 5.4
    endloop
  endfacet
  facet normal 0 0 1
    outer loop
      vertex -31.0427 15.358 5.4
      vertex -31.0427 12.582 5.4
      vertex -30.86 12.57 5.4
    endloop
  endfacet
  facet normal -0 0 1
    outer loop
      vertex -31.2223 15.3223 5.4
      vertex -31.0427 12.582 5.4
      vertex -31.0427 15.358 5.4
    endloop
  endfacet
  facet normal 0 0 1
    outer loop
      vertex -31.2223 15.3223 5.4
      vertex -31.2223 12.6177 5.4
      vertex -31.0427 12.582 5.4
    endloop
  endfacet
  facet normal -0 0 1
    outer loop
      vertex -31.3958 15.2634 5.4
      vertex -31.2223 12.6177 5.4
      vertex -31.2223 15.3223 5.4
    endloop
  endfacet
  facet normal 0 0 1
    outer loop
      vertex -31.3958 15.2634 5.4
      vertex -31.3958 12.6766 5.4
      vertex -31.2223 12.6177 5.4
    endloop
  endfacet
  facet normal -0 0 1
    outer loop
      vertex -31.56 15.1824 5.4
      vertex -31.3958 12.6766 5.4
      vertex -31.3958 15.2634 5.4
    endloop
  endfacet
  facet normal 0 0 1
    outer loop
      vertex -31.56 15.1824 5.4
      vertex -31.56 12.7576 5.4
      vertex -31.3958 12.6766 5.4
    endloop
  endfacet
  facet normal -0 0 1
    outer loop
      vertex -31.7123 15.0807 5.4
      vertex -31.56 12.7576 5.4
      vertex -31.56 15.1824 5.4
    endloop
  endfacet
  facet normal 0 0 1
    outer loop
      vertex -31.7123 15.0807 5.4
      vertex -31.7123 12.8593 5.4
      vertex -31.56 12.7576 5.4
    endloop
  endfacet
  facet normal -0 0 1
    outer loop
      vertex -31.8499 14.9599 5.4
      vertex -31.7123 12.8593 5.4
      vertex -31.7123 15.0807 5.4
    endloop
  endfacet
  facet normal 0 0 1
    outer loop
      vertex -31.8499 14.9599 5.4
      vertex -31.8499 12.9801 5.4
      vertex -31.7123 12.8593 5.4
    endloop
  endfacet
  facet normal -0 0 1
    outer loop
      vertex -31.9707 14.8223 5.4
      vertex -31.8499 12.9801 5.4
      vertex -31.8499 14.9599 5.4
    endloop
  endfacet
  facet normal 0 0 1
    outer loop
      vertex -31.9707 14.8223 5.4
      vertex -31.9707 13.1177 5.4
      vertex -31.8499 12.9801 5.4
    endloop
  endfacet
  facet normal -0 0 1
    outer loop
      vertex -32.0724 14.67 5.4
      vertex -31.9707 13.1177 5.4
      vertex -31.9707 14.8223 5.4
    endloop
  endfacet
  facet normal 0 0 1
    outer loop
      vertex -32.0724 14.67 5.4
      vertex -32.0724 13.27 5.4
      vertex -31.9707 13.1177 5.4
    endloop
  endfacet
  facet normal -0 0 1
    outer loop
      vertex -32.1534 14.5058 5.4
      vertex -32.0724 13.27 5.4
      vertex -32.0724 14.67 5.4
    endloop
  endfacet
  facet normal 0 0 1
    outer loop
      vertex -32.1534 14.5058 5.4
      vertex -32.1534 13.4342 5.4
      vertex -32.0724 13.27 5.4
    endloop
  endfacet
  facet normal -0 0 1
    outer loop
      vertex -32.2123 14.3323 5.4
      vertex -32.1534 13.4342 5.4
      vertex -32.1534 14.5058 5.4
    endloop
  endfacet
  facet normal 0 0 1
    outer loop
      vertex -32.2123 14.3323 5.4
      vertex -32.2123 13.6077 5.4
      vertex -32.1534 13.4342 5.4
    endloop
  endfacet
  facet normal -0 0 1
    outer loop
      vertex -32.248 14.1527 5.4
      vertex -32.2123 13.6077 5.4
      vertex -32.2123 14.3323 5.4
    endloop
  endfacet
  facet normal 0 0 1
    outer loop
      vertex -32.248 14.1527 5.4
      vertex -32.248 13.7873 5.4
      vertex -32.2123 13.6077 5.4
    endloop
  endfacet
  facet normal 0 -0 1
    outer loop
      vertex -32.248 13.7873 5.4
      vertex -32.248 14.1527 5.4
      vertex -32.26 13.97 5.4
    endloop
  endfacet
  facet normal 0.99785 -0.0655402 0
    outer loop
      vertex -32.26 13.97 10
      vertex -32.248 14.1527 5.4
      vertex -32.248 14.1527 10
    endloop
  endfacet
  facet normal 0.99785 -0.0655402 0
    outer loop
      vertex -32.248 14.1527 5.4
      vertex -32.26 13.97 10
      vertex -32.26 13.97 5.4
    endloop
  endfacet
  facet normal -0.0655402 -0.99785 0
    outer loop
      vertex -30.86 15.37 5.4
      vertex -30.6773 15.358 10
      vertex -30.86 15.37 10
    endloop
  endfacet
  facet normal -0.0655402 -0.99785 -0
    outer loop
      vertex -30.6773 15.358 10
      vertex -30.86 15.37 5.4
      vertex -30.6773 15.358 5.4
    endloop
  endfacet
  facet normal -0.751493 -0.659741 0
    outer loop
      vertex -29.7493 14.8223 5.4
      vertex -29.8701 14.9599 10
      vertex -29.8701 14.9599 5.4
    endloop
  endfacet
  facet normal -0.751493 -0.659741 0
    outer loop
      vertex -29.8701 14.9599 10
      vertex -29.7493 14.8223 5.4
      vertex -29.7493 14.8223 10
    endloop
  endfacet
  facet normal 0.751493 0.659741 0
    outer loop
      vertex -31.8499 12.9801 10
      vertex -31.9707 13.1177 5.4
      vertex -31.9707 13.1177 10
    endloop
  endfacet
  facet normal 0.751493 0.659741 0
    outer loop
      vertex -31.9707 13.1177 5.4
      vertex -31.8499 12.9801 10
      vertex -31.8499 12.9801 5.4
    endloop
  endfacet
  facet normal 0.0655402 0.99785 -0
    outer loop
      vertex -30.86 12.57 5.4
      vertex -31.0427 12.582 10
      vertex -30.86 12.57 10
    endloop
  endfacet
  facet normal 0.0655402 0.99785 0
    outer loop
      vertex -31.0427 12.582 10
      vertex -30.86 12.57 5.4
      vertex -31.0427 12.582 5.4
    endloop
  endfacet
  facet normal 0.442401 0.896817 -0
    outer loop
      vertex -31.3958 12.6766 5.4
      vertex -31.56 12.7576 10
      vertex -31.3958 12.6766 10
    endloop
  endfacet
  facet normal 0.442401 0.896817 0
    outer loop
      vertex -31.56 12.7576 10
      vertex -31.3958 12.6766 5.4
      vertex -31.56 12.7576 5.4
    endloop
  endfacet
  facet normal -0.659741 0.751493 0
    outer loop
      vertex -29.8701 12.9801 5.4
      vertex -30.0077 12.8593 10
      vertex -29.8701 12.9801 10
    endloop
  endfacet
  facet normal -0.659741 0.751493 0
    outer loop
      vertex -30.0077 12.8593 10
      vertex -29.8701 12.9801 5.4
      vertex -30.0077 12.8593 5.4
    endloop
  endfacet
  facet normal 0.55533 -0.83163 0
    outer loop
      vertex -31.7123 91.6807 5.4
      vertex -31.56 91.7824 10
      vertex -31.7123 91.6807 10
    endloop
  endfacet
  facet normal 0.55533 -0.83163 0
    outer loop
      vertex -31.56 91.7824 10
      vertex -31.7123 91.6807 5.4
      vertex -31.56 91.7824 5.4
    endloop
  endfacet
  facet normal -0.980811 -0.194961 0
    outer loop
      vertex -29.472 90.7527 5.4
      vertex -29.5077 90.9323 10
      vertex -29.5077 90.9323 5.4
    endloop
  endfacet
  facet normal -0.980811 -0.194961 0
    outer loop
      vertex -29.5077 90.9323 10
      vertex -29.472 90.7527 5.4
      vertex -29.472 90.7527 10
    endloop
  endfacet
  facet normal -0.99785 -0.0655402 0
    outer loop
      vertex -29.46 90.57 5.4
      vertex -29.472 90.7527 10
      vertex -29.472 90.7527 5.4
    endloop
  endfacet
  facet normal -0.99785 -0.0655402 0
    outer loop
      vertex -29.472 90.7527 10
      vertex -29.46 90.57 5.4
      vertex -29.46 90.57 10
    endloop
  endfacet
  facet normal -0.946922 -0.321462 0
    outer loop
      vertex -29.5077 90.9323 5.4
      vertex -29.5666 91.1058 10
      vertex -29.5666 91.1058 5.4
    endloop
  endfacet
  facet normal -0.946922 -0.321462 0
    outer loop
      vertex -29.5666 91.1058 10
      vertex -29.5077 90.9323 5.4
      vertex -29.5077 90.9323 10
    endloop
  endfacet
  facet normal -0.896817 0.442401 0
    outer loop
      vertex -29.6476 89.87 5.4
      vertex -29.5666 90.0342 10
      vertex -29.5666 90.0342 5.4
    endloop
  endfacet
  facet normal -0.896817 0.442401 0
    outer loop
      vertex -29.5666 90.0342 10
      vertex -29.6476 89.87 5.4
      vertex -29.6476 89.87 10
    endloop
  endfacet
  facet normal -0.83163 -0.55533 0
    outer loop
      vertex -29.6476 91.27 5.4
      vertex -29.7493 91.4223 10
      vertex -29.7493 91.4223 5.4
    endloop
  endfacet
  facet normal -0.83163 -0.55533 0
    outer loop
      vertex -29.7493 91.4223 10
      vertex -29.6476 91.27 5.4
      vertex -29.6476 91.27 10
    endloop
  endfacet
  facet normal -0.946922 0.321462 0
    outer loop
      vertex -29.5666 90.0342 5.4
      vertex -29.5077 90.2077 10
      vertex -29.5077 90.2077 5.4
    endloop
  endfacet
  facet normal -0.946922 0.321462 0
    outer loop
      vertex -29.5077 90.2077 10
      vertex -29.5666 90.0342 5.4
      vertex -29.5666 90.0342 10
    endloop
  endfacet
  facet normal -0.896817 -0.442401 0
    outer loop
      vertex -29.5666 91.1058 5.4
      vertex -29.6476 91.27 10
      vertex -29.6476 91.27 5.4
    endloop
  endfacet
  facet normal -0.896817 -0.442401 0
    outer loop
      vertex -29.6476 91.27 10
      vertex -29.5666 91.1058 5.4
      vertex -29.5666 91.1058 10
    endloop
  endfacet
  facet normal 0.442401 -0.896817 0
    outer loop
      vertex -31.56 91.7824 5.4
      vertex -31.3958 91.8634 10
      vertex -31.56 91.7824 10
    endloop
  endfacet
  facet normal 0.442401 -0.896817 0
    outer loop
      vertex -31.3958 91.8634 10
      vertex -31.56 91.7824 5.4
      vertex -31.3958 91.8634 5.4
    endloop
  endfacet
  facet normal 0.99785 0.0655402 0
    outer loop
      vertex -32.248 90.3873 10
      vertex -32.26 90.57 5.4
      vertex -32.26 90.57 10
    endloop
  endfacet
  facet normal 0.99785 0.0655402 0
    outer loop
      vertex -32.26 90.57 5.4
      vertex -32.248 90.3873 10
      vertex -32.248 90.3873 5.4
    endloop
  endfacet
  facet normal -0.321462 -0.946922 0
    outer loop
      vertex -30.4977 91.9223 5.4
      vertex -30.3242 91.8634 10
      vertex -30.4977 91.9223 10
    endloop
  endfacet
  facet normal -0.321462 -0.946922 -0
    outer loop
      vertex -30.3242 91.8634 10
      vertex -30.4977 91.9223 5.4
      vertex -30.3242 91.8634 5.4
    endloop
  endfacet
  facet normal -0.442401 -0.896817 0
    outer loop
      vertex -30.3242 91.8634 5.4
      vertex -30.16 91.7824 10
      vertex -30.3242 91.8634 10
    endloop
  endfacet
  facet normal -0.442401 -0.896817 -0
    outer loop
      vertex -30.16 91.7824 10
      vertex -30.3242 91.8634 5.4
      vertex -30.16 91.7824 5.4
    endloop
  endfacet
  facet normal -0.751731 -0.65947 0
    outer loop
      vertex -29.7493 91.4223 5.4
      vertex -29.8701 91.56 10
      vertex -29.8701 91.56 5.4
    endloop
  endfacet
  facet normal -0.751731 -0.65947 0
    outer loop
      vertex -29.8701 91.56 10
      vertex -29.7493 91.4223 5.4
      vertex -29.7493 91.4223 10
    endloop
  endfacet
  facet normal 0.442401 0.896817 -0
    outer loop
      vertex -31.3958 89.2766 5.4
      vertex -31.56 89.3576 10
      vertex -31.3958 89.2766 10
    endloop
  endfacet
  facet normal 0.442401 0.896817 0
    outer loop
      vertex -31.56 89.3576 10
      vertex -31.3958 89.2766 5.4
      vertex -31.56 89.3576 5.4
    endloop
  endfacet
  facet normal 0.896817 -0.442401 0
    outer loop
      vertex -32.1534 91.1058 10
      vertex -32.0724 91.27 5.4
      vertex -32.0724 91.27 10
    endloop
  endfacet
  facet normal 0.896817 -0.442401 0
    outer loop
      vertex -32.0724 91.27 5.4
      vertex -32.1534 91.1058 10
      vertex -32.1534 91.1058 5.4
    endloop
  endfacet
  facet normal 0 0 1
    outer loop
      vertex -29.472 90.7527 5.4
      vertex -29.472 90.3873 5.4
      vertex -29.46 90.57 5.4
    endloop
  endfacet
  facet normal 0 0 1
    outer loop
      vertex -29.5077 90.9323 5.4
      vertex -29.472 90.3873 5.4
      vertex -29.472 90.7527 5.4
    endloop
  endfacet
  facet normal 0 0 1
    outer loop
      vertex -29.5077 90.9323 5.4
      vertex -29.5077 90.2077 5.4
      vertex -29.472 90.3873 5.4
    endloop
  endfacet
  facet normal 0 0 1
    outer loop
      vertex -29.5666 91.1058 5.4
      vertex -29.5077 90.2077 5.4
      vertex -29.5077 90.9323 5.4
    endloop
  endfacet
  facet normal 0 0 1
    outer loop
      vertex -29.5666 91.1058 5.4
      vertex -29.5666 90.0342 5.4
      vertex -29.5077 90.2077 5.4
    endloop
  endfacet
  facet normal 0 0 1
    outer loop
      vertex -29.6476 91.27 5.4
      vertex -29.5666 90.0342 5.4
      vertex -29.5666 91.1058 5.4
    endloop
  endfacet
  facet normal 0 0 1
    outer loop
      vertex -29.6476 91.27 5.4
      vertex -29.6476 89.87 5.4
      vertex -29.5666 90.0342 5.4
    endloop
  endfacet
  facet normal 0 0 1
    outer loop
      vertex -29.7493 91.4223 5.4
      vertex -29.6476 89.87 5.4
      vertex -29.6476 91.27 5.4
    endloop
  endfacet
  facet normal 0 0 1
    outer loop
      vertex -29.7493 91.4223 5.4
      vertex -29.7493 89.7177 5.4
      vertex -29.6476 89.87 5.4
    endloop
  endfacet
  facet normal 0 0 1
    outer loop
      vertex -29.8701 91.56 5.4
      vertex -29.7493 89.7177 5.4
      vertex -29.7493 91.4223 5.4
    endloop
  endfacet
  facet normal 0 0 1
    outer loop
      vertex -29.8701 91.56 5.4
      vertex -29.8701 89.58 5.4
      vertex -29.7493 89.7177 5.4
    endloop
  endfacet
  facet normal 0 0 1
    outer loop
      vertex -30.0077 91.6807 5.4
      vertex -29.8701 89.58 5.4
      vertex -29.8701 91.56 5.4
    endloop
  endfacet
  facet normal 0 0 1
    outer loop
      vertex -30.0077 91.6807 5.4
      vertex -30.0077 89.4593 5.4
      vertex -29.8701 89.58 5.4
    endloop
  endfacet
  facet normal 0 0 1
    outer loop
      vertex -30.16 91.7824 5.4
      vertex -30.0077 89.4593 5.4
      vertex -30.0077 91.6807 5.4
    endloop
  endfacet
  facet normal 0 0 1
    outer loop
      vertex -30.16 91.7824 5.4
      vertex -30.16 89.3576 5.4
      vertex -30.0077 89.4593 5.4
    endloop
  endfacet
  facet normal 0 0 1
    outer loop
      vertex -30.3242 91.8634 5.4
      vertex -30.16 89.3576 5.4
      vertex -30.16 91.7824 5.4
    endloop
  endfacet
  facet normal 0 0 1
    outer loop
      vertex -30.3242 91.8634 5.4
      vertex -30.3242 89.2766 5.4
      vertex -30.16 89.3576 5.4
    endloop
  endfacet
  facet normal 0 0 1
    outer loop
      vertex -30.4977 91.9223 5.4
      vertex -30.3242 89.2766 5.4
      vertex -30.3242 91.8634 5.4
    endloop
  endfacet
  facet normal 0 0 1
    outer loop
      vertex -30.4977 91.9223 5.4
      vertex -30.4977 89.2177 5.4
      vertex -30.3242 89.2766 5.4
    endloop
  endfacet
  facet normal 0 0 1
    outer loop
      vertex -30.6773 91.958 5.4
      vertex -30.4977 89.2177 5.4
      vertex -30.4977 91.9223 5.4
    endloop
  endfacet
  facet normal 0 0 1
    outer loop
      vertex -30.6773 91.958 5.4
      vertex -30.6773 89.182 5.4
      vertex -30.4977 89.2177 5.4
    endloop
  endfacet
  facet normal 0 0 1
    outer loop
      vertex -30.86 91.97 5.4
      vertex -30.6773 89.182 5.4
      vertex -30.6773 91.958 5.4
    endloop
  endfacet
  facet normal 0 0 1
    outer loop
      vertex -30.86 91.97 5.4
      vertex -30.86 89.17 5.4
      vertex -30.6773 89.182 5.4
    endloop
  endfacet
  facet normal -0 0 1
    outer loop
      vertex -31.0427 91.958 5.4
      vertex -30.86 89.17 5.4
      vertex -30.86 91.97 5.4
    endloop
  endfacet
  facet normal 0 0 1
    outer loop
      vertex -31.0427 91.958 5.4
      vertex -31.0427 89.182 5.4
      vertex -30.86 89.17 5.4
    endloop
  endfacet
  facet normal -0 0 1
    outer loop
      vertex -31.2223 91.9223 5.4
      vertex -31.0427 89.182 5.4
      vertex -31.0427 91.958 5.4
    endloop
  endfacet
  facet normal 0 0 1
    outer loop
      vertex -31.2223 91.9223 5.4
      vertex -31.2223 89.2177 5.4
      vertex -31.0427 89.182 5.4
    endloop
  endfacet
  facet normal -0 0 1
    outer loop
      vertex -31.3958 91.8634 5.4
      vertex -31.2223 89.2177 5.4
      vertex -31.2223 91.9223 5.4
    endloop
  endfacet
  facet normal 0 0 1
    outer loop
      vertex -31.3958 91.8634 5.4
      vertex -31.3958 89.2766 5.4
      vertex -31.2223 89.2177 5.4
    endloop
  endfacet
  facet normal -0 0 1
    outer loop
      vertex -31.56 91.7824 5.4
      vertex -31.3958 89.2766 5.4
      vertex -31.3958 91.8634 5.4
    endloop
  endfacet
  facet normal 0 0 1
    outer loop
      vertex -31.56 91.7824 5.4
      vertex -31.56 89.3576 5.4
      vertex -31.3958 89.2766 5.4
    endloop
  endfacet
  facet normal -0 0 1
    outer loop
      vertex -31.7123 91.6807 5.4
      vertex -31.56 89.3576 5.4
      vertex -31.56 91.7824 5.4
    endloop
  endfacet
  facet normal 0 0 1
    outer loop
      vertex -31.7123 91.6807 5.4
      vertex -31.7123 89.4593 5.4
      vertex -31.56 89.3576 5.4
    endloop
  endfacet
  facet normal -0 0 1
    outer loop
      vertex -31.8499 91.56 5.4
      vertex -31.7123 89.4593 5.4
      vertex -31.7123 91.6807 5.4
    endloop
  endfacet
  facet normal 0 0 1
    outer loop
      vertex -31.8499 91.56 5.4
      vertex -31.8499 89.58 5.4
      vertex -31.7123 89.4593 5.4
    endloop
  endfacet
  facet normal -0 0 1
    outer loop
      vertex -31.9707 91.4223 5.4
      vertex -31.8499 89.58 5.4
      vertex -31.8499 91.56 5.4
    endloop
  endfacet
  facet normal 0 0 1
    outer loop
      vertex -31.9707 91.4223 5.4
      vertex -31.9707 89.7177 5.4
      vertex -31.8499 89.58 5.4
    endloop
  endfacet
  facet normal -0 0 1
    outer loop
      vertex -32.0724 91.27 5.4
      vertex -31.9707 89.7177 5.4
      vertex -31.9707 91.4223 5.4
    endloop
  endfacet
  facet normal 0 0 1
    outer loop
      vertex -32.0724 91.27 5.4
      vertex -32.0724 89.87 5.4
      vertex -31.9707 89.7177 5.4
    endloop
  endfacet
  facet normal -0 0 1
    outer loop
      vertex -32.1534 91.1058 5.4
      vertex -32.0724 89.87 5.4
      vertex -32.0724 91.27 5.4
    endloop
  endfacet
  facet normal 0 0 1
    outer loop
      vertex -32.1534 91.1058 5.4
      vertex -32.1534 90.0342 5.4
      vertex -32.0724 89.87 5.4
    endloop
  endfacet
  facet normal -0 0 1
    outer loop
      vertex -32.2123 90.9323 5.4
      vertex -32.1534 90.0342 5.4
      vertex -32.1534 91.1058 5.4
    endloop
  endfacet
  facet normal 0 0 1
    outer loop
      vertex -32.2123 90.9323 5.4
      vertex -32.2123 90.2077 5.4
      vertex -32.1534 90.0342 5.4
    endloop
  endfacet
  facet normal -0 0 1
    outer loop
      vertex -32.248 90.7527 5.4
      vertex -32.2123 90.2077 5.4
      vertex -32.2123 90.9323 5.4
    endloop
  endfacet
  facet normal 0 0 1
    outer loop
      vertex -32.248 90.7527 5.4
      vertex -32.248 90.3873 5.4
      vertex -32.2123 90.2077 5.4
    endloop
  endfacet
  facet normal 0 -0 1
    outer loop
      vertex -32.248 90.3873 5.4
      vertex -32.248 90.7527 5.4
      vertex -32.26 90.57 5.4
    endloop
  endfacet
  facet normal 0.751731 -0.65947 0
    outer loop
      vertex -31.9707 91.4223 10
      vertex -31.8499 91.56 5.4
      vertex -31.8499 91.56 10
    endloop
  endfacet
  facet normal 0.751731 -0.65947 0
    outer loop
      vertex -31.8499 91.56 5.4
      vertex -31.9707 91.4223 10
      vertex -31.9707 91.4223 5.4
    endloop
  endfacet
  facet normal -0.0655402 -0.99785 0
    outer loop
      vertex -30.86 91.97 5.4
      vertex -30.6773 91.958 10
      vertex -30.86 91.97 10
    endloop
  endfacet
  facet normal -0.0655402 -0.99785 -0
    outer loop
      vertex -30.6773 91.958 10
      vertex -30.86 91.97 5.4
      vertex -30.6773 91.958 5.4
    endloop
  endfacet
  facet normal 0.946922 0.321462 0
    outer loop
      vertex -32.1534 90.0342 10
      vertex -32.2123 90.2077 5.4
      vertex -32.2123 90.2077 10
    endloop
  endfacet
  facet normal 0.946922 0.321462 0
    outer loop
      vertex -32.2123 90.2077 5.4
      vertex -32.1534 90.0342 10
      vertex -32.1534 90.0342 5.4
    endloop
  endfacet
  facet normal 0.980811 -0.194961 0
    outer loop
      vertex -32.248 90.7527 10
      vertex -32.2123 90.9323 5.4
      vertex -32.2123 90.9323 10
    endloop
  endfacet
  facet normal 0.980811 -0.194961 0
    outer loop
      vertex -32.2123 90.9323 5.4
      vertex -32.248 90.7527 10
      vertex -32.248 90.7527 5.4
    endloop
  endfacet
  facet normal 0.83163 -0.55533 0
    outer loop
      vertex -32.0724 91.27 10
      vertex -31.9707 91.4223 5.4
      vertex -31.9707 91.4223 10
    endloop
  endfacet
  facet normal 0.83163 -0.55533 0
    outer loop
      vertex -31.9707 91.4223 5.4
      vertex -32.0724 91.27 10
      vertex -32.0724 91.27 5.4
    endloop
  endfacet
  facet normal 0.751731 0.65947 0
    outer loop
      vertex -31.8499 89.58 10
      vertex -31.9707 89.7177 5.4
      vertex -31.9707 89.7177 10
    endloop
  endfacet
  facet normal 0.751731 0.65947 0
    outer loop
      vertex -31.9707 89.7177 5.4
      vertex -31.8499 89.58 10
      vertex -31.8499 89.58 5.4
    endloop
  endfacet
  facet normal 0.659432 -0.751764 0
    outer loop
      vertex -31.8499 91.56 5.4
      vertex -31.7123 91.6807 10
      vertex -31.8499 91.56 10
    endloop
  endfacet
  facet normal 0.659432 -0.751764 0
    outer loop
      vertex -31.7123 91.6807 10
      vertex -31.8499 91.56 5.4
      vertex -31.7123 91.6807 5.4
    endloop
  endfacet
  facet normal 0.321462 -0.946922 0
    outer loop
      vertex -31.3958 91.8634 5.4
      vertex -31.2223 91.9223 10
      vertex -31.3958 91.8634 10
    endloop
  endfacet
  facet normal 0.321462 -0.946922 0
    outer loop
      vertex -31.2223 91.9223 10
      vertex -31.3958 91.8634 5.4
      vertex -31.2223 91.9223 5.4
    endloop
  endfacet
  facet normal 0.194961 0.980811 -0
    outer loop
      vertex -31.0427 89.182 5.4
      vertex -31.2223 89.2177 10
      vertex -31.0427 89.182 10
    endloop
  endfacet
  facet normal 0.194961 0.980811 0
    outer loop
      vertex -31.2223 89.2177 10
      vertex -31.0427 89.182 5.4
      vertex -31.2223 89.2177 5.4
    endloop
  endfacet
  facet normal 0.980811 0.194961 0
    outer loop
      vertex -32.2123 90.2077 10
      vertex -32.248 90.3873 5.4
      vertex -32.248 90.3873 10
    endloop
  endfacet
  facet normal 0.980811 0.194961 0
    outer loop
      vertex -32.248 90.3873 5.4
      vertex -32.2123 90.2077 10
      vertex -32.2123 90.2077 5.4
    endloop
  endfacet
  facet normal -0.55533 0.83163 0
    outer loop
      vertex -30.0077 89.4593 5.4
      vertex -30.16 89.3576 10
      vertex -30.0077 89.4593 10
    endloop
  endfacet
  facet normal -0.55533 0.83163 0
    outer loop
      vertex -30.16 89.3576 10
      vertex -30.0077 89.4593 5.4
      vertex -30.16 89.3576 5.4
    endloop
  endfacet
  facet normal 0.946922 -0.321462 0
    outer loop
      vertex -32.2123 90.9323 10
      vertex -32.1534 91.1058 5.4
      vertex -32.1534 91.1058 10
    endloop
  endfacet
  facet normal 0.946922 -0.321462 0
    outer loop
      vertex -32.1534 91.1058 5.4
      vertex -32.2123 90.9323 10
      vertex -32.2123 90.9323 5.4
    endloop
  endfacet
  facet normal -0.99785 0.0655402 0
    outer loop
      vertex -29.472 90.3873 5.4
      vertex -29.46 90.57 10
      vertex -29.46 90.57 5.4
    endloop
  endfacet
  facet normal -0.99785 0.0655402 0
    outer loop
      vertex -29.46 90.57 10
      vertex -29.472 90.3873 5.4
      vertex -29.472 90.3873 10
    endloop
  endfacet
  facet normal -0.442401 0.896817 0
    outer loop
      vertex -30.16 89.3576 5.4
      vertex -30.3242 89.2766 10
      vertex -30.16 89.3576 10
    endloop
  endfacet
  facet normal -0.442401 0.896817 0
    outer loop
      vertex -30.3242 89.2766 10
      vertex -30.16 89.3576 5.4
      vertex -30.3242 89.2766 5.4
    endloop
  endfacet
  facet normal 0.321462 0.946922 -0
    outer loop
      vertex -31.2223 89.2177 5.4
      vertex -31.3958 89.2766 10
      vertex -31.2223 89.2177 10
    endloop
  endfacet
  facet normal 0.321462 0.946922 0
    outer loop
      vertex -31.3958 89.2766 10
      vertex -31.2223 89.2177 5.4
      vertex -31.3958 89.2766 5.4
    endloop
  endfacet
  facet normal 0.194961 -0.980811 0
    outer loop
      vertex -31.2223 91.9223 5.4
      vertex -31.0427 91.958 10
      vertex -31.2223 91.9223 10
    endloop
  endfacet
  facet normal 0.194961 -0.980811 0
    outer loop
      vertex -31.0427 91.958 10
      vertex -31.2223 91.9223 5.4
      vertex -31.0427 91.958 5.4
    endloop
  endfacet
  facet normal -0.55533 -0.83163 0
    outer loop
      vertex -30.16 91.7824 5.4
      vertex -30.0077 91.6807 10
      vertex -30.16 91.7824 10
    endloop
  endfacet
  facet normal -0.55533 -0.83163 -0
    outer loop
      vertex -30.0077 91.6807 10
      vertex -30.16 91.7824 5.4
      vertex -30.0077 91.6807 5.4
    endloop
  endfacet
  facet normal 0.896817 0.442401 0
    outer loop
      vertex -32.0724 89.87 10
      vertex -32.1534 90.0342 5.4
      vertex -32.1534 90.0342 10
    endloop
  endfacet
  facet normal 0.896817 0.442401 0
    outer loop
      vertex -32.1534 90.0342 5.4
      vertex -32.0724 89.87 10
      vertex -32.0724 89.87 5.4
    endloop
  endfacet
  facet normal 0.55533 0.83163 -0
    outer loop
      vertex -31.56 89.3576 5.4
      vertex -31.7123 89.4593 10
      vertex -31.56 89.3576 10
    endloop
  endfacet
  facet normal 0.55533 0.83163 0
    outer loop
      vertex -31.7123 89.4593 10
      vertex -31.56 89.3576 5.4
      vertex -31.7123 89.4593 5.4
    endloop
  endfacet
  facet normal 0.0655402 0.99785 -0
    outer loop
      vertex -30.86 89.17 5.4
      vertex -31.0427 89.182 10
      vertex -30.86 89.17 10
    endloop
  endfacet
  facet normal 0.0655402 0.99785 0
    outer loop
      vertex -31.0427 89.182 10
      vertex -30.86 89.17 5.4
      vertex -31.0427 89.182 5.4
    endloop
  endfacet
  facet normal -0.0655402 0.99785 0
    outer loop
      vertex -30.6773 89.182 5.4
      vertex -30.86 89.17 10
      vertex -30.6773 89.182 10
    endloop
  endfacet
  facet normal -0.0655402 0.99785 0
    outer loop
      vertex -30.86 89.17 10
      vertex -30.6773 89.182 5.4
      vertex -30.86 89.17 5.4
    endloop
  endfacet
  facet normal -0.194961 0.980811 0
    outer loop
      vertex -30.4977 89.2177 5.4
      vertex -30.6773 89.182 10
      vertex -30.4977 89.2177 10
    endloop
  endfacet
  facet normal -0.194961 0.980811 0
    outer loop
      vertex -30.6773 89.182 10
      vertex -30.4977 89.2177 5.4
      vertex -30.6773 89.182 5.4
    endloop
  endfacet
  facet normal 0.0655402 -0.99785 0
    outer loop
      vertex -31.0427 91.958 5.4
      vertex -30.86 91.97 10
      vertex -31.0427 91.958 10
    endloop
  endfacet
  facet normal 0.0655402 -0.99785 0
    outer loop
      vertex -30.86 91.97 10
      vertex -31.0427 91.958 5.4
      vertex -30.86 91.97 5.4
    endloop
  endfacet
  facet normal -0.83163 0.55533 0
    outer loop
      vertex -29.7493 89.7177 5.4
      vertex -29.6476 89.87 10
      vertex -29.6476 89.87 5.4
    endloop
  endfacet
  facet normal -0.83163 0.55533 0
    outer loop
      vertex -29.6476 89.87 10
      vertex -29.7493 89.7177 5.4
      vertex -29.7493 89.7177 10
    endloop
  endfacet
  facet normal -0.321462 0.946922 0
    outer loop
      vertex -30.3242 89.2766 5.4
      vertex -30.4977 89.2177 10
      vertex -30.3242 89.2766 10
    endloop
  endfacet
  facet normal -0.321462 0.946922 0
    outer loop
      vertex -30.4977 89.2177 10
      vertex -30.3242 89.2766 5.4
      vertex -30.4977 89.2177 5.4
    endloop
  endfacet
  facet normal -0.980811 0.194961 0
    outer loop
      vertex -29.5077 90.2077 5.4
      vertex -29.472 90.3873 10
      vertex -29.472 90.3873 5.4
    endloop
  endfacet
  facet normal -0.980811 0.194961 0
    outer loop
      vertex -29.472 90.3873 10
      vertex -29.5077 90.2077 5.4
      vertex -29.5077 90.2077 10
    endloop
  endfacet
  facet normal 0.659432 0.751764 -0
    outer loop
      vertex -31.7123 89.4593 5.4
      vertex -31.8499 89.58 10
      vertex -31.7123 89.4593 10
    endloop
  endfacet
  facet normal 0.659432 0.751764 0
    outer loop
      vertex -31.8499 89.58 10
      vertex -31.7123 89.4593 5.4
      vertex -31.8499 89.58 5.4
    endloop
  endfacet
  facet normal -0.659432 -0.751764 0
    outer loop
      vertex -30.0077 91.6807 5.4
      vertex -29.8701 91.56 10
      vertex -30.0077 91.6807 10
    endloop
  endfacet
  facet normal -0.659432 -0.751764 -0
    outer loop
      vertex -29.8701 91.56 10
      vertex -30.0077 91.6807 5.4
      vertex -29.8701 91.56 5.4
    endloop
  endfacet
  facet normal 0.83163 0.55533 0
    outer loop
      vertex -31.9707 89.7177 10
      vertex -32.0724 89.87 5.4
      vertex -32.0724 89.87 10
    endloop
  endfacet
  facet normal 0.83163 0.55533 0
    outer loop
      vertex -32.0724 89.87 5.4
      vertex -31.9707 89.7177 10
      vertex -31.9707 89.7177 5.4
    endloop
  endfacet
  facet normal -0.751731 0.65947 0
    outer loop
      vertex -29.8701 89.58 5.4
      vertex -29.7493 89.7177 10
      vertex -29.7493 89.7177 5.4
    endloop
  endfacet
  facet normal -0.751731 0.65947 0
    outer loop
      vertex -29.7493 89.7177 10
      vertex -29.8701 89.58 5.4
      vertex -29.8701 89.58 10
    endloop
  endfacet
  facet normal -0.659432 0.751764 0
    outer loop
      vertex -29.8701 89.58 5.4
      vertex -30.0077 89.4593 10
      vertex -29.8701 89.58 10
    endloop
  endfacet
  facet normal -0.659432 0.751764 0
    outer loop
      vertex -30.0077 89.4593 10
      vertex -29.8701 89.58 5.4
      vertex -30.0077 89.4593 5.4
    endloop
  endfacet
  facet normal -0.194961 -0.980811 0
    outer loop
      vertex -30.6773 91.958 5.4
      vertex -30.4977 91.9223 10
      vertex -30.6773 91.958 10
    endloop
  endfacet
  facet normal -0.194961 -0.980811 -0
    outer loop
      vertex -30.4977 91.9223 10
      vertex -30.6773 91.958 5.4
      vertex -30.4977 91.9223 5.4
    endloop
  endfacet
  facet normal 0.99785 -0.0655402 0
    outer loop
      vertex -32.26 90.57 10
      vertex -32.248 90.7527 5.4
      vertex -32.248 90.7527 10
    endloop
  endfacet
  facet normal 0.99785 -0.0655402 0
    outer loop
      vertex -32.248 90.7527 5.4
      vertex -32.26 90.57 10
      vertex -32.26 90.57 5.4
    endloop
  endfacet
  facet normal -0.194961 0.980811 0
    outer loop
      vertex 31.2223 12.6177 5.4
      vertex 31.0427 12.582 10
      vertex 31.2223 12.6177 10
    endloop
  endfacet
  facet normal -0.194961 0.980811 0
    outer loop
      vertex 31.0427 12.582 10
      vertex 31.2223 12.6177 5.4
      vertex 31.0427 12.582 5.4
    endloop
  endfacet
  facet normal -0.980811 -0.194961 0
    outer loop
      vertex 32.248 14.1527 5.4
      vertex 32.2123 14.3323 10
      vertex 32.2123 14.3323 5.4
    endloop
  endfacet
  facet normal -0.980811 -0.194961 0
    outer loop
      vertex 32.2123 14.3323 10
      vertex 32.248 14.1527 5.4
      vertex 32.248 14.1527 10
    endloop
  endfacet
  facet normal -0.99785 -0.0655402 0
    outer loop
      vertex 32.26 13.97 5.4
      vertex 32.248 14.1527 10
      vertex 32.248 14.1527 5.4
    endloop
  endfacet
  facet normal -0.99785 -0.0655402 0
    outer loop
      vertex 32.248 14.1527 10
      vertex 32.26 13.97 5.4
      vertex 32.26 13.97 10
    endloop
  endfacet
  facet normal -0.946922 -0.321462 0
    outer loop
      vertex 32.2123 14.3323 5.4
      vertex 32.1534 14.5058 10
      vertex 32.1534 14.5058 5.4
    endloop
  endfacet
  facet normal -0.946922 -0.321462 0
    outer loop
      vertex 32.1534 14.5058 10
      vertex 32.2123 14.3323 5.4
      vertex 32.2123 14.3323 10
    endloop
  endfacet
  facet normal -0.83163 -0.55533 0
    outer loop
      vertex 32.0724 14.67 5.4
      vertex 31.9707 14.8223 10
      vertex 31.9707 14.8223 5.4
    endloop
  endfacet
  facet normal -0.83163 -0.55533 0
    outer loop
      vertex 31.9707 14.8223 10
      vertex 32.0724 14.67 5.4
      vertex 32.0724 14.67 10
    endloop
  endfacet
  facet normal -0.55533 0.83163 0
    outer loop
      vertex 31.7123 12.8593 5.4
      vertex 31.56 12.7576 10
      vertex 31.7123 12.8593 10
    endloop
  endfacet
  facet normal -0.55533 0.83163 0
    outer loop
      vertex 31.56 12.7576 10
      vertex 31.7123 12.8593 5.4
      vertex 31.56 12.7576 5.4
    endloop
  endfacet
  facet normal -0.896817 -0.442401 0
    outer loop
      vertex 32.1534 14.5058 5.4
      vertex 32.0724 14.67 10
      vertex 32.0724 14.67 5.4
    endloop
  endfacet
  facet normal -0.896817 -0.442401 0
    outer loop
      vertex 32.0724 14.67 10
      vertex 32.1534 14.5058 5.4
      vertex 32.1534 14.5058 10
    endloop
  endfacet
  facet normal 0.194961 -0.980811 0
    outer loop
      vertex 30.4977 15.3223 5.4
      vertex 30.6773 15.358 10
      vertex 30.4977 15.3223 10
    endloop
  endfacet
  facet normal 0.194961 -0.980811 0
    outer loop
      vertex 30.6773 15.358 10
      vertex 30.4977 15.3223 5.4
      vertex 30.6773 15.358 5.4
    endloop
  endfacet
  facet normal 0.442401 0.896817 -0
    outer loop
      vertex 30.3242 12.6766 5.4
      vertex 30.16 12.7576 10
      vertex 30.3242 12.6766 10
    endloop
  endfacet
  facet normal 0.442401 0.896817 0
    outer loop
      vertex 30.16 12.7576 10
      vertex 30.3242 12.6766 5.4
      vertex 30.16 12.7576 5.4
    endloop
  endfacet
  facet normal 0.659741 0.751493 -0
    outer loop
      vertex 30.0077 12.8593 5.4
      vertex 29.8701 12.9801 10
      vertex 30.0077 12.8593 10
    endloop
  endfacet
  facet normal 0.659741 0.751493 0
    outer loop
      vertex 29.8701 12.9801 10
      vertex 30.0077 12.8593 5.4
      vertex 29.8701 12.9801 5.4
    endloop
  endfacet
  facet normal -0.946922 0.321462 0
    outer loop
      vertex 32.1534 13.4342 5.4
      vertex 32.2123 13.6077 10
      vertex 32.2123 13.6077 5.4
    endloop
  endfacet
  facet normal -0.946922 0.321462 0
    outer loop
      vertex 32.2123 13.6077 10
      vertex 32.1534 13.4342 5.4
      vertex 32.1534 13.4342 10
    endloop
  endfacet
  facet normal 0.751493 -0.659741 0
    outer loop
      vertex 29.7493 14.8223 10
      vertex 29.8701 14.9599 5.4
      vertex 29.8701 14.9599 10
    endloop
  endfacet
  facet normal 0.751493 -0.659741 0
    outer loop
      vertex 29.8701 14.9599 5.4
      vertex 29.7493 14.8223 10
      vertex 29.7493 14.8223 5.4
    endloop
  endfacet
  facet normal 0.321462 0.946922 -0
    outer loop
      vertex 30.4977 12.6177 5.4
      vertex 30.3242 12.6766 10
      vertex 30.4977 12.6177 10
    endloop
  endfacet
  facet normal 0.321462 0.946922 0
    outer loop
      vertex 30.3242 12.6766 10
      vertex 30.4977 12.6177 5.4
      vertex 30.3242 12.6766 5.4
    endloop
  endfacet
  facet normal 0.659741 -0.751493 0
    outer loop
      vertex 29.8701 14.9599 5.4
      vertex 30.0077 15.0807 10
      vertex 29.8701 14.9599 10
    endloop
  endfacet
  facet normal 0.659741 -0.751493 0
    outer loop
      vertex 30.0077 15.0807 10
      vertex 29.8701 14.9599 5.4
      vertex 30.0077 15.0807 5.4
    endloop
  endfacet
  facet normal -0.321462 0.946922 0
    outer loop
      vertex 31.3958 12.6766 5.4
      vertex 31.2223 12.6177 10
      vertex 31.3958 12.6766 10
    endloop
  endfacet
  facet normal -0.321462 0.946922 0
    outer loop
      vertex 31.2223 12.6177 10
      vertex 31.3958 12.6766 5.4
      vertex 31.2223 12.6177 5.4
    endloop
  endfacet
  facet normal -0.194961 -0.980811 0
    outer loop
      vertex 31.0427 15.358 5.4
      vertex 31.2223 15.3223 10
      vertex 31.0427 15.358 10
    endloop
  endfacet
  facet normal -0.194961 -0.980811 -0
    outer loop
      vertex 31.2223 15.3223 10
      vertex 31.0427 15.358 5.4
      vertex 31.2223 15.3223 5.4
    endloop
  endfacet
  facet normal 0.0655402 0.99785 -0
    outer loop
      vertex 30.86 12.57 5.4
      vertex 30.6773 12.582 10
      vertex 30.86 12.57 10
    endloop
  endfacet
  facet normal 0.0655402 0.99785 0
    outer loop
      vertex 30.6773 12.582 10
      vertex 30.86 12.57 5.4
      vertex 30.6773 12.582 5.4
    endloop
  endfacet
  facet normal -0.83163 0.55533 0
    outer loop
      vertex 31.9707 13.1177 5.4
      vertex 32.0724 13.27 10
      vertex 32.0724 13.27 5.4
    endloop
  endfacet
  facet normal -0.83163 0.55533 0
    outer loop
      vertex 32.0724 13.27 10
      vertex 31.9707 13.1177 5.4
      vertex 31.9707 13.1177 10
    endloop
  endfacet
  facet normal -0.55533 -0.83163 0
    outer loop
      vertex 31.56 15.1824 5.4
      vertex 31.7123 15.0807 10
      vertex 31.56 15.1824 10
    endloop
  endfacet
  facet normal -0.55533 -0.83163 -0
    outer loop
      vertex 31.7123 15.0807 10
      vertex 31.56 15.1824 5.4
      vertex 31.7123 15.0807 5.4
    endloop
  endfacet
  facet normal -0.751493 -0.659741 0
    outer loop
      vertex 31.9707 14.8223 5.4
      vertex 31.8499 14.9599 10
      vertex 31.8499 14.9599 5.4
    endloop
  endfacet
  facet normal -0.751493 -0.659741 0
    outer loop
      vertex 31.8499 14.9599 10
      vertex 31.9707 14.8223 5.4
      vertex 31.9707 14.8223 10
    endloop
  endfacet
  facet normal 0 0 1
    outer loop
      vertex 32.248 14.1527 5.4
      vertex 32.248 13.7873 5.4
      vertex 32.26 13.97 5.4
    endloop
  endfacet
  facet normal 0 0 1
    outer loop
      vertex 32.2123 14.3323 5.4
      vertex 32.248 13.7873 5.4
      vertex 32.248 14.1527 5.4
    endloop
  endfacet
  facet normal 0 0 1
    outer loop
      vertex 32.2123 14.3323 5.4
      vertex 32.2123 13.6077 5.4
      vertex 32.248 13.7873 5.4
    endloop
  endfacet
  facet normal 0 0 1
    outer loop
      vertex 32.1534 14.5058 5.4
      vertex 32.2123 13.6077 5.4
      vertex 32.2123 14.3323 5.4
    endloop
  endfacet
  facet normal 0 0 1
    outer loop
      vertex 32.1534 14.5058 5.4
      vertex 32.1534 13.4342 5.4
      vertex 32.2123 13.6077 5.4
    endloop
  endfacet
  facet normal 0 0 1
    outer loop
      vertex 32.0724 14.67 5.4
      vertex 32.1534 13.4342 5.4
      vertex 32.1534 14.5058 5.4
    endloop
  endfacet
  facet normal 0 0 1
    outer loop
      vertex 32.0724 14.67 5.4
      vertex 32.0724 13.27 5.4
      vertex 32.1534 13.4342 5.4
    endloop
  endfacet
  facet normal 0 0 1
    outer loop
      vertex 31.9707 14.8223 5.4
      vertex 32.0724 13.27 5.4
      vertex 32.0724 14.67 5.4
    endloop
  endfacet
  facet normal 0 0 1
    outer loop
      vertex 31.9707 14.8223 5.4
      vertex 31.9707 13.1177 5.4
      vertex 32.0724 13.27 5.4
    endloop
  endfacet
  facet normal 0 0 1
    outer loop
      vertex 31.8499 14.9599 5.4
      vertex 31.9707 13.1177 5.4
      vertex 31.9707 14.8223 5.4
    endloop
  endfacet
  facet normal 0 0 1
    outer loop
      vertex 31.8499 14.9599 5.4
      vertex 31.8499 12.9801 5.4
      vertex 31.9707 13.1177 5.4
    endloop
  endfacet
  facet normal 0 0 1
    outer loop
      vertex 31.7123 15.0807 5.4
      vertex 31.8499 12.9801 5.4
      vertex 31.8499 14.9599 5.4
    endloop
  endfacet
  facet normal 0 0 1
    outer loop
      vertex 31.7123 15.0807 5.4
      vertex 31.7123 12.8593 5.4
      vertex 31.8499 12.9801 5.4
    endloop
  endfacet
  facet normal 0 0 1
    outer loop
      vertex 31.56 15.1824 5.4
      vertex 31.7123 12.8593 5.4
      vertex 31.7123 15.0807 5.4
    endloop
  endfacet
  facet normal 0 0 1
    outer loop
      vertex 31.56 15.1824 5.4
      vertex 31.56 12.7576 5.4
      vertex 31.7123 12.8593 5.4
    endloop
  endfacet
  facet normal 0 0 1
    outer loop
      vertex 31.3958 15.2634 5.4
      vertex 31.56 12.7576 5.4
      vertex 31.56 15.1824 5.4
    endloop
  endfacet
  facet normal 0 0 1
    outer loop
      vertex 31.3958 15.2634 5.4
      vertex 31.3958 12.6766 5.4
      vertex 31.56 12.7576 5.4
    endloop
  endfacet
  facet normal 0 0 1
    outer loop
      vertex 31.2223 15.3223 5.4
      vertex 31.3958 12.6766 5.4
      vertex 31.3958 15.2634 5.4
    endloop
  endfacet
  facet normal 0 0 1
    outer loop
      vertex 31.2223 15.3223 5.4
      vertex 31.2223 12.6177 5.4
      vertex 31.3958 12.6766 5.4
    endloop
  endfacet
  facet normal 0 0 1
    outer loop
      vertex 31.0427 15.358 5.4
      vertex 31.2223 12.6177 5.4
      vertex 31.2223 15.3223 5.4
    endloop
  endfacet
  facet normal 0 0 1
    outer loop
      vertex 31.0427 15.358 5.4
      vertex 31.0427 12.582 5.4
      vertex 31.2223 12.6177 5.4
    endloop
  endfacet
  facet normal 0 0 1
    outer loop
      vertex 30.86 15.37 5.4
      vertex 31.0427 12.582 5.4
      vertex 31.0427 15.358 5.4
    endloop
  endfacet
  facet normal 0 0 1
    outer loop
      vertex 30.86 15.37 5.4
      vertex 30.86 12.57 5.4
      vertex 31.0427 12.582 5.4
    endloop
  endfacet
  facet normal -0 0 1
    outer loop
      vertex 30.6773 15.358 5.4
      vertex 30.86 12.57 5.4
      vertex 30.86 15.37 5.4
    endloop
  endfacet
  facet normal 0 0 1
    outer loop
      vertex 30.6773 15.358 5.4
      vertex 30.6773 12.582 5.4
      vertex 30.86 12.57 5.4
    endloop
  endfacet
  facet normal -0 0 1
    outer loop
      vertex 30.4977 15.3223 5.4
      vertex 30.6773 12.582 5.4
      vertex 30.6773 15.358 5.4
    endloop
  endfacet
  facet normal 0 0 1
    outer loop
      vertex 30.4977 15.3223 5.4
      vertex 30.4977 12.6177 5.4
      vertex 30.6773 12.582 5.4
    endloop
  endfacet
  facet normal -0 0 1
    outer loop
      vertex 30.3242 15.2634 5.4
      vertex 30.4977 12.6177 5.4
      vertex 30.4977 15.3223 5.4
    endloop
  endfacet
  facet normal 0 0 1
    outer loop
      vertex 30.3242 15.2634 5.4
      vertex 30.3242 12.6766 5.4
      vertex 30.4977 12.6177 5.4
    endloop
  endfacet
  facet normal -0 0 1
    outer loop
      vertex 30.16 15.1824 5.4
      vertex 30.3242 12.6766 5.4
      vertex 30.3242 15.2634 5.4
    endloop
  endfacet
  facet normal 0 0 1
    outer loop
      vertex 30.16 15.1824 5.4
      vertex 30.16 12.7576 5.4
      vertex 30.3242 12.6766 5.4
    endloop
  endfacet
  facet normal -0 0 1
    outer loop
      vertex 30.0077 15.0807 5.4
      vertex 30.16 12.7576 5.4
      vertex 30.16 15.1824 5.4
    endloop
  endfacet
  facet normal 0 0 1
    outer loop
      vertex 30.0077 15.0807 5.4
      vertex 30.0077 12.8593 5.4
      vertex 30.16 12.7576 5.4
    endloop
  endfacet
  facet normal -0 0 1
    outer loop
      vertex 29.8701 14.9599 5.4
      vertex 30.0077 12.8593 5.4
      vertex 30.0077 15.0807 5.4
    endloop
  endfacet
  facet normal 0 0 1
    outer loop
      vertex 29.8701 14.9599 5.4
      vertex 29.8701 12.9801 5.4
      vertex 30.0077 12.8593 5.4
    endloop
  endfacet
  facet normal -0 0 1
    outer loop
      vertex 29.7493 14.8223 5.4
      vertex 29.8701 12.9801 5.4
      vertex 29.8701 14.9599 5.4
    endloop
  endfacet
  facet normal 0 0 1
    outer loop
      vertex 29.7493 14.8223 5.4
      vertex 29.7493 13.1177 5.4
      vertex 29.8701 12.9801 5.4
    endloop
  endfacet
  facet normal -0 0 1
    outer loop
      vertex 29.6476 14.67 5.4
      vertex 29.7493 13.1177 5.4
      vertex 29.7493 14.8223 5.4
    endloop
  endfacet
  facet normal 0 0 1
    outer loop
      vertex 29.6476 14.67 5.4
      vertex 29.6476 13.27 5.4
      vertex 29.7493 13.1177 5.4
    endloop
  endfacet
  facet normal -0 0 1
    outer loop
      vertex 29.5666 14.5058 5.4
      vertex 29.6476 13.27 5.4
      vertex 29.6476 14.67 5.4
    endloop
  endfacet
  facet normal 0 0 1
    outer loop
      vertex 29.5666 14.5058 5.4
      vertex 29.5666 13.4342 5.4
      vertex 29.6476 13.27 5.4
    endloop
  endfacet
  facet normal -0 0 1
    outer loop
      vertex 29.5077 14.3323 5.4
      vertex 29.5666 13.4342 5.4
      vertex 29.5666 14.5058 5.4
    endloop
  endfacet
  facet normal 0 0 1
    outer loop
      vertex 29.5077 14.3323 5.4
      vertex 29.5077 13.6077 5.4
      vertex 29.5666 13.4342 5.4
    endloop
  endfacet
  facet normal -0 0 1
    outer loop
      vertex 29.472 14.1527 5.4
      vertex 29.5077 13.6077 5.4
      vertex 29.5077 14.3323 5.4
    endloop
  endfacet
  facet normal 0 0 1
    outer loop
      vertex 29.472 14.1527 5.4
      vertex 29.472 13.7873 5.4
      vertex 29.5077 13.6077 5.4
    endloop
  endfacet
  facet normal 0 -0 1
    outer loop
      vertex 29.472 13.7873 5.4
      vertex 29.472 14.1527 5.4
      vertex 29.46 13.97 5.4
    endloop
  endfacet
  facet normal 0.946922 0.321462 0
    outer loop
      vertex 29.5666 13.4342 10
      vertex 29.5077 13.6077 5.4
      vertex 29.5077 13.6077 10
    endloop
  endfacet
  facet normal 0.946922 0.321462 0
    outer loop
      vertex 29.5077 13.6077 5.4
      vertex 29.5666 13.4342 10
      vertex 29.5666 13.4342 5.4
    endloop
  endfacet
  facet normal -0.99785 0.0655402 0
    outer loop
      vertex 32.248 13.7873 5.4
      vertex 32.26 13.97 10
      vertex 32.26 13.97 5.4
    endloop
  endfacet
  facet normal -0.99785 0.0655402 0
    outer loop
      vertex 32.26 13.97 10
      vertex 32.248 13.7873 5.4
      vertex 32.248 13.7873 10
    endloop
  endfacet
  facet normal 0.980811 0.194961 0
    outer loop
      vertex 29.5077 13.6077 10
      vertex 29.472 13.7873 5.4
      vertex 29.472 13.7873 10
    endloop
  endfacet
  facet normal 0.980811 0.194961 0
    outer loop
      vertex 29.472 13.7873 5.4
      vertex 29.5077 13.6077 10
      vertex 29.5077 13.6077 5.4
    endloop
  endfacet
  facet normal 0.55533 -0.83163 0
    outer loop
      vertex 30.0077 15.0807 5.4
      vertex 30.16 15.1824 10
      vertex 30.0077 15.0807 10
    endloop
  endfacet
  facet normal 0.55533 -0.83163 0
    outer loop
      vertex 30.16 15.1824 10
      vertex 30.0077 15.0807 5.4
      vertex 30.16 15.1824 5.4
    endloop
  endfacet
  facet normal -0.442401 0.896817 0
    outer loop
      vertex 31.56 12.7576 5.4
      vertex 31.3958 12.6766 10
      vertex 31.56 12.7576 10
    endloop
  endfacet
  facet normal -0.442401 0.896817 0
    outer loop
      vertex 31.3958 12.6766 10
      vertex 31.56 12.7576 5.4
      vertex 31.3958 12.6766 5.4
    endloop
  endfacet
  facet normal -0.980811 0.194961 0
    outer loop
      vertex 32.2123 13.6077 5.4
      vertex 32.248 13.7873 10
      vertex 32.248 13.7873 5.4
    endloop
  endfacet
  facet normal -0.980811 0.194961 0
    outer loop
      vertex 32.248 13.7873 10
      vertex 32.2123 13.6077 5.4
      vertex 32.2123 13.6077 10
    endloop
  endfacet
  facet normal -0.442401 -0.896817 0
    outer loop
      vertex 31.3958 15.2634 5.4
      vertex 31.56 15.1824 10
      vertex 31.3958 15.2634 10
    endloop
  endfacet
  facet normal -0.442401 -0.896817 -0
    outer loop
      vertex 31.56 15.1824 10
      vertex 31.3958 15.2634 5.4
      vertex 31.56 15.1824 5.4
    endloop
  endfacet
  facet normal 0.946922 -0.321462 0
    outer loop
      vertex 29.5077 14.3323 10
      vertex 29.5666 14.5058 5.4
      vertex 29.5666 14.5058 10
    endloop
  endfacet
  facet normal 0.946922 -0.321462 0
    outer loop
      vertex 29.5666 14.5058 5.4
      vertex 29.5077 14.3323 10
      vertex 29.5077 14.3323 5.4
    endloop
  endfacet
  facet normal 0.980811 -0.194961 0
    outer loop
      vertex 29.472 14.1527 10
      vertex 29.5077 14.3323 5.4
      vertex 29.5077 14.3323 10
    endloop
  endfacet
  facet normal 0.980811 -0.194961 0
    outer loop
      vertex 29.5077 14.3323 5.4
      vertex 29.472 14.1527 10
      vertex 29.472 14.1527 5.4
    endloop
  endfacet
  facet normal 0.83163 -0.55533 0
    outer loop
      vertex 29.6476 14.67 10
      vertex 29.7493 14.8223 5.4
      vertex 29.7493 14.8223 10
    endloop
  endfacet
  facet normal 0.83163 -0.55533 0
    outer loop
      vertex 29.7493 14.8223 5.4
      vertex 29.6476 14.67 10
      vertex 29.6476 14.67 5.4
    endloop
  endfacet
  facet normal -0.321462 -0.946922 0
    outer loop
      vertex 31.2223 15.3223 5.4
      vertex 31.3958 15.2634 10
      vertex 31.2223 15.3223 10
    endloop
  endfacet
  facet normal -0.321462 -0.946922 -0
    outer loop
      vertex 31.3958 15.2634 10
      vertex 31.2223 15.3223 5.4
      vertex 31.3958 15.2634 5.4
    endloop
  endfacet
  facet normal 0.194961 0.980811 -0
    outer loop
      vertex 30.6773 12.582 5.4
      vertex 30.4977 12.6177 10
      vertex 30.6773 12.582 10
    endloop
  endfacet
  facet normal 0.194961 0.980811 0
    outer loop
      vertex 30.4977 12.6177 10
      vertex 30.6773 12.582 5.4
      vertex 30.4977 12.6177 5.4
    endloop
  endfacet
  facet normal -0.0655402 0.99785 0
    outer loop
      vertex 31.0427 12.582 5.4
      vertex 30.86 12.57 10
      vertex 31.0427 12.582 10
    endloop
  endfacet
  facet normal -0.0655402 0.99785 0
    outer loop
      vertex 30.86 12.57 10
      vertex 31.0427 12.582 5.4
      vertex 30.86 12.57 5.4
    endloop
  endfacet
  facet normal -0.751493 0.659741 0
    outer loop
      vertex 31.8499 12.9801 5.4
      vertex 31.9707 13.1177 10
      vertex 31.9707 13.1177 5.4
    endloop
  endfacet
  facet normal -0.751493 0.659741 0
    outer loop
      vertex 31.9707 13.1177 10
      vertex 31.8499 12.9801 5.4
      vertex 31.8499 12.9801 10
    endloop
  endfacet
  facet normal -0.896817 0.442401 0
    outer loop
      vertex 32.0724 13.27 5.4
      vertex 32.1534 13.4342 10
      vertex 32.1534 13.4342 5.4
    endloop
  endfacet
  facet normal -0.896817 0.442401 0
    outer loop
      vertex 32.1534 13.4342 10
      vertex 32.0724 13.27 5.4
      vertex 32.0724 13.27 10
    endloop
  endfacet
  facet normal 0.896817 -0.442401 0
    outer loop
      vertex 29.5666 14.5058 10
      vertex 29.6476 14.67 5.4
      vertex 29.6476 14.67 10
    endloop
  endfacet
  facet normal 0.896817 -0.442401 0
    outer loop
      vertex 29.6476 14.67 5.4
      vertex 29.5666 14.5058 10
      vertex 29.5666 14.5058 5.4
    endloop
  endfacet
  facet normal 0.0655402 -0.99785 0
    outer loop
      vertex 30.6773 15.358 5.4
      vertex 30.86 15.37 10
      vertex 30.6773 15.358 10
    endloop
  endfacet
  facet normal 0.0655402 -0.99785 0
    outer loop
      vertex 30.86 15.37 10
      vertex 30.6773 15.358 5.4
      vertex 30.86 15.37 5.4
    endloop
  endfacet
  facet normal 0.83163 0.55533 0
    outer loop
      vertex 29.7493 13.1177 10
      vertex 29.6476 13.27 5.4
      vertex 29.6476 13.27 10
    endloop
  endfacet
  facet normal 0.83163 0.55533 0
    outer loop
      vertex 29.6476 13.27 5.4
      vertex 29.7493 13.1177 10
      vertex 29.7493 13.1177 5.4
    endloop
  endfacet
  facet normal 0.442401 -0.896817 0
    outer loop
      vertex 30.16 15.1824 5.4
      vertex 30.3242 15.2634 10
      vertex 30.16 15.1824 10
    endloop
  endfacet
  facet normal 0.442401 -0.896817 0
    outer loop
      vertex 30.3242 15.2634 10
      vertex 30.16 15.1824 5.4
      vertex 30.3242 15.2634 5.4
    endloop
  endfacet
  facet normal -0.0655402 -0.99785 0
    outer loop
      vertex 30.86 15.37 5.4
      vertex 31.0427 15.358 10
      vertex 30.86 15.37 10
    endloop
  endfacet
  facet normal -0.0655402 -0.99785 -0
    outer loop
      vertex 31.0427 15.358 10
      vertex 30.86 15.37 5.4
      vertex 31.0427 15.358 5.4
    endloop
  endfacet
  facet normal 0.896817 0.442401 0
    outer loop
      vertex 29.6476 13.27 10
      vertex 29.5666 13.4342 5.4
      vertex 29.5666 13.4342 10
    endloop
  endfacet
  facet normal 0.896817 0.442401 0
    outer loop
      vertex 29.5666 13.4342 5.4
      vertex 29.6476 13.27 10
      vertex 29.6476 13.27 5.4
    endloop
  endfacet
  facet normal 0.321462 -0.946922 0
    outer loop
      vertex 30.3242 15.2634 5.4
      vertex 30.4977 15.3223 10
      vertex 30.3242 15.2634 10
    endloop
  endfacet
  facet normal 0.321462 -0.946922 0
    outer loop
      vertex 30.4977 15.3223 10
      vertex 30.3242 15.2634 5.4
      vertex 30.4977 15.3223 5.4
    endloop
  endfacet
  facet normal 0.99785 -0.0655402 0
    outer loop
      vertex 29.46 13.97 10
      vertex 29.472 14.1527 5.4
      vertex 29.472 14.1527 10
    endloop
  endfacet
  facet normal 0.99785 -0.0655402 0
    outer loop
      vertex 29.472 14.1527 5.4
      vertex 29.46 13.97 10
      vertex 29.46 13.97 5.4
    endloop
  endfacet
  facet normal 0.751493 0.659741 0
    outer loop
      vertex 29.8701 12.9801 10
      vertex 29.7493 13.1177 5.4
      vertex 29.7493 13.1177 10
    endloop
  endfacet
  facet normal 0.751493 0.659741 0
    outer loop
      vertex 29.7493 13.1177 5.4
      vertex 29.8701 12.9801 10
      vertex 29.8701 12.9801 5.4
    endloop
  endfacet
  facet normal -0.659741 -0.751493 0
    outer loop
      vertex 31.7123 15.0807 5.4
      vertex 31.8499 14.9599 10
      vertex 31.7123 15.0807 10
    endloop
  endfacet
  facet normal -0.659741 -0.751493 -0
    outer loop
      vertex 31.8499 14.9599 10
      vertex 31.7123 15.0807 5.4
      vertex 31.8499 14.9599 5.4
    endloop
  endfacet
  facet normal 0.55533 0.83163 -0
    outer loop
      vertex 30.16 12.7576 5.4
      vertex 30.0077 12.8593 10
      vertex 30.16 12.7576 10
    endloop
  endfacet
  facet normal 0.55533 0.83163 0
    outer loop
      vertex 30.0077 12.8593 10
      vertex 30.16 12.7576 5.4
      vertex 30.0077 12.8593 5.4
    endloop
  endfacet
  facet normal 0.99785 0.0655402 0
    outer loop
      vertex 29.472 13.7873 10
      vertex 29.46 13.97 5.4
      vertex 29.46 13.97 10
    endloop
  endfacet
  facet normal 0.99785 0.0655402 0
    outer loop
      vertex 29.46 13.97 5.4
      vertex 29.472 13.7873 10
      vertex 29.472 13.7873 5.4
    endloop
  endfacet
  facet normal -0.659741 0.751493 0
    outer loop
      vertex 31.8499 12.9801 5.4
      vertex 31.7123 12.8593 10
      vertex 31.8499 12.9801 10
    endloop
  endfacet
  facet normal -0.659741 0.751493 0
    outer loop
      vertex 31.7123 12.8593 10
      vertex 31.8499 12.9801 5.4
      vertex 31.7123 12.8593 5.4
    endloop
  endfacet
  facet normal -0.980811 -0.194961 0
    outer loop
      vertex 32.248 90.7527 5.4
      vertex 32.2123 90.9323 10
      vertex 32.2123 90.9323 5.4
    endloop
  endfacet
  facet normal -0.980811 -0.194961 0
    outer loop
      vertex 32.2123 90.9323 10
      vertex 32.248 90.7527 5.4
      vertex 32.248 90.7527 10
    endloop
  endfacet
  facet normal -0.99785 -0.0655402 0
    outer loop
      vertex 32.26 90.57 5.4
      vertex 32.248 90.7527 10
      vertex 32.248 90.7527 5.4
    endloop
  endfacet
  facet normal -0.99785 -0.0655402 0
    outer loop
      vertex 32.248 90.7527 10
      vertex 32.26 90.57 5.4
      vertex 32.26 90.57 10
    endloop
  endfacet
  facet normal -0.946922 -0.321462 0
    outer loop
      vertex 32.2123 90.9323 5.4
      vertex 32.1534 91.1058 10
      vertex 32.1534 91.1058 5.4
    endloop
  endfacet
  facet normal -0.946922 -0.321462 0
    outer loop
      vertex 32.1534 91.1058 10
      vertex 32.2123 90.9323 5.4
      vertex 32.2123 90.9323 10
    endloop
  endfacet
  facet normal -0.442401 -0.896817 0
    outer loop
      vertex 31.3958 91.8634 5.4
      vertex 31.56 91.7824 10
      vertex 31.3958 91.8634 10
    endloop
  endfacet
  facet normal -0.442401 -0.896817 -0
    outer loop
      vertex 31.56 91.7824 10
      vertex 31.3958 91.8634 5.4
      vertex 31.56 91.7824 5.4
    endloop
  endfacet
  facet normal 0.99785 0.0655402 0
    outer loop
      vertex 29.472 90.3873 10
      vertex 29.46 90.57 5.4
      vertex 29.46 90.57 10
    endloop
  endfacet
  facet normal 0.99785 0.0655402 0
    outer loop
      vertex 29.46 90.57 5.4
      vertex 29.472 90.3873 10
      vertex 29.472 90.3873 5.4
    endloop
  endfacet
  facet normal -0.659432 -0.751764 0
    outer loop
      vertex 31.7123 91.6807 5.4
      vertex 31.8499 91.56 10
      vertex 31.7123 91.6807 10
    endloop
  endfacet
  facet normal -0.659432 -0.751764 -0
    outer loop
      vertex 31.8499 91.56 10
      vertex 31.7123 91.6807 5.4
      vertex 31.8499 91.56 5.4
    endloop
  endfacet
  facet normal -0.896817 -0.442401 0
    outer loop
      vertex 32.1534 91.1058 5.4
      vertex 32.0724 91.27 10
      vertex 32.0724 91.27 5.4
    endloop
  endfacet
  facet normal -0.896817 -0.442401 0
    outer loop
      vertex 32.0724 91.27 10
      vertex 32.1534 91.1058 5.4
      vertex 32.1534 91.1058 10
    endloop
  endfacet
  facet normal -0.83163 -0.55533 0
    outer loop
      vertex 32.0724 91.27 5.4
      vertex 31.9707 91.4223 10
      vertex 31.9707 91.4223 5.4
    endloop
  endfacet
  facet normal -0.83163 -0.55533 0
    outer loop
      vertex 31.9707 91.4223 10
      vertex 32.0724 91.27 5.4
      vertex 32.0724 91.27 10
    endloop
  endfacet
  facet normal 0.659432 -0.751764 0
    outer loop
      vertex 29.8701 91.56 5.4
      vertex 30.0077 91.6807 10
      vertex 29.8701 91.56 10
    endloop
  endfacet
  facet normal 0.659432 -0.751764 0
    outer loop
      vertex 30.0077 91.6807 10
      vertex 29.8701 91.56 5.4
      vertex 30.0077 91.6807 5.4
    endloop
  endfacet
  facet normal -0.0655402 -0.99785 0
    outer loop
      vertex 30.86 91.97 5.4
      vertex 31.0427 91.958 10
      vertex 30.86 91.97 10
    endloop
  endfacet
  facet normal -0.0655402 -0.99785 -0
    outer loop
      vertex 31.0427 91.958 10
      vertex 30.86 91.97 5.4
      vertex 31.0427 91.958 5.4
    endloop
  endfacet
  facet normal -0.751731 -0.65947 0
    outer loop
      vertex 31.9707 91.4223 5.4
      vertex 31.8499 91.56 10
      vertex 31.8499 91.56 5.4
    endloop
  endfacet
  facet normal -0.751731 -0.65947 0
    outer loop
      vertex 31.8499 91.56 10
      vertex 31.9707 91.4223 5.4
      vertex 31.9707 91.4223 10
    endloop
  endfacet
  facet normal 0.659432 0.751764 -0
    outer loop
      vertex 30.0077 89.4593 5.4
      vertex 29.8701 89.58 10
      vertex 30.0077 89.4593 10
    endloop
  endfacet
  facet normal 0.659432 0.751764 0
    outer loop
      vertex 29.8701 89.58 10
      vertex 30.0077 89.4593 5.4
      vertex 29.8701 89.58 5.4
    endloop
  endfacet
  facet normal 0.946922 0.321462 0
    outer loop
      vertex 29.5666 90.0342 10
      vertex 29.5077 90.2077 5.4
      vertex 29.5077 90.2077 10
    endloop
  endfacet
  facet normal 0.946922 0.321462 0
    outer loop
      vertex 29.5077 90.2077 5.4
      vertex 29.5666 90.0342 10
      vertex 29.5666 90.0342 5.4
    endloop
  endfacet
  facet normal 0.980811 0.194961 0
    outer loop
      vertex 29.5077 90.2077 10
      vertex 29.472 90.3873 5.4
      vertex 29.472 90.3873 10
    endloop
  endfacet
  facet normal 0.980811 0.194961 0
    outer loop
      vertex 29.472 90.3873 5.4
      vertex 29.5077 90.2077 10
      vertex 29.5077 90.2077 5.4
    endloop
  endfacet
  facet normal 0.751731 0.65947 0
    outer loop
      vertex 29.8701 89.58 10
      vertex 29.7493 89.7177 5.4
      vertex 29.7493 89.7177 10
    endloop
  endfacet
  facet normal 0.751731 0.65947 0
    outer loop
      vertex 29.7493 89.7177 5.4
      vertex 29.8701 89.58 10
      vertex 29.8701 89.58 5.4
    endloop
  endfacet
  facet normal -0.55533 -0.83163 0
    outer loop
      vertex 31.56 91.7824 5.4
      vertex 31.7123 91.6807 10
      vertex 31.56 91.7824 10
    endloop
  endfacet
  facet normal -0.55533 -0.83163 -0
    outer loop
      vertex 31.7123 91.6807 10
      vertex 31.56 91.7824 5.4
      vertex 31.7123 91.6807 5.4
    endloop
  endfacet
  facet normal -0.751731 0.65947 0
    outer loop
      vertex 31.8499 89.58 5.4
      vertex 31.9707 89.7177 10
      vertex 31.9707 89.7177 5.4
    endloop
  endfacet
  facet normal -0.751731 0.65947 0
    outer loop
      vertex 31.9707 89.7177 10
      vertex 31.8499 89.58 5.4
      vertex 31.8499 89.58 10
    endloop
  endfacet
  facet normal -0.980811 0.194961 0
    outer loop
      vertex 32.2123 90.2077 5.4
      vertex 32.248 90.3873 10
      vertex 32.248 90.3873 5.4
    endloop
  endfacet
  facet normal -0.980811 0.194961 0
    outer loop
      vertex 32.248 90.3873 10
      vertex 32.2123 90.2077 5.4
      vertex 32.2123 90.2077 10
    endloop
  endfacet
  facet normal 0.442401 -0.896817 0
    outer loop
      vertex 30.16 91.7824 5.4
      vertex 30.3242 91.8634 10
      vertex 30.16 91.7824 10
    endloop
  endfacet
  facet normal 0.442401 -0.896817 0
    outer loop
      vertex 30.3242 91.8634 10
      vertex 30.16 91.7824 5.4
      vertex 30.3242 91.8634 5.4
    endloop
  endfacet
  facet normal -0.946922 0.321462 0
    outer loop
      vertex 32.1534 90.0342 5.4
      vertex 32.2123 90.2077 10
      vertex 32.2123 90.2077 5.4
    endloop
  endfacet
  facet normal -0.946922 0.321462 0
    outer loop
      vertex 32.2123 90.2077 10
      vertex 32.1534 90.0342 5.4
      vertex 32.1534 90.0342 10
    endloop
  endfacet
  facet normal -0.83163 0.55533 0
    outer loop
      vertex 31.9707 89.7177 5.4
      vertex 32.0724 89.87 10
      vertex 32.0724 89.87 5.4
    endloop
  endfacet
  facet normal -0.83163 0.55533 0
    outer loop
      vertex 32.0724 89.87 10
      vertex 31.9707 89.7177 5.4
      vertex 31.9707 89.7177 10
    endloop
  endfacet
  facet normal 0.321462 0.946922 -0
    outer loop
      vertex 30.4977 89.2177 5.4
      vertex 30.3242 89.2766 10
      vertex 30.4977 89.2177 10
    endloop
  endfacet
  facet normal 0.321462 0.946922 0
    outer loop
      vertex 30.3242 89.2766 10
      vertex 30.4977 89.2177 5.4
      vertex 30.3242 89.2766 5.4
    endloop
  endfacet
  facet normal 0.896817 0.442401 0
    outer loop
      vertex 29.6476 89.87 10
      vertex 29.5666 90.0342 5.4
      vertex 29.5666 90.0342 10
    endloop
  endfacet
  facet normal 0.896817 0.442401 0
    outer loop
      vertex 29.5666 90.0342 5.4
      vertex 29.6476 89.87 10
      vertex 29.6476 89.87 5.4
    endloop
  endfacet
  facet normal -0.896817 0.442401 0
    outer loop
      vertex 32.0724 89.87 5.4
      vertex 32.1534 90.0342 10
      vertex 32.1534 90.0342 5.4
    endloop
  endfacet
  facet normal -0.896817 0.442401 0
    outer loop
      vertex 32.1534 90.0342 10
      vertex 32.0724 89.87 5.4
      vertex 32.0724 89.87 10
    endloop
  endfacet
  facet normal 0.751731 -0.65947 0
    outer loop
      vertex 29.7493 91.4223 10
      vertex 29.8701 91.56 5.4
      vertex 29.8701 91.56 10
    endloop
  endfacet
  facet normal 0.751731 -0.65947 0
    outer loop
      vertex 29.8701 91.56 5.4
      vertex 29.7493 91.4223 10
      vertex 29.7493 91.4223 5.4
    endloop
  endfacet
  facet normal 0.194961 -0.980811 0
    outer loop
      vertex 30.4977 91.9223 5.4
      vertex 30.6773 91.958 10
      vertex 30.4977 91.9223 10
    endloop
  endfacet
  facet normal 0.194961 -0.980811 0
    outer loop
      vertex 30.6773 91.958 10
      vertex 30.4977 91.9223 5.4
      vertex 30.6773 91.958 5.4
    endloop
  endfacet
  facet normal 0 0 1
    outer loop
      vertex 32.248 90.7527 5.4
      vertex 32.248 90.3873 5.4
      vertex 32.26 90.57 5.4
    endloop
  endfacet
  facet normal 0 0 1
    outer loop
      vertex 32.2123 90.9323 5.4
      vertex 32.248 90.3873 5.4
      vertex 32.248 90.7527 5.4
    endloop
  endfacet
  facet normal 0 0 1
    outer loop
      vertex 32.2123 90.9323 5.4
      vertex 32.2123 90.2077 5.4
      vertex 32.248 90.3873 5.4
    endloop
  endfacet
  facet normal 0 0 1
    outer loop
      vertex 32.1534 91.1058 5.4
      vertex 32.2123 90.2077 5.4
      vertex 32.2123 90.9323 5.4
    endloop
  endfacet
  facet normal 0 0 1
    outer loop
      vertex 32.1534 91.1058 5.4
      vertex 32.1534 90.0342 5.4
      vertex 32.2123 90.2077 5.4
    endloop
  endfacet
  facet normal 0 0 1
    outer loop
      vertex 32.0724 91.27 5.4
      vertex 32.1534 90.0342 5.4
      vertex 32.1534 91.1058 5.4
    endloop
  endfacet
  facet normal 0 0 1
    outer loop
      vertex 32.0724 91.27 5.4
      vertex 32.0724 89.87 5.4
      vertex 32.1534 90.0342 5.4
    endloop
  endfacet
  facet normal 0 0 1
    outer loop
      vertex 31.9707 91.4223 5.4
      vertex 32.0724 89.87 5.4
      vertex 32.0724 91.27 5.4
    endloop
  endfacet
  facet normal 0 0 1
    outer loop
      vertex 31.9707 91.4223 5.4
      vertex 31.9707 89.7177 5.4
      vertex 32.0724 89.87 5.4
    endloop
  endfacet
  facet normal 0 0 1
    outer loop
      vertex 31.8499 91.56 5.4
      vertex 31.9707 89.7177 5.4
      vertex 31.9707 91.4223 5.4
    endloop
  endfacet
  facet normal 0 0 1
    outer loop
      vertex 31.8499 91.56 5.4
      vertex 31.8499 89.58 5.4
      vertex 31.9707 89.7177 5.4
    endloop
  endfacet
  facet normal 0 0 1
    outer loop
      vertex 31.7123 91.6807 5.4
      vertex 31.8499 89.58 5.4
      vertex 31.8499 91.56 5.4
    endloop
  endfacet
  facet normal 0 0 1
    outer loop
      vertex 31.7123 91.6807 5.4
      vertex 31.7123 89.4593 5.4
      vertex 31.8499 89.58 5.4
    endloop
  endfacet
  facet normal 0 0 1
    outer loop
      vertex 31.56 91.7824 5.4
      vertex 31.7123 89.4593 5.4
      vertex 31.7123 91.6807 5.4
    endloop
  endfacet
  facet normal 0 0 1
    outer loop
      vertex 31.56 91.7824 5.4
      vertex 31.56 89.3576 5.4
      vertex 31.7123 89.4593 5.4
    endloop
  endfacet
  facet normal 0 0 1
    outer loop
      vertex 31.3958 91.8634 5.4
      vertex 31.56 89.3576 5.4
      vertex 31.56 91.7824 5.4
    endloop
  endfacet
  facet normal 0 0 1
    outer loop
      vertex 31.3958 91.8634 5.4
      vertex 31.3958 89.2766 5.4
      vertex 31.56 89.3576 5.4
    endloop
  endfacet
  facet normal 0 0 1
    outer loop
      vertex 31.2223 91.9223 5.4
      vertex 31.3958 89.2766 5.4
      vertex 31.3958 91.8634 5.4
    endloop
  endfacet
  facet normal 0 0 1
    outer loop
      vertex 31.2223 91.9223 5.4
      vertex 31.2223 89.2177 5.4
      vertex 31.3958 89.2766 5.4
    endloop
  endfacet
  facet normal 0 0 1
    outer loop
      vertex 31.0427 91.958 5.4
      vertex 31.2223 89.2177 5.4
      vertex 31.2223 91.9223 5.4
    endloop
  endfacet
  facet normal 0 0 1
    outer loop
      vertex 31.0427 91.958 5.4
      vertex 31.0427 89.182 5.4
      vertex 31.2223 89.2177 5.4
    endloop
  endfacet
  facet normal 0 0 1
    outer loop
      vertex 30.86 91.97 5.4
      vertex 31.0427 89.182 5.4
      vertex 31.0427 91.958 5.4
    endloop
  endfacet
  facet normal 0 0 1
    outer loop
      vertex 30.86 91.97 5.4
      vertex 30.86 89.17 5.4
      vertex 31.0427 89.182 5.4
    endloop
  endfacet
  facet normal -0 0 1
    outer loop
      vertex 30.6773 91.958 5.4
      vertex 30.86 89.17 5.4
      vertex 30.86 91.97 5.4
    endloop
  endfacet
  facet normal 0 0 1
    outer loop
      vertex 30.6773 91.958 5.4
      vertex 30.6773 89.182 5.4
      vertex 30.86 89.17 5.4
    endloop
  endfacet
  facet normal -0 0 1
    outer loop
      vertex 30.4977 91.9223 5.4
      vertex 30.6773 89.182 5.4
      vertex 30.6773 91.958 5.4
    endloop
  endfacet
  facet normal 0 0 1
    outer loop
      vertex 30.4977 91.9223 5.4
      vertex 30.4977 89.2177 5.4
      vertex 30.6773 89.182 5.4
    endloop
  endfacet
  facet normal -0 0 1
    outer loop
      vertex 30.3242 91.8634 5.4
      vertex 30.4977 89.2177 5.4
      vertex 30.4977 91.9223 5.4
    endloop
  endfacet
  facet normal 0 0 1
    outer loop
      vertex 30.3242 91.8634 5.4
      vertex 30.3242 89.2766 5.4
      vertex 30.4977 89.2177 5.4
    endloop
  endfacet
  facet normal -0 0 1
    outer loop
      vertex 30.16 91.7824 5.4
      vertex 30.3242 89.2766 5.4
      vertex 30.3242 91.8634 5.4
    endloop
  endfacet
  facet normal 0 0 1
    outer loop
      vertex 30.16 91.7824 5.4
      vertex 30.16 89.3576 5.4
      vertex 30.3242 89.2766 5.4
    endloop
  endfacet
  facet normal -0 0 1
    outer loop
      vertex 30.0077 91.6807 5.4
      vertex 30.16 89.3576 5.4
      vertex 30.16 91.7824 5.4
    endloop
  endfacet
  facet normal 0 0 1
    outer loop
      vertex 30.0077 91.6807 5.4
      vertex 30.0077 89.4593 5.4
      vertex 30.16 89.3576 5.4
    endloop
  endfacet
  facet normal -0 0 1
    outer loop
      vertex 29.8701 91.56 5.4
      vertex 30.0077 89.4593 5.4
      vertex 30.0077 91.6807 5.4
    endloop
  endfacet
  facet normal 0 0 1
    outer loop
      vertex 29.8701 91.56 5.4
      vertex 29.8701 89.58 5.4
      vertex 30.0077 89.4593 5.4
    endloop
  endfacet
  facet normal -0 0 1
    outer loop
      vertex 29.7493 91.4223 5.4
      vertex 29.8701 89.58 5.4
      vertex 29.8701 91.56 5.4
    endloop
  endfacet
  facet normal 0 0 1
    outer loop
      vertex 29.7493 91.4223 5.4
      vertex 29.7493 89.7177 5.4
      vertex 29.8701 89.58 5.4
    endloop
  endfacet
  facet normal -0 0 1
    outer loop
      vertex 29.6476 91.27 5.4
      vertex 29.7493 89.7177 5.4
      vertex 29.7493 91.4223 5.4
    endloop
  endfacet
  facet normal 0 0 1
    outer loop
      vertex 29.6476 91.27 5.4
      vertex 29.6476 89.87 5.4
      vertex 29.7493 89.7177 5.4
    endloop
  endfacet
  facet normal -0 0 1
    outer loop
      vertex 29.5666 91.1058 5.4
      vertex 29.6476 89.87 5.4
      vertex 29.6476 91.27 5.4
    endloop
  endfacet
  facet normal 0 0 1
    outer loop
      vertex 29.5666 91.1058 5.4
      vertex 29.5666 90.0342 5.4
      vertex 29.6476 89.87 5.4
    endloop
  endfacet
  facet normal -0 0 1
    outer loop
      vertex 29.5077 90.9323 5.4
      vertex 29.5666 90.0342 5.4
      vertex 29.5666 91.1058 5.4
    endloop
  endfacet
  facet normal 0 0 1
    outer loop
      vertex 29.5077 90.9323 5.4
      vertex 29.5077 90.2077 5.4
      vertex 29.5666 90.0342 5.4
    endloop
  endfacet
  facet normal -0 0 1
    outer loop
      vertex 29.472 90.7527 5.4
      vertex 29.5077 90.2077 5.4
      vertex 29.5077 90.9323 5.4
    endloop
  endfacet
  facet normal 0 0 1
    outer loop
      vertex 29.472 90.7527 5.4
      vertex 29.472 90.3873 5.4
      vertex 29.5077 90.2077 5.4
    endloop
  endfacet
  facet normal 0 -0 1
    outer loop
      vertex 29.472 90.3873 5.4
      vertex 29.472 90.7527 5.4
      vertex 29.46 90.57 5.4
    endloop
  endfacet
  facet normal -0.442401 0.896817 0
    outer loop
      vertex 31.56 89.3576 5.4
      vertex 31.3958 89.2766 10
      vertex 31.56 89.3576 10
    endloop
  endfacet
  facet normal -0.442401 0.896817 0
    outer loop
      vertex 31.3958 89.2766 10
      vertex 31.56 89.3576 5.4
      vertex 31.3958 89.2766 5.4
    endloop
  endfacet
  facet normal -0.659432 0.751764 0
    outer loop
      vertex 31.8499 89.58 5.4
      vertex 31.7123 89.4593 10
      vertex 31.8499 89.58 10
    endloop
  endfacet
  facet normal -0.659432 0.751764 0
    outer loop
      vertex 31.7123 89.4593 10
      vertex 31.8499 89.58 5.4
      vertex 31.7123 89.4593 5.4
    endloop
  endfacet
  facet normal 0.55533 -0.83163 0
    outer loop
      vertex 30.0077 91.6807 5.4
      vertex 30.16 91.7824 10
      vertex 30.0077 91.6807 10
    endloop
  endfacet
  facet normal 0.55533 -0.83163 0
    outer loop
      vertex 30.16 91.7824 10
      vertex 30.0077 91.6807 5.4
      vertex 30.16 91.7824 5.4
    endloop
  endfacet
  facet normal 0.946922 -0.321462 0
    outer loop
      vertex 29.5077 90.9323 10
      vertex 29.5666 91.1058 5.4
      vertex 29.5666 91.1058 10
    endloop
  endfacet
  facet normal 0.946922 -0.321462 0
    outer loop
      vertex 29.5666 91.1058 5.4
      vertex 29.5077 90.9323 10
      vertex 29.5077 90.9323 5.4
    endloop
  endfacet
  facet normal 0.321462 -0.946922 0
    outer loop
      vertex 30.3242 91.8634 5.4
      vertex 30.4977 91.9223 10
      vertex 30.3242 91.8634 10
    endloop
  endfacet
  facet normal 0.321462 -0.946922 0
    outer loop
      vertex 30.4977 91.9223 10
      vertex 30.3242 91.8634 5.4
      vertex 30.4977 91.9223 5.4
    endloop
  endfacet
  facet normal -0.0655402 0.99785 0
    outer loop
      vertex 31.0427 89.182 5.4
      vertex 30.86 89.17 10
      vertex 31.0427 89.182 10
    endloop
  endfacet
  facet normal -0.0655402 0.99785 0
    outer loop
      vertex 30.86 89.17 10
      vertex 31.0427 89.182 5.4
      vertex 30.86 89.17 5.4
    endloop
  endfacet
  facet normal -0.194961 0.980811 0
    outer loop
      vertex 31.2223 89.2177 5.4
      vertex 31.0427 89.182 10
      vertex 31.2223 89.2177 10
    endloop
  endfacet
  facet normal -0.194961 0.980811 0
    outer loop
      vertex 31.0427 89.182 10
      vertex 31.2223 89.2177 5.4
      vertex 31.0427 89.182 5.4
    endloop
  endfacet
  facet normal 0.99785 -0.0655402 0
    outer loop
      vertex 29.46 90.57 10
      vertex 29.472 90.7527 5.4
      vertex 29.472 90.7527 10
    endloop
  endfacet
  facet normal 0.99785 -0.0655402 0
    outer loop
      vertex 29.472 90.7527 5.4
      vertex 29.46 90.57 10
      vertex 29.46 90.57 5.4
    endloop
  endfacet
  facet normal -0.55533 0.83163 0
    outer loop
      vertex 31.7123 89.4593 5.4
      vertex 31.56 89.3576 10
      vertex 31.7123 89.4593 10
    endloop
  endfacet
  facet normal -0.55533 0.83163 0
    outer loop
      vertex 31.56 89.3576 10
      vertex 31.7123 89.4593 5.4
      vertex 31.56 89.3576 5.4
    endloop
  endfacet
  facet normal -0.321462 -0.946922 0
    outer loop
      vertex 31.2223 91.9223 5.4
      vertex 31.3958 91.8634 10
      vertex 31.2223 91.9223 10
    endloop
  endfacet
  facet normal -0.321462 -0.946922 -0
    outer loop
      vertex 31.3958 91.8634 10
      vertex 31.2223 91.9223 5.4
      vertex 31.3958 91.8634 5.4
    endloop
  endfacet
  facet normal 0.194961 0.980811 -0
    outer loop
      vertex 30.6773 89.182 5.4
      vertex 30.4977 89.2177 10
      vertex 30.6773 89.182 10
    endloop
  endfacet
  facet normal 0.194961 0.980811 0
    outer loop
      vertex 30.4977 89.2177 10
      vertex 30.6773 89.182 5.4
      vertex 30.4977 89.2177 5.4
    endloop
  endfacet
  facet normal 0.442401 0.896817 -0
    outer loop
      vertex 30.3242 89.2766 5.4
      vertex 30.16 89.3576 10
      vertex 30.3242 89.2766 10
    endloop
  endfacet
  facet normal 0.442401 0.896817 0
    outer loop
      vertex 30.16 89.3576 10
      vertex 30.3242 89.2766 5.4
      vertex 30.16 89.3576 5.4
    endloop
  endfacet
  facet normal -0.99785 0.0655402 0
    outer loop
      vertex 32.248 90.3873 5.4
      vertex 32.26 90.57 10
      vertex 32.26 90.57 5.4
    endloop
  endfacet
  facet normal -0.99785 0.0655402 0
    outer loop
      vertex 32.26 90.57 10
      vertex 32.248 90.3873 5.4
      vertex 32.248 90.3873 10
    endloop
  endfacet
  facet normal 0.0655402 -0.99785 0
    outer loop
      vertex 30.6773 91.958 5.4
      vertex 30.86 91.97 10
      vertex 30.6773 91.958 10
    endloop
  endfacet
  facet normal 0.0655402 -0.99785 0
    outer loop
      vertex 30.86 91.97 10
      vertex 30.6773 91.958 5.4
      vertex 30.86 91.97 5.4
    endloop
  endfacet
  facet normal 0.83163 0.55533 0
    outer loop
      vertex 29.7493 89.7177 10
      vertex 29.6476 89.87 5.4
      vertex 29.6476 89.87 10
    endloop
  endfacet
  facet normal 0.83163 0.55533 0
    outer loop
      vertex 29.6476 89.87 5.4
      vertex 29.7493 89.7177 10
      vertex 29.7493 89.7177 5.4
    endloop
  endfacet
  facet normal 0.0655402 0.99785 -0
    outer loop
      vertex 30.86 89.17 5.4
      vertex 30.6773 89.182 10
      vertex 30.86 89.17 10
    endloop
  endfacet
  facet normal 0.0655402 0.99785 0
    outer loop
      vertex 30.6773 89.182 10
      vertex 30.86 89.17 5.4
      vertex 30.6773 89.182 5.4
    endloop
  endfacet
  facet normal -0.194961 -0.980811 0
    outer loop
      vertex 31.0427 91.958 5.4
      vertex 31.2223 91.9223 10
      vertex 31.0427 91.958 10
    endloop
  endfacet
  facet normal -0.194961 -0.980811 -0
    outer loop
      vertex 31.2223 91.9223 10
      vertex 31.0427 91.958 5.4
      vertex 31.2223 91.9223 5.4
    endloop
  endfacet
  facet normal 0.896817 -0.442401 0
    outer loop
      vertex 29.5666 91.1058 10
      vertex 29.6476 91.27 5.4
      vertex 29.6476 91.27 10
    endloop
  endfacet
  facet normal 0.896817 -0.442401 0
    outer loop
      vertex 29.6476 91.27 5.4
      vertex 29.5666 91.1058 10
      vertex 29.5666 91.1058 5.4
    endloop
  endfacet
  facet normal -0.321462 0.946922 0
    outer loop
      vertex 31.3958 89.2766 5.4
      vertex 31.2223 89.2177 10
      vertex 31.3958 89.2766 10
    endloop
  endfacet
  facet normal -0.321462 0.946922 0
    outer loop
      vertex 31.2223 89.2177 10
      vertex 31.3958 89.2766 5.4
      vertex 31.2223 89.2177 5.4
    endloop
  endfacet
  facet normal 0.83163 -0.55533 0
    outer loop
      vertex 29.6476 91.27 10
      vertex 29.7493 91.4223 5.4
      vertex 29.7493 91.4223 10
    endloop
  endfacet
  facet normal 0.83163 -0.55533 0
    outer loop
      vertex 29.7493 91.4223 5.4
      vertex 29.6476 91.27 10
      vertex 29.6476 91.27 5.4
    endloop
  endfacet
  facet normal 0.980811 -0.194961 0
    outer loop
      vertex 29.472 90.7527 10
      vertex 29.5077 90.9323 5.4
      vertex 29.5077 90.9323 10
    endloop
  endfacet
  facet normal 0.980811 -0.194961 0
    outer loop
      vertex 29.5077 90.9323 5.4
      vertex 29.472 90.7527 10
      vertex 29.472 90.7527 5.4
    endloop
  endfacet
  facet normal 0.55533 0.83163 -0
    outer loop
      vertex 30.16 89.3576 5.4
      vertex 30.0077 89.4593 10
      vertex 30.16 89.3576 10
    endloop
  endfacet
  facet normal 0.55533 0.83163 0
    outer loop
      vertex 30.0077 89.4593 10
      vertex 30.16 89.3576 5.4
      vertex 30.0077 89.4593 5.4
    endloop
  endfacet
  facet normal 0.0654027 0.997859 -0
    outer loop
      vertex -20 4.5 0
      vertex -20.5874 4.5385 3
      vertex -20 4.5 3
    endloop
  endfacet
  facet normal 0.0654027 0.997859 0
    outer loop
      vertex -20.5874 4.5385 3
      vertex -20 4.5 0
      vertex -20.5874 4.5385 0
    endloop
  endfacet
  facet normal -0.321421 -0.946936 0
    outer loop
      vertex 21.1647 13.3467 0
      vertex 21.7221 13.1575 3
      vertex 21.1647 13.3467 3
    endloop
  endfacet
  facet normal -0.321421 -0.946936 -0
    outer loop
      vertex 21.7221 13.1575 3
      vertex 21.1647 13.3467 0
      vertex 21.7221 13.1575 0
    endloop
  endfacet
  facet normal -0.555562 -0.831475 0
    outer loop
      vertex 22.25 12.8971 0
      vertex 22.7394 12.5701 3
      vertex 22.25 12.8971 3
    endloop
  endfacet
  facet normal -0.555562 -0.831475 -0
    outer loop
      vertex 22.7394 12.5701 3
      vertex 22.25 12.8971 0
      vertex 22.7394 12.5701 0
    endloop
  endfacet
  facet normal -0.997859 0.0654061 0
    outer loop
      vertex 24.4615 8.41263 0
      vertex 24.5 9 3
      vertex 24.5 9 0
    endloop
  endfacet
  facet normal -0.997859 0.0654061 0
    outer loop
      vertex 24.5 9 3
      vertex 24.4615 8.41263 0
      vertex 24.4615 8.41263 3
    endloop
  endfacet
  facet normal 0.442382 -0.896827 0
    outer loop
      vertex -22.25 12.8971 0
      vertex -21.7221 13.1575 3
      vertex -22.25 12.8971 3
    endloop
  endfacet
  facet normal 0.442382 -0.896827 0
    outer loop
      vertex -21.7221 13.1575 3
      vertex -22.25 12.8971 0
      vertex -21.7221 13.1575 0
    endloop
  endfacet
  facet normal 0.896827 -0.442382 0
    outer loop
      vertex -24.1575 10.7221 3
      vertex -23.8971 11.25 0
      vertex -23.8971 11.25 3
    endloop
  endfacet
  facet normal 0.896827 -0.442382 0
    outer loop
      vertex -23.8971 11.25 0
      vertex -24.1575 10.7221 3
      vertex -24.1575 10.7221 0
    endloop
  endfacet
  facet normal -0.442382 -0.896827 0
    outer loop
      vertex 21.7221 13.1575 0
      vertex 22.25 12.8971 3
      vertex 21.7221 13.1575 3
    endloop
  endfacet
  facet normal -0.442382 -0.896827 -0
    outer loop
      vertex 22.25 12.8971 3
      vertex 21.7221 13.1575 0
      vertex 22.25 12.8971 0
    endloop
  endfacet
  facet normal -0.831475 -0.555562 0
    outer loop
      vertex 23.8971 11.25 0
      vertex 23.5701 11.7394 3
      vertex 23.5701 11.7394 0
    endloop
  endfacet
  facet normal -0.831475 -0.555562 0
    outer loop
      vertex 23.5701 11.7394 3
      vertex 23.8971 11.25 0
      vertex 23.8971 11.25 3
    endloop
  endfacet
  facet normal 0.321421 -0.946936 0
    outer loop
      vertex -21.7221 13.1575 0
      vertex -21.1647 13.3467 3
      vertex -21.7221 13.1575 3
    endloop
  endfacet
  facet normal 0.321421 -0.946936 0
    outer loop
      vertex -21.1647 13.3467 3
      vertex -21.7221 13.1575 0
      vertex -21.1647 13.3467 0
    endloop
  endfacet
  facet normal -0.0654027 -0.997859 0
    outer loop
      vertex 20 13.5 0
      vertex 20.5874 13.4615 3
      vertex 20 13.5 3
    endloop
  endfacet
  facet normal -0.0654027 -0.997859 -0
    outer loop
      vertex 20.5874 13.4615 3
      vertex 20 13.5 0
      vertex 20.5874 13.4615 0
    endloop
  endfacet
  facet normal 0.555586 0.831459 -0
    outer loop
      vertex -22.25 5.10289 0
      vertex -22.7394 5.42991 3
      vertex -22.25 5.10289 3
    endloop
  endfacet
  facet normal 0.555586 0.831459 0
    outer loop
      vertex -22.7394 5.42991 3
      vertex -22.25 5.10289 0
      vertex -22.7394 5.42991 0
    endloop
  endfacet
  facet normal 0.831491 0.555539 0
    outer loop
      vertex -23.5701 6.26057 3
      vertex -23.8971 6.75 0
      vertex -23.8971 6.75 3
    endloop
  endfacet
  facet normal 0.831491 0.555539 0
    outer loop
      vertex -23.8971 6.75 0
      vertex -23.5701 6.26057 3
      vertex -23.5701 6.26057 0
    endloop
  endfacet
  facet normal 0.195038 -0.980796 0
    outer loop
      vertex -21.1647 13.3467 0
      vertex -20.5874 13.4615 3
      vertex -21.1647 13.3467 3
    endloop
  endfacet
  facet normal 0.195038 -0.980796 0
    outer loop
      vertex -20.5874 13.4615 3
      vertex -21.1647 13.3467 0
      vertex -20.5874 13.4615 0
    endloop
  endfacet
  facet normal 0.896833 0.442369 0
    outer loop
      vertex -23.8971 6.75 3
      vertex -24.1575 7.27792 0
      vertex -24.1575 7.27792 3
    endloop
  endfacet
  facet normal 0.896833 0.442369 0
    outer loop
      vertex -24.1575 7.27792 0
      vertex -23.8971 6.75 3
      vertex -23.8971 6.75 0
    endloop
  endfacet
  facet normal 0 -1 0
    outer loop
      vertex -20 13.5 0
      vertex 20 13.5 3
      vertex -20 13.5 3
    endloop
  endfacet
  facet normal 0 -1 -0
    outer loop
      vertex 20 13.5 3
      vertex -20 13.5 0
      vertex 20 13.5 0
    endloop
  endfacet
  facet normal -0.555586 0.831459 0
    outer loop
      vertex 22.7394 5.42991 0
      vertex 22.25 5.10289 3
      vertex 22.7394 5.42991 3
    endloop
  endfacet
  facet normal -0.555586 0.831459 0
    outer loop
      vertex 22.25 5.10289 3
      vertex 22.7394 5.42991 0
      vertex 22.25 5.10289 0
    endloop
  endfacet
  facet normal 0.321437 0.946931 -0
    outer loop
      vertex -21.1647 4.65333 0
      vertex -21.7221 4.84254 3
      vertex -21.1647 4.65333 3
    endloop
  endfacet
  facet normal 0.321437 0.946931 0
    outer loop
      vertex -21.7221 4.84254 3
      vertex -21.1647 4.65333 0
      vertex -21.7221 4.84254 0
    endloop
  endfacet
  facet normal 0 1 -0
    outer loop
      vertex 20 4.5 0
      vertex -20 4.5 3
      vertex 20 4.5 3
    endloop
  endfacet
  facet normal 0 1 0
    outer loop
      vertex -20 4.5 3
      vertex 20 4.5 0
      vertex -20 4.5 0
    endloop
  endfacet
  facet normal 0.555562 -0.831475 0
    outer loop
      vertex -22.7394 12.5701 0
      vertex -22.25 12.8971 3
      vertex -22.7394 12.5701 3
    endloop
  endfacet
  facet normal 0.555562 -0.831475 0
    outer loop
      vertex -22.25 12.8971 3
      vertex -22.7394 12.5701 0
      vertex -22.25 12.8971 0
    endloop
  endfacet
  facet normal -0.195087 0.980786 0
    outer loop
      vertex 21.1647 4.65333 0
      vertex 20.5874 4.5385 3
      vertex 21.1647 4.65333 3
    endloop
  endfacet
  facet normal -0.195087 0.980786 0
    outer loop
      vertex 20.5874 4.5385 3
      vertex 21.1647 4.65333 0
      vertex 20.5874 4.5385 0
    endloop
  endfacet
  facet normal 0.831475 -0.555562 0
    outer loop
      vertex -23.8971 11.25 3
      vertex -23.5701 11.7394 0
      vertex -23.5701 11.7394 3
    endloop
  endfacet
  facet normal 0.831475 -0.555562 0
    outer loop
      vertex -23.5701 11.7394 0
      vertex -23.8971 11.25 3
      vertex -23.8971 11.25 0
    endloop
  endfacet
  facet normal 0.0654027 -0.997859 0
    outer loop
      vertex -20.5874 13.4615 0
      vertex -20 13.5 3
      vertex -20.5874 13.4615 3
    endloop
  endfacet
  facet normal 0.0654027 -0.997859 0
    outer loop
      vertex -20 13.5 3
      vertex -20.5874 13.4615 0
      vertex -20 13.5 0
    endloop
  endfacet
  facet normal 0.659298 -0.751882 0
    outer loop
      vertex -23.182 12.182 0
      vertex -22.7394 12.5701 3
      vertex -23.182 12.182 3
    endloop
  endfacet
  facet normal 0.659298 -0.751882 0
    outer loop
      vertex -22.7394 12.5701 3
      vertex -23.182 12.182 0
      vertex -22.7394 12.5701 0
    endloop
  endfacet
  facet normal -0.896827 -0.442382 0
    outer loop
      vertex 24.1575 10.7221 0
      vertex 23.8971 11.25 3
      vertex 23.8971 11.25 0
    endloop
  endfacet
  facet normal -0.896827 -0.442382 0
    outer loop
      vertex 23.8971 11.25 3
      vertex 24.1575 10.7221 0
      vertex 24.1575 10.7221 3
    endloop
  endfacet
  facet normal -0.195038 -0.980796 0
    outer loop
      vertex 20.5874 13.4615 0
      vertex 21.1647 13.3467 3
      vertex 20.5874 13.4615 3
    endloop
  endfacet
  facet normal -0.195038 -0.980796 -0
    outer loop
      vertex 21.1647 13.3467 3
      vertex 20.5874 13.4615 0
      vertex 21.1647 13.3467 0
    endloop
  endfacet
  facet normal -0.980798 -0.195028 0
    outer loop
      vertex 24.4615 9.58737 0
      vertex 24.3467 10.1647 3
      vertex 24.3467 10.1647 0
    endloop
  endfacet
  facet normal -0.980798 -0.195028 0
    outer loop
      vertex 24.3467 10.1647 3
      vertex 24.4615 9.58737 0
      vertex 24.4615 9.58737 3
    endloop
  endfacet
  facet normal 0.751882 -0.659298 0
    outer loop
      vertex -23.5701 11.7394 3
      vertex -23.182 12.182 0
      vertex -23.182 12.182 3
    endloop
  endfacet
  facet normal 0.751882 -0.659298 0
    outer loop
      vertex -23.182 12.182 0
      vertex -23.5701 11.7394 3
      vertex -23.5701 11.7394 0
    endloop
  endfacet
  facet normal 0.751845 0.65934 0
    outer loop
      vertex -23.182 5.81802 3
      vertex -23.5701 6.26057 0
      vertex -23.5701 6.26057 3
    endloop
  endfacet
  facet normal 0.751845 0.65934 0
    outer loop
      vertex -23.5701 6.26057 0
      vertex -23.182 5.81802 3
      vertex -23.182 5.81802 0
    endloop
  endfacet
  facet normal 0.980797 0.195031 0
    outer loop
      vertex -24.3467 7.83531 3
      vertex -24.4615 8.41263 0
      vertex -24.4615 8.41263 3
    endloop
  endfacet
  facet normal 0.980797 0.195031 0
    outer loop
      vertex -24.4615 8.41263 0
      vertex -24.3467 7.83531 3
      vertex -24.3467 7.83531 0
    endloop
  endfacet
  facet normal -0.442314 0.89686 0
    outer loop
      vertex 22.25 5.10289 0
      vertex 21.7221 4.84254 3
      vertex 22.25 5.10289 3
    endloop
  endfacet
  facet normal -0.442314 0.89686 0
    outer loop
      vertex 21.7221 4.84254 3
      vertex 22.25 5.10289 0
      vertex 21.7221 4.84254 0
    endloop
  endfacet
  facet normal -0.946934 0.321427 0
    outer loop
      vertex 24.1575 7.27792 0
      vertex 24.3467 7.83531 3
      vertex 24.3467 7.83531 0
    endloop
  endfacet
  facet normal -0.946934 0.321427 0
    outer loop
      vertex 24.3467 7.83531 3
      vertex 24.1575 7.27792 0
      vertex 24.1575 7.27792 3
    endloop
  endfacet
  facet normal 0.997859 -0.0654061 0
    outer loop
      vertex -24.5 9 3
      vertex -24.4615 9.58737 0
      vertex -24.4615 9.58737 3
    endloop
  endfacet
  facet normal 0.997859 -0.0654061 0
    outer loop
      vertex -24.4615 9.58737 0
      vertex -24.5 9 3
      vertex -24.5 9 0
    endloop
  endfacet
  facet normal -0.659308 0.751873 0
    outer loop
      vertex 23.182 5.81802 0
      vertex 22.7394 5.42991 3
      vertex 23.182 5.81802 3
    endloop
  endfacet
  facet normal -0.659308 0.751873 0
    outer loop
      vertex 22.7394 5.42991 3
      vertex 23.182 5.81802 0
      vertex 22.7394 5.42991 0
    endloop
  endfacet
  facet normal -0.0654027 0.997859 0
    outer loop
      vertex 20.5874 4.5385 0
      vertex 20 4.5 3
      vertex 20.5874 4.5385 3
    endloop
  endfacet
  facet normal -0.0654027 0.997859 0
    outer loop
      vertex 20 4.5 3
      vertex 20.5874 4.5385 0
      vertex 20 4.5 0
    endloop
  endfacet
  facet normal -0.946936 -0.321421 0
    outer loop
      vertex 24.3467 10.1647 0
      vertex 24.1575 10.7221 3
      vertex 24.1575 10.7221 0
    endloop
  endfacet
  facet normal -0.946936 -0.321421 0
    outer loop
      vertex 24.1575 10.7221 3
      vertex 24.3467 10.1647 0
      vertex 24.3467 10.1647 3
    endloop
  endfacet
  facet normal 0.997859 0.0654061 0
    outer loop
      vertex -24.4615 8.41263 3
      vertex -24.5 9 0
      vertex -24.5 9 3
    endloop
  endfacet
  facet normal 0.997859 0.0654061 0
    outer loop
      vertex -24.5 9 0
      vertex -24.4615 8.41263 3
      vertex -24.4615 8.41263 0
    endloop
  endfacet
  facet normal 0.442314 0.89686 -0
    outer loop
      vertex -21.7221 4.84254 0
      vertex -22.25 5.10289 3
      vertex -21.7221 4.84254 3
    endloop
  endfacet
  facet normal 0.442314 0.89686 0
    outer loop
      vertex -22.25 5.10289 3
      vertex -21.7221 4.84254 0
      vertex -22.25 5.10289 0
    endloop
  endfacet
  facet normal -0.751882 -0.659298 0
    outer loop
      vertex 23.5701 11.7394 0
      vertex 23.182 12.182 3
      vertex 23.182 12.182 0
    endloop
  endfacet
  facet normal -0.751882 -0.659298 0
    outer loop
      vertex 23.182 12.182 3
      vertex 23.5701 11.7394 0
      vertex 23.5701 11.7394 3
    endloop
  endfacet
  facet normal -0.321437 0.946931 0
    outer loop
      vertex 21.7221 4.84254 0
      vertex 21.1647 4.65333 3
      vertex 21.7221 4.84254 3
    endloop
  endfacet
  facet normal -0.321437 0.946931 0
    outer loop
      vertex 21.1647 4.65333 3
      vertex 21.7221 4.84254 0
      vertex 21.1647 4.65333 0
    endloop
  endfacet
  facet normal -0.896833 0.442369 0
    outer loop
      vertex 23.8971 6.75 0
      vertex 24.1575 7.27792 3
      vertex 24.1575 7.27792 0
    endloop
  endfacet
  facet normal -0.896833 0.442369 0
    outer loop
      vertex 24.1575 7.27792 3
      vertex 23.8971 6.75 0
      vertex 23.8971 6.75 3
    endloop
  endfacet
  facet normal -0.997859 -0.0654061 0
    outer loop
      vertex 24.5 9 0
      vertex 24.4615 9.58737 3
      vertex 24.4615 9.58737 0
    endloop
  endfacet
  facet normal -0.997859 -0.0654061 0
    outer loop
      vertex 24.4615 9.58737 3
      vertex 24.5 9 0
      vertex 24.5 9 3
    endloop
  endfacet
  facet normal 0.946936 -0.321421 0
    outer loop
      vertex -24.3467 10.1647 3
      vertex -24.1575 10.7221 0
      vertex -24.1575 10.7221 3
    endloop
  endfacet
  facet normal 0.946936 -0.321421 0
    outer loop
      vertex -24.1575 10.7221 0
      vertex -24.3467 10.1647 3
      vertex -24.3467 10.1647 0
    endloop
  endfacet
  facet normal 0.980798 -0.195028 0
    outer loop
      vertex -24.4615 9.58737 3
      vertex -24.3467 10.1647 0
      vertex -24.3467 10.1647 3
    endloop
  endfacet
  facet normal 0.980798 -0.195028 0
    outer loop
      vertex -24.3467 10.1647 0
      vertex -24.4615 9.58737 3
      vertex -24.4615 9.58737 0
    endloop
  endfacet
  facet normal -0.980797 0.195031 0
    outer loop
      vertex 24.3467 7.83531 0
      vertex 24.4615 8.41263 3
      vertex 24.4615 8.41263 0
    endloop
  endfacet
  facet normal -0.980797 0.195031 0
    outer loop
      vertex 24.4615 8.41263 3
      vertex 24.3467 7.83531 0
      vertex 24.3467 7.83531 3
    endloop
  endfacet
  facet normal 0.946934 0.321427 0
    outer loop
      vertex -24.1575 7.27792 3
      vertex -24.3467 7.83531 0
      vertex -24.3467 7.83531 3
    endloop
  endfacet
  facet normal 0.946934 0.321427 0
    outer loop
      vertex -24.3467 7.83531 0
      vertex -24.1575 7.27792 3
      vertex -24.1575 7.27792 0
    endloop
  endfacet
  facet normal -0.659298 -0.751882 0
    outer loop
      vertex 22.7394 12.5701 0
      vertex 23.182 12.182 3
      vertex 22.7394 12.5701 3
    endloop
  endfacet
  facet normal -0.659298 -0.751882 -0
    outer loop
      vertex 23.182 12.182 3
      vertex 22.7394 12.5701 0
      vertex 23.182 12.182 0
    endloop
  endfacet
  facet normal 0.659308 0.751873 -0
    outer loop
      vertex -22.7394 5.42991 0
      vertex -23.182 5.81802 3
      vertex -22.7394 5.42991 3
    endloop
  endfacet
  facet normal 0.659308 0.751873 0
    outer loop
      vertex -23.182 5.81802 3
      vertex -22.7394 5.42991 0
      vertex -23.182 5.81802 0
    endloop
  endfacet
  facet normal 0.195087 0.980786 -0
    outer loop
      vertex -20.5874 4.5385 0
      vertex -21.1647 4.65333 3
      vertex -20.5874 4.5385 3
    endloop
  endfacet
  facet normal 0.195087 0.980786 0
    outer loop
      vertex -21.1647 4.65333 3
      vertex -20.5874 4.5385 0
      vertex -21.1647 4.65333 0
    endloop
  endfacet
  facet normal -0.831491 0.555539 0
    outer loop
      vertex 23.5701 6.26057 0
      vertex 23.8971 6.75 3
      vertex 23.8971 6.75 0
    endloop
  endfacet
  facet normal -0.831491 0.555539 0
    outer loop
      vertex 23.8971 6.75 3
      vertex 23.5701 6.26057 0
      vertex 23.5701 6.26057 3
    endloop
  endfacet
  facet normal -0.751845 0.65934 0
    outer loop
      vertex 23.182 5.81802 0
      vertex 23.5701 6.26057 3
      vertex 23.5701 6.26057 0
    endloop
  endfacet
  facet normal -0.751845 0.65934 0
    outer loop
      vertex 23.5701 6.26057 3
      vertex 23.182 5.81802 0
      vertex 23.182 5.81802 3
    endloop
  endfacet
  facet normal 0.0654027 0.997859 -0
    outer loop
      vertex -20 16 0
      vertex -20.5874 16.0385 3
      vertex -20 16 3
    endloop
  endfacet
  facet normal 0.0654027 0.997859 0
    outer loop
      vertex -20.5874 16.0385 3
      vertex -20 16 0
      vertex -20.5874 16.0385 0
    endloop
  endfacet
  facet normal -0.321421 -0.946936 0
    outer loop
      vertex 21.1647 24.8467 0
      vertex 21.7221 24.6575 3
      vertex 21.1647 24.8467 3
    endloop
  endfacet
  facet normal -0.321421 -0.946936 -0
    outer loop
      vertex 21.7221 24.6575 3
      vertex 21.1647 24.8467 0
      vertex 21.7221 24.6575 0
    endloop
  endfacet
  facet normal -0.555562 -0.831475 0
    outer loop
      vertex 22.25 24.3971 0
      vertex 22.7394 24.0701 3
      vertex 22.25 24.3971 3
    endloop
  endfacet
  facet normal -0.555562 -0.831475 -0
    outer loop
      vertex 22.7394 24.0701 3
      vertex 22.25 24.3971 0
      vertex 22.7394 24.0701 0
    endloop
  endfacet
  facet normal -0.997859 0.0654027 0
    outer loop
      vertex 24.4615 19.9126 0
      vertex 24.5 20.5 3
      vertex 24.5 20.5 0
    endloop
  endfacet
  facet normal -0.997859 0.0654027 0
    outer loop
      vertex 24.5 20.5 3
      vertex 24.4615 19.9126 0
      vertex 24.4615 19.9126 3
    endloop
  endfacet
  facet normal 0.442382 -0.896827 0
    outer loop
      vertex -22.25 24.3971 0
      vertex -21.7221 24.6575 3
      vertex -22.25 24.3971 3
    endloop
  endfacet
  facet normal 0.442382 -0.896827 0
    outer loop
      vertex -21.7221 24.6575 3
      vertex -22.25 24.3971 0
      vertex -21.7221 24.6575 0
    endloop
  endfacet
  facet normal 0.896827 -0.442382 0
    outer loop
      vertex -24.1575 22.2221 3
      vertex -23.8971 22.75 0
      vertex -23.8971 22.75 3
    endloop
  endfacet
  facet normal 0.896827 -0.442382 0
    outer loop
      vertex -23.8971 22.75 0
      vertex -24.1575 22.2221 3
      vertex -24.1575 22.2221 0
    endloop
  endfacet
  facet normal -0.442382 -0.896827 0
    outer loop
      vertex 21.7221 24.6575 0
      vertex 22.25 24.3971 3
      vertex 21.7221 24.6575 3
    endloop
  endfacet
  facet normal -0.442382 -0.896827 -0
    outer loop
      vertex 22.25 24.3971 3
      vertex 21.7221 24.6575 0
      vertex 22.25 24.3971 0
    endloop
  endfacet
  facet normal -0.831475 -0.555562 0
    outer loop
      vertex 23.8971 22.75 0
      vertex 23.5701 23.2394 3
      vertex 23.5701 23.2394 0
    endloop
  endfacet
  facet normal -0.831475 -0.555562 0
    outer loop
      vertex 23.5701 23.2394 3
      vertex 23.8971 22.75 0
      vertex 23.8971 22.75 3
    endloop
  endfacet
  facet normal 0.321421 -0.946936 0
    outer loop
      vertex -21.7221 24.6575 0
      vertex -21.1647 24.8467 3
      vertex -21.7221 24.6575 3
    endloop
  endfacet
  facet normal 0.321421 -0.946936 0
    outer loop
      vertex -21.1647 24.8467 3
      vertex -21.7221 24.6575 0
      vertex -21.1647 24.8467 0
    endloop
  endfacet
  facet normal -0.0654027 -0.997859 0
    outer loop
      vertex 20 25 0
      vertex 20.5874 24.9615 3
      vertex 20 25 3
    endloop
  endfacet
  facet normal -0.0654027 -0.997859 -0
    outer loop
      vertex 20.5874 24.9615 3
      vertex 20 25 0
      vertex 20.5874 24.9615 0
    endloop
  endfacet
  facet normal 0.555562 0.831475 -0
    outer loop
      vertex -22.25 16.6029 0
      vertex -22.7394 16.9299 3
      vertex -22.25 16.6029 3
    endloop
  endfacet
  facet normal 0.555562 0.831475 0
    outer loop
      vertex -22.7394 16.9299 3
      vertex -22.25 16.6029 0
      vertex -22.7394 16.9299 0
    endloop
  endfacet
  facet normal 0.831475 0.555562 0
    outer loop
      vertex -23.5701 17.7606 3
      vertex -23.8971 18.25 0
      vertex -23.8971 18.25 3
    endloop
  endfacet
  facet normal 0.831475 0.555562 0
    outer loop
      vertex -23.8971 18.25 0
      vertex -23.5701 17.7606 3
      vertex -23.5701 17.7606 0
    endloop
  endfacet
  facet normal 0.195038 -0.980796 0
    outer loop
      vertex -21.1647 24.8467 0
      vertex -20.5874 24.9615 3
      vertex -21.1647 24.8467 3
    endloop
  endfacet
  facet normal 0.195038 -0.980796 0
    outer loop
      vertex -20.5874 24.9615 3
      vertex -21.1647 24.8467 0
      vertex -20.5874 24.9615 0
    endloop
  endfacet
  facet normal 0.896827 0.442382 0
    outer loop
      vertex -23.8971 18.25 3
      vertex -24.1575 18.7779 0
      vertex -24.1575 18.7779 3
    endloop
  endfacet
  facet normal 0.896827 0.442382 0
    outer loop
      vertex -24.1575 18.7779 0
      vertex -23.8971 18.25 3
      vertex -23.8971 18.25 0
    endloop
  endfacet
  facet normal 0 -1 0
    outer loop
      vertex -20 25 0
      vertex 20 25 3
      vertex -20 25 3
    endloop
  endfacet
  facet normal 0 -1 -0
    outer loop
      vertex 20 25 3
      vertex -20 25 0
      vertex 20 25 0
    endloop
  endfacet
  facet normal -0.555562 0.831475 0
    outer loop
      vertex 22.7394 16.9299 0
      vertex 22.25 16.6029 3
      vertex 22.7394 16.9299 3
    endloop
  endfacet
  facet normal -0.555562 0.831475 0
    outer loop
      vertex 22.25 16.6029 3
      vertex 22.7394 16.9299 0
      vertex 22.25 16.6029 0
    endloop
  endfacet
  facet normal 0.321421 0.946936 -0
    outer loop
      vertex -21.1647 16.1533 0
      vertex -21.7221 16.3425 3
      vertex -21.1647 16.1533 3
    endloop
  endfacet
  facet normal 0.321421 0.946936 0
    outer loop
      vertex -21.7221 16.3425 3
      vertex -21.1647 16.1533 0
      vertex -21.7221 16.3425 0
    endloop
  endfacet
  facet normal 0 1 -0
    outer loop
      vertex 20 16 0
      vertex -20 16 3
      vertex 20 16 3
    endloop
  endfacet
  facet normal 0 1 0
    outer loop
      vertex -20 16 3
      vertex 20 16 0
      vertex -20 16 0
    endloop
  endfacet
  facet normal 0.555562 -0.831475 0
    outer loop
      vertex -22.7394 24.0701 0
      vertex -22.25 24.3971 3
      vertex -22.7394 24.0701 3
    endloop
  endfacet
  facet normal 0.555562 -0.831475 0
    outer loop
      vertex -22.25 24.3971 3
      vertex -22.7394 24.0701 0
      vertex -22.25 24.3971 0
    endloop
  endfacet
  facet normal -0.195038 0.980796 0
    outer loop
      vertex 21.1647 16.1533 0
      vertex 20.5874 16.0385 3
      vertex 21.1647 16.1533 3
    endloop
  endfacet
  facet normal -0.195038 0.980796 0
    outer loop
      vertex 20.5874 16.0385 3
      vertex 21.1647 16.1533 0
      vertex 20.5874 16.0385 0
    endloop
  endfacet
  facet normal 0.831475 -0.555562 0
    outer loop
      vertex -23.8971 22.75 3
      vertex -23.5701 23.2394 0
      vertex -23.5701 23.2394 3
    endloop
  endfacet
  facet normal 0.831475 -0.555562 0
    outer loop
      vertex -23.5701 23.2394 0
      vertex -23.8971 22.75 3
      vertex -23.8971 22.75 0
    endloop
  endfacet
  facet normal 0.0654027 -0.997859 0
    outer loop
      vertex -20.5874 24.9615 0
      vertex -20 25 3
      vertex -20.5874 24.9615 3
    endloop
  endfacet
  facet normal 0.0654027 -0.997859 0
    outer loop
      vertex -20 25 3
      vertex -20.5874 24.9615 0
      vertex -20 25 0
    endloop
  endfacet
  facet normal 0.659298 -0.751882 0
    outer loop
      vertex -23.182 23.682 0
      vertex -22.7394 24.0701 3
      vertex -23.182 23.682 3
    endloop
  endfacet
  facet normal 0.659298 -0.751882 0
    outer loop
      vertex -22.7394 24.0701 3
      vertex -23.182 23.682 0
      vertex -22.7394 24.0701 0
    endloop
  endfacet
  facet normal -0.896827 -0.442382 0
    outer loop
      vertex 24.1575 22.2221 0
      vertex 23.8971 22.75 3
      vertex 23.8971 22.75 0
    endloop
  endfacet
  facet normal -0.896827 -0.442382 0
    outer loop
      vertex 23.8971 22.75 3
      vertex 24.1575 22.2221 0
      vertex 24.1575 22.2221 3
    endloop
  endfacet
  facet normal -0.980796 -0.195038 0
    outer loop
      vertex 24.4615 21.0874 0
      vertex 24.3467 21.6647 3
      vertex 24.3467 21.6647 0
    endloop
  endfacet
  facet normal -0.980796 -0.195038 0
    outer loop
      vertex 24.3467 21.6647 3
      vertex 24.4615 21.0874 0
      vertex 24.4615 21.0874 3
    endloop
  endfacet
  facet normal 0.751882 -0.659298 0
    outer loop
      vertex -23.5701 23.2394 3
      vertex -23.182 23.682 0
      vertex -23.182 23.682 3
    endloop
  endfacet
  facet normal 0.751882 -0.659298 0
    outer loop
      vertex -23.182 23.682 0
      vertex -23.5701 23.2394 3
      vertex -23.5701 23.2394 0
    endloop
  endfacet
  facet normal 0.751882 0.659298 0
    outer loop
      vertex -23.182 17.318 3
      vertex -23.5701 17.7606 0
      vertex -23.5701 17.7606 3
    endloop
  endfacet
  facet normal 0.751882 0.659298 0
    outer loop
      vertex -23.5701 17.7606 0
      vertex -23.182 17.318 3
      vertex -23.182 17.318 0
    endloop
  endfacet
  facet normal 0.980796 0.195038 0
    outer loop
      vertex -24.3467 19.3353 3
      vertex -24.4615 19.9126 0
      vertex -24.4615 19.9126 3
    endloop
  endfacet
  facet normal 0.980796 0.195038 0
    outer loop
      vertex -24.4615 19.9126 0
      vertex -24.3467 19.3353 3
      vertex -24.3467 19.3353 0
    endloop
  endfacet
  facet normal -0.442382 0.896827 0
    outer loop
      vertex 22.25 16.6029 0
      vertex 21.7221 16.3425 3
      vertex 22.25 16.6029 3
    endloop
  endfacet
  facet normal -0.442382 0.896827 0
    outer loop
      vertex 21.7221 16.3425 3
      vertex 22.25 16.6029 0
      vertex 21.7221 16.3425 0
    endloop
  endfacet
  facet normal -0.946936 0.321421 0
    outer loop
      vertex 24.1575 18.7779 0
      vertex 24.3467 19.3353 3
      vertex 24.3467 19.3353 0
    endloop
  endfacet
  facet normal -0.946936 0.321421 0
    outer loop
      vertex 24.3467 19.3353 3
      vertex 24.1575 18.7779 0
      vertex 24.1575 18.7779 3
    endloop
  endfacet
  facet normal 0.997859 -0.0654027 0
    outer loop
      vertex -24.5 20.5 3
      vertex -24.4615 21.0874 0
      vertex -24.4615 21.0874 3
    endloop
  endfacet
  facet normal 0.997859 -0.0654027 0
    outer loop
      vertex -24.4615 21.0874 0
      vertex -24.5 20.5 3
      vertex -24.5 20.5 0
    endloop
  endfacet
  facet normal -0.659298 0.751882 0
    outer loop
      vertex 23.182 17.318 0
      vertex 22.7394 16.9299 3
      vertex 23.182 17.318 3
    endloop
  endfacet
  facet normal -0.659298 0.751882 0
    outer loop
      vertex 22.7394 16.9299 3
      vertex 23.182 17.318 0
      vertex 22.7394 16.9299 0
    endloop
  endfacet
  facet normal -0.0654027 0.997859 0
    outer loop
      vertex 20.5874 16.0385 0
      vertex 20 16 3
      vertex 20.5874 16.0385 3
    endloop
  endfacet
  facet normal -0.0654027 0.997859 0
    outer loop
      vertex 20 16 3
      vertex 20.5874 16.0385 0
      vertex 20 16 0
    endloop
  endfacet
  facet normal -0.195038 -0.980796 0
    outer loop
      vertex 20.5874 24.9615 0
      vertex 21.1647 24.8467 3
      vertex 20.5874 24.9615 3
    endloop
  endfacet
  facet normal -0.195038 -0.980796 -0
    outer loop
      vertex 21.1647 24.8467 3
      vertex 20.5874 24.9615 0
      vertex 21.1647 24.8467 0
    endloop
  endfacet
  facet normal -0.946936 -0.321421 0
    outer loop
      vertex 24.3467 21.6647 0
      vertex 24.1575 22.2221 3
      vertex 24.1575 22.2221 0
    endloop
  endfacet
  facet normal -0.946936 -0.321421 0
    outer loop
      vertex 24.1575 22.2221 3
      vertex 24.3467 21.6647 0
      vertex 24.3467 21.6647 3
    endloop
  endfacet
  facet normal 0.997859 0.0654027 0
    outer loop
      vertex -24.4615 19.9126 3
      vertex -24.5 20.5 0
      vertex -24.5 20.5 3
    endloop
  endfacet
  facet normal 0.997859 0.0654027 0
    outer loop
      vertex -24.5 20.5 0
      vertex -24.4615 19.9126 3
      vertex -24.4615 19.9126 0
    endloop
  endfacet
  facet normal 0.442382 0.896827 -0
    outer loop
      vertex -21.7221 16.3425 0
      vertex -22.25 16.6029 3
      vertex -21.7221 16.3425 3
    endloop
  endfacet
  facet normal 0.442382 0.896827 0
    outer loop
      vertex -22.25 16.6029 3
      vertex -21.7221 16.3425 0
      vertex -22.25 16.6029 0
    endloop
  endfacet
  facet normal -0.751882 -0.659298 0
    outer loop
      vertex 23.5701 23.2394 0
      vertex 23.182 23.682 3
      vertex 23.182 23.682 0
    endloop
  endfacet
  facet normal -0.751882 -0.659298 0
    outer loop
      vertex 23.182 23.682 3
      vertex 23.5701 23.2394 0
      vertex 23.5701 23.2394 3
    endloop
  endfacet
  facet normal -0.321421 0.946936 0
    outer loop
      vertex 21.7221 16.3425 0
      vertex 21.1647 16.1533 3
      vertex 21.7221 16.3425 3
    endloop
  endfacet
  facet normal -0.321421 0.946936 0
    outer loop
      vertex 21.1647 16.1533 3
      vertex 21.7221 16.3425 0
      vertex 21.1647 16.1533 0
    endloop
  endfacet
  facet normal -0.896827 0.442382 0
    outer loop
      vertex 23.8971 18.25 0
      vertex 24.1575 18.7779 3
      vertex 24.1575 18.7779 0
    endloop
  endfacet
  facet normal -0.896827 0.442382 0
    outer loop
      vertex 24.1575 18.7779 3
      vertex 23.8971 18.25 0
      vertex 23.8971 18.25 3
    endloop
  endfacet
  facet normal -0.997859 -0.0654027 0
    outer loop
      vertex 24.5 20.5 0
      vertex 24.4615 21.0874 3
      vertex 24.4615 21.0874 0
    endloop
  endfacet
  facet normal -0.997859 -0.0654027 0
    outer loop
      vertex 24.4615 21.0874 3
      vertex 24.5 20.5 0
      vertex 24.5 20.5 3
    endloop
  endfacet
  facet normal 0.946936 -0.321421 0
    outer loop
      vertex -24.3467 21.6647 3
      vertex -24.1575 22.2221 0
      vertex -24.1575 22.2221 3
    endloop
  endfacet
  facet normal 0.946936 -0.321421 0
    outer loop
      vertex -24.1575 22.2221 0
      vertex -24.3467 21.6647 3
      vertex -24.3467 21.6647 0
    endloop
  endfacet
  facet normal 0.980796 -0.195038 0
    outer loop
      vertex -24.4615 21.0874 3
      vertex -24.3467 21.6647 0
      vertex -24.3467 21.6647 3
    endloop
  endfacet
  facet normal 0.980796 -0.195038 0
    outer loop
      vertex -24.3467 21.6647 0
      vertex -24.4615 21.0874 3
      vertex -24.4615 21.0874 0
    endloop
  endfacet
  facet normal -0.980796 0.195038 0
    outer loop
      vertex 24.3467 19.3353 0
      vertex 24.4615 19.9126 3
      vertex 24.4615 19.9126 0
    endloop
  endfacet
  facet normal -0.980796 0.195038 0
    outer loop
      vertex 24.4615 19.9126 3
      vertex 24.3467 19.3353 0
      vertex 24.3467 19.3353 3
    endloop
  endfacet
  facet normal 0.946936 0.321421 0
    outer loop
      vertex -24.1575 18.7779 3
      vertex -24.3467 19.3353 0
      vertex -24.3467 19.3353 3
    endloop
  endfacet
  facet normal 0.946936 0.321421 0
    outer loop
      vertex -24.3467 19.3353 0
      vertex -24.1575 18.7779 3
      vertex -24.1575 18.7779 0
    endloop
  endfacet
  facet normal -0.659298 -0.751882 0
    outer loop
      vertex 22.7394 24.0701 0
      vertex 23.182 23.682 3
      vertex 22.7394 24.0701 3
    endloop
  endfacet
  facet normal -0.659298 -0.751882 -0
    outer loop
      vertex 23.182 23.682 3
      vertex 22.7394 24.0701 0
      vertex 23.182 23.682 0
    endloop
  endfacet
  facet normal 0.659298 0.751882 -0
    outer loop
      vertex -22.7394 16.9299 0
      vertex -23.182 17.318 3
      vertex -22.7394 16.9299 3
    endloop
  endfacet
  facet normal 0.659298 0.751882 0
    outer loop
      vertex -23.182 17.318 3
      vertex -22.7394 16.9299 0
      vertex -23.182 17.318 0
    endloop
  endfacet
  facet normal 0.195038 0.980796 -0
    outer loop
      vertex -20.5874 16.0385 0
      vertex -21.1647 16.1533 3
      vertex -20.5874 16.0385 3
    endloop
  endfacet
  facet normal 0.195038 0.980796 0
    outer loop
      vertex -21.1647 16.1533 3
      vertex -20.5874 16.0385 0
      vertex -21.1647 16.1533 0
    endloop
  endfacet
  facet normal -0.831475 0.555562 0
    outer loop
      vertex 23.5701 17.7606 0
      vertex 23.8971 18.25 3
      vertex 23.8971 18.25 0
    endloop
  endfacet
  facet normal -0.831475 0.555562 0
    outer loop
      vertex 23.8971 18.25 3
      vertex 23.5701 17.7606 0
      vertex 23.5701 17.7606 3
    endloop
  endfacet
  facet normal -0.751882 0.659298 0
    outer loop
      vertex 23.182 17.318 0
      vertex 23.5701 17.7606 3
      vertex 23.5701 17.7606 0
    endloop
  endfacet
  facet normal -0.751882 0.659298 0
    outer loop
      vertex 23.5701 17.7606 3
      vertex 23.182 17.318 0
      vertex 23.182 17.318 3
    endloop
  endfacet
  facet normal -0.442382 0.896827 0
    outer loop
      vertex 22.25 28.1029 0
      vertex 21.7221 27.8425 3
      vertex 22.25 28.1029 3
    endloop
  endfacet
  facet normal -0.442382 0.896827 0
    outer loop
      vertex 21.7221 27.8425 3
      vertex 22.25 28.1029 0
      vertex 21.7221 27.8425 0
    endloop
  endfacet
  facet normal 0.659298 -0.751882 0
    outer loop
      vertex -23.182 35.182 0
      vertex -22.7394 35.5701 3
      vertex -23.182 35.182 3
    endloop
  endfacet
  facet normal 0.659298 -0.751882 0
    outer loop
      vertex -22.7394 35.5701 3
      vertex -23.182 35.182 0
      vertex -22.7394 35.5701 0
    endloop
  endfacet
  facet normal -0.997859 -0.0654027 0
    outer loop
      vertex 24.5 32 0
      vertex 24.4615 32.5874 3
      vertex 24.4615 32.5874 0
    endloop
  endfacet
  facet normal -0.997859 -0.0654027 0
    outer loop
      vertex 24.4615 32.5874 3
      vertex 24.5 32 0
      vertex 24.5 32 3
    endloop
  endfacet
  facet normal 0.831475 0.555562 0
    outer loop
      vertex -23.5701 29.2606 3
      vertex -23.8971 29.75 0
      vertex -23.8971 29.75 3
    endloop
  endfacet
  facet normal 0.831475 0.555562 0
    outer loop
      vertex -23.8971 29.75 0
      vertex -23.5701 29.2606 3
      vertex -23.5701 29.2606 0
    endloop
  endfacet
  facet normal 0.442382 -0.896827 0
    outer loop
      vertex -22.25 35.8971 0
      vertex -21.7221 36.1575 3
      vertex -22.25 35.8971 3
    endloop
  endfacet
  facet normal 0.442382 -0.896827 0
    outer loop
      vertex -21.7221 36.1575 3
      vertex -22.25 35.8971 0
      vertex -21.7221 36.1575 0
    endloop
  endfacet
  facet normal 0 1 -0
    outer loop
      vertex 20 27.5 0
      vertex -20 27.5 3
      vertex 20 27.5 3
    endloop
  endfacet
  facet normal 0 1 0
    outer loop
      vertex -20 27.5 3
      vertex 20 27.5 0
      vertex -20 27.5 0
    endloop
  endfacet
  facet normal 0.0654027 0.997859 -0
    outer loop
      vertex -20 27.5 0
      vertex -20.5874 27.5385 3
      vertex -20 27.5 3
    endloop
  endfacet
  facet normal 0.0654027 0.997859 0
    outer loop
      vertex -20.5874 27.5385 3
      vertex -20 27.5 0
      vertex -20.5874 27.5385 0
    endloop
  endfacet
  facet normal -0.896827 0.442382 0
    outer loop
      vertex 23.8971 29.75 0
      vertex 24.1575 30.2779 3
      vertex 24.1575 30.2779 0
    endloop
  endfacet
  facet normal -0.896827 0.442382 0
    outer loop
      vertex 24.1575 30.2779 3
      vertex 23.8971 29.75 0
      vertex 23.8971 29.75 3
    endloop
  endfacet
  facet normal 0.555562 -0.831475 0
    outer loop
      vertex -22.7394 35.5701 0
      vertex -22.25 35.8971 3
      vertex -22.7394 35.5701 3
    endloop
  endfacet
  facet normal 0.555562 -0.831475 0
    outer loop
      vertex -22.25 35.8971 3
      vertex -22.7394 35.5701 0
      vertex -22.25 35.8971 0
    endloop
  endfacet
  facet normal 0.896827 -0.442382 0
    outer loop
      vertex -24.1575 33.7221 3
      vertex -23.8971 34.25 0
      vertex -23.8971 34.25 3
    endloop
  endfacet
  facet normal 0.896827 -0.442382 0
    outer loop
      vertex -23.8971 34.25 0
      vertex -24.1575 33.7221 3
      vertex -24.1575 33.7221 0
    endloop
  endfacet
  facet normal 0.0654027 -0.997859 0
    outer loop
      vertex -20.5874 36.4615 0
      vertex -20 36.5 3
      vertex -20.5874 36.4615 3
    endloop
  endfacet
  facet normal 0.0654027 -0.997859 0
    outer loop
      vertex -20 36.5 3
      vertex -20.5874 36.4615 0
      vertex -20 36.5 0
    endloop
  endfacet
  facet normal -0.555562 -0.831475 0
    outer loop
      vertex 22.25 35.8971 0
      vertex 22.7394 35.5701 3
      vertex 22.25 35.8971 3
    endloop
  endfacet
  facet normal -0.555562 -0.831475 -0
    outer loop
      vertex 22.7394 35.5701 3
      vertex 22.25 35.8971 0
      vertex 22.7394 35.5701 0
    endloop
  endfacet
  facet normal -0.980796 0.195038 0
    outer loop
      vertex 24.3467 30.8353 0
      vertex 24.4615 31.4126 3
      vertex 24.4615 31.4126 0
    endloop
  endfacet
  facet normal -0.980796 0.195038 0
    outer loop
      vertex 24.4615 31.4126 3
      vertex 24.3467 30.8353 0
      vertex 24.3467 30.8353 3
    endloop
  endfacet
  facet normal -0.0654027 -0.997859 0
    outer loop
      vertex 20 36.5 0
      vertex 20.5874 36.4615 3
      vertex 20 36.5 3
    endloop
  endfacet
  facet normal -0.0654027 -0.997859 -0
    outer loop
      vertex 20.5874 36.4615 3
      vertex 20 36.5 0
      vertex 20.5874 36.4615 0
    endloop
  endfacet
  facet normal -0.980796 -0.195038 0
    outer loop
      vertex 24.4615 32.5874 0
      vertex 24.3467 33.1647 3
      vertex 24.3467 33.1647 0
    endloop
  endfacet
  facet normal -0.980796 -0.195038 0
    outer loop
      vertex 24.3467 33.1647 3
      vertex 24.4615 32.5874 0
      vertex 24.4615 32.5874 3
    endloop
  endfacet
  facet normal -0.659298 0.751882 0
    outer loop
      vertex 23.182 28.818 0
      vertex 22.7394 28.4299 3
      vertex 23.182 28.818 3
    endloop
  endfacet
  facet normal -0.659298 0.751882 0
    outer loop
      vertex 22.7394 28.4299 3
      vertex 23.182 28.818 0
      vertex 22.7394 28.4299 0
    endloop
  endfacet
  facet normal -0.555562 0.831475 0
    outer loop
      vertex 22.7394 28.4299 0
      vertex 22.25 28.1029 3
      vertex 22.7394 28.4299 3
    endloop
  endfacet
  facet normal -0.555562 0.831475 0
    outer loop
      vertex 22.25 28.1029 3
      vertex 22.7394 28.4299 0
      vertex 22.25 28.1029 0
    endloop
  endfacet
  facet normal -0.997859 0.0654027 0
    outer loop
      vertex 24.4615 31.4126 0
      vertex 24.5 32 3
      vertex 24.5 32 0
    endloop
  endfacet
  facet normal -0.997859 0.0654027 0
    outer loop
      vertex 24.5 32 3
      vertex 24.4615 31.4126 0
      vertex 24.4615 31.4126 3
    endloop
  endfacet
  facet normal 0 -1 0
    outer loop
      vertex -20 36.5 0
      vertex 20 36.5 3
      vertex -20 36.5 3
    endloop
  endfacet
  facet normal 0 -1 -0
    outer loop
      vertex 20 36.5 3
      vertex -20 36.5 0
      vertex 20 36.5 0
    endloop
  endfacet
  facet normal -0.659298 -0.751882 0
    outer loop
      vertex 22.7394 35.5701 0
      vertex 23.182 35.182 3
      vertex 22.7394 35.5701 3
    endloop
  endfacet
  facet normal -0.659298 -0.751882 -0
    outer loop
      vertex 23.182 35.182 3
      vertex 22.7394 35.5701 0
      vertex 23.182 35.182 0
    endloop
  endfacet
  facet normal -0.831475 0.555562 0
    outer loop
      vertex 23.5701 29.2606 0
      vertex 23.8971 29.75 3
      vertex 23.8971 29.75 0
    endloop
  endfacet
  facet normal -0.831475 0.555562 0
    outer loop
      vertex 23.8971 29.75 3
      vertex 23.5701 29.2606 0
      vertex 23.5701 29.2606 3
    endloop
  endfacet
  facet normal -0.946936 0.321421 0
    outer loop
      vertex 24.1575 30.2779 0
      vertex 24.3467 30.8353 3
      vertex 24.3467 30.8353 0
    endloop
  endfacet
  facet normal -0.946936 0.321421 0
    outer loop
      vertex 24.3467 30.8353 3
      vertex 24.1575 30.2779 0
      vertex 24.1575 30.2779 3
    endloop
  endfacet
  facet normal 0.980796 0.195038 0
    outer loop
      vertex -24.3467 30.8353 3
      vertex -24.4615 31.4126 0
      vertex -24.4615 31.4126 3
    endloop
  endfacet
  facet normal 0.980796 0.195038 0
    outer loop
      vertex -24.4615 31.4126 0
      vertex -24.3467 30.8353 3
      vertex -24.3467 30.8353 0
    endloop
  endfacet
  facet normal -0.0654027 0.997859 0
    outer loop
      vertex 20.5874 27.5385 0
      vertex 20 27.5 3
      vertex 20.5874 27.5385 3
    endloop
  endfacet
  facet normal -0.0654027 0.997859 0
    outer loop
      vertex 20 27.5 3
      vertex 20.5874 27.5385 0
      vertex 20 27.5 0
    endloop
  endfacet
  facet normal 0.321421 0.946936 -0
    outer loop
      vertex -21.1647 27.6533 0
      vertex -21.7221 27.8425 3
      vertex -21.1647 27.6533 3
    endloop
  endfacet
  facet normal 0.321421 0.946936 0
    outer loop
      vertex -21.7221 27.8425 3
      vertex -21.1647 27.6533 0
      vertex -21.7221 27.8425 0
    endloop
  endfacet
  facet normal 0.321421 -0.946936 0
    outer loop
      vertex -21.7221 36.1575 0
      vertex -21.1647 36.3467 3
      vertex -21.7221 36.1575 3
    endloop
  endfacet
  facet normal 0.321421 -0.946936 0
    outer loop
      vertex -21.1647 36.3467 3
      vertex -21.7221 36.1575 0
      vertex -21.1647 36.3467 0
    endloop
  endfacet
  facet normal -0.831475 -0.555562 0
    outer loop
      vertex 23.8971 34.25 0
      vertex 23.5701 34.7394 3
      vertex 23.5701 34.7394 0
    endloop
  endfacet
  facet normal -0.831475 -0.555562 0
    outer loop
      vertex 23.5701 34.7394 3
      vertex 23.8971 34.25 0
      vertex 23.8971 34.25 3
    endloop
  endfacet
  facet normal 0.980796 -0.195038 0
    outer loop
      vertex -24.4615 32.5874 3
      vertex -24.3467 33.1647 0
      vertex -24.3467 33.1647 3
    endloop
  endfacet
  facet normal 0.980796 -0.195038 0
    outer loop
      vertex -24.3467 33.1647 0
      vertex -24.4615 32.5874 3
      vertex -24.4615 32.5874 0
    endloop
  endfacet
  facet normal 0.195038 0.980796 -0
    outer loop
      vertex -20.5874 27.5385 0
      vertex -21.1647 27.6533 3
      vertex -20.5874 27.5385 3
    endloop
  endfacet
  facet normal 0.195038 0.980796 0
    outer loop
      vertex -21.1647 27.6533 3
      vertex -20.5874 27.5385 0
      vertex -21.1647 27.6533 0
    endloop
  endfacet
  facet normal 0.195038 -0.980796 0
    outer loop
      vertex -21.1647 36.3467 0
      vertex -20.5874 36.4615 3
      vertex -21.1647 36.3467 3
    endloop
  endfacet
  facet normal 0.195038 -0.980796 0
    outer loop
      vertex -20.5874 36.4615 3
      vertex -21.1647 36.3467 0
      vertex -20.5874 36.4615 0
    endloop
  endfacet
  facet normal 0.946936 0.321421 0
    outer loop
      vertex -24.1575 30.2779 3
      vertex -24.3467 30.8353 0
      vertex -24.3467 30.8353 3
    endloop
  endfacet
  facet normal 0.946936 0.321421 0
    outer loop
      vertex -24.3467 30.8353 0
      vertex -24.1575 30.2779 3
      vertex -24.1575 30.2779 0
    endloop
  endfacet
  facet normal -0.195038 0.980796 0
    outer loop
      vertex 21.1647 27.6533 0
      vertex 20.5874 27.5385 3
      vertex 21.1647 27.6533 3
    endloop
  endfacet
  facet normal -0.195038 0.980796 0
    outer loop
      vertex 20.5874 27.5385 3
      vertex 21.1647 27.6533 0
      vertex 20.5874 27.5385 0
    endloop
  endfacet
  facet normal -0.751882 -0.659298 0
    outer loop
      vertex 23.5701 34.7394 0
      vertex 23.182 35.182 3
      vertex 23.182 35.182 0
    endloop
  endfacet
  facet normal -0.751882 -0.659298 0
    outer loop
      vertex 23.182 35.182 3
      vertex 23.5701 34.7394 0
      vertex 23.5701 34.7394 3
    endloop
  endfacet
  facet normal -0.946936 -0.321421 0
    outer loop
      vertex 24.3467 33.1647 0
      vertex 24.1575 33.7221 3
      vertex 24.1575 33.7221 0
    endloop
  endfacet
  facet normal -0.946936 -0.321421 0
    outer loop
      vertex 24.1575 33.7221 3
      vertex 24.3467 33.1647 0
      vertex 24.3467 33.1647 3
    endloop
  endfacet
  facet normal 0.831475 -0.555562 0
    outer loop
      vertex -23.8971 34.25 3
      vertex -23.5701 34.7394 0
      vertex -23.5701 34.7394 3
    endloop
  endfacet
  facet normal 0.831475 -0.555562 0
    outer loop
      vertex -23.5701 34.7394 0
      vertex -23.8971 34.25 3
      vertex -23.8971 34.25 0
    endloop
  endfacet
  facet normal -0.442382 -0.896827 0
    outer loop
      vertex 21.7221 36.1575 0
      vertex 22.25 35.8971 3
      vertex 21.7221 36.1575 3
    endloop
  endfacet
  facet normal -0.442382 -0.896827 -0
    outer loop
      vertex 22.25 35.8971 3
      vertex 21.7221 36.1575 0
      vertex 22.25 35.8971 0
    endloop
  endfacet
  facet normal -0.896827 -0.442382 0
    outer loop
      vertex 24.1575 33.7221 0
      vertex 23.8971 34.25 3
      vertex 23.8971 34.25 0
    endloop
  endfacet
  facet normal -0.896827 -0.442382 0
    outer loop
      vertex 23.8971 34.25 3
      vertex 24.1575 33.7221 0
      vertex 24.1575 33.7221 3
    endloop
  endfacet
  facet normal 0.997859 -0.0654027 0
    outer loop
      vertex -24.5 32 3
      vertex -24.4615 32.5874 0
      vertex -24.4615 32.5874 3
    endloop
  endfacet
  facet normal 0.997859 -0.0654027 0
    outer loop
      vertex -24.4615 32.5874 0
      vertex -24.5 32 3
      vertex -24.5 32 0
    endloop
  endfacet
  facet normal -0.195038 -0.980796 0
    outer loop
      vertex 20.5874 36.4615 0
      vertex 21.1647 36.3467 3
      vertex 20.5874 36.4615 3
    endloop
  endfacet
  facet normal -0.195038 -0.980796 -0
    outer loop
      vertex 21.1647 36.3467 3
      vertex 20.5874 36.4615 0
      vertex 21.1647 36.3467 0
    endloop
  endfacet
  facet normal -0.321421 0.946936 0
    outer loop
      vertex 21.7221 27.8425 0
      vertex 21.1647 27.6533 3
      vertex 21.7221 27.8425 3
    endloop
  endfacet
  facet normal -0.321421 0.946936 0
    outer loop
      vertex 21.1647 27.6533 3
      vertex 21.7221 27.8425 0
      vertex 21.1647 27.6533 0
    endloop
  endfacet
  facet normal -0.751882 0.659298 0
    outer loop
      vertex 23.182 28.818 0
      vertex 23.5701 29.2606 3
      vertex 23.5701 29.2606 0
    endloop
  endfacet
  facet normal -0.751882 0.659298 0
    outer loop
      vertex 23.5701 29.2606 3
      vertex 23.182 28.818 0
      vertex 23.182 28.818 3
    endloop
  endfacet
  facet normal 0.555562 0.831475 -0
    outer loop
      vertex -22.25 28.1029 0
      vertex -22.7394 28.4299 3
      vertex -22.25 28.1029 3
    endloop
  endfacet
  facet normal 0.555562 0.831475 0
    outer loop
      vertex -22.7394 28.4299 3
      vertex -22.25 28.1029 0
      vertex -22.7394 28.4299 0
    endloop
  endfacet
  facet normal 0.751882 0.659298 0
    outer loop
      vertex -23.182 28.818 3
      vertex -23.5701 29.2606 0
      vertex -23.5701 29.2606 3
    endloop
  endfacet
  facet normal 0.751882 0.659298 0
    outer loop
      vertex -23.5701 29.2606 0
      vertex -23.182 28.818 3
      vertex -23.182 28.818 0
    endloop
  endfacet
  facet normal 0.751882 -0.659298 0
    outer loop
      vertex -23.5701 34.7394 3
      vertex -23.182 35.182 0
      vertex -23.182 35.182 3
    endloop
  endfacet
  facet normal 0.751882 -0.659298 0
    outer loop
      vertex -23.182 35.182 0
      vertex -23.5701 34.7394 3
      vertex -23.5701 34.7394 0
    endloop
  endfacet
  facet normal -0.321421 -0.946936 0
    outer loop
      vertex 21.1647 36.3467 0
      vertex 21.7221 36.1575 3
      vertex 21.1647 36.3467 3
    endloop
  endfacet
  facet normal -0.321421 -0.946936 -0
    outer loop
      vertex 21.7221 36.1575 3
      vertex 21.1647 36.3467 0
      vertex 21.7221 36.1575 0
    endloop
  endfacet
  facet normal 0.896827 0.442382 0
    outer loop
      vertex -23.8971 29.75 3
      vertex -24.1575 30.2779 0
      vertex -24.1575 30.2779 3
    endloop
  endfacet
  facet normal 0.896827 0.442382 0
    outer loop
      vertex -24.1575 30.2779 0
      vertex -23.8971 29.75 3
      vertex -23.8971 29.75 0
    endloop
  endfacet
  facet normal 0.659298 0.751882 -0
    outer loop
      vertex -22.7394 28.4299 0
      vertex -23.182 28.818 3
      vertex -22.7394 28.4299 3
    endloop
  endfacet
  facet normal 0.659298 0.751882 0
    outer loop
      vertex -23.182 28.818 3
      vertex -22.7394 28.4299 0
      vertex -23.182 28.818 0
    endloop
  endfacet
  facet normal 0.442382 0.896827 -0
    outer loop
      vertex -21.7221 27.8425 0
      vertex -22.25 28.1029 3
      vertex -21.7221 27.8425 3
    endloop
  endfacet
  facet normal 0.442382 0.896827 0
    outer loop
      vertex -22.25 28.1029 3
      vertex -21.7221 27.8425 0
      vertex -22.25 28.1029 0
    endloop
  endfacet
  facet normal 0.946936 -0.321421 0
    outer loop
      vertex -24.3467 33.1647 3
      vertex -24.1575 33.7221 0
      vertex -24.1575 33.7221 3
    endloop
  endfacet
  facet normal 0.946936 -0.321421 0
    outer loop
      vertex -24.1575 33.7221 0
      vertex -24.3467 33.1647 3
      vertex -24.3467 33.1647 0
    endloop
  endfacet
  facet normal 0.997859 0.0654027 0
    outer loop
      vertex -24.4615 31.4126 3
      vertex -24.5 32 0
      vertex -24.5 32 3
    endloop
  endfacet
  facet normal 0.997859 0.0654027 0
    outer loop
      vertex -24.5 32 0
      vertex -24.4615 31.4126 3
      vertex -24.4615 31.4126 0
    endloop
  endfacet
  facet normal 0.831475 -0.555562 0
    outer loop
      vertex -23.8971 45.75 3
      vertex -23.5701 46.2394 0
      vertex -23.5701 46.2394 3
    endloop
  endfacet
  facet normal 0.831475 -0.555562 0
    outer loop
      vertex -23.5701 46.2394 0
      vertex -23.8971 45.75 3
      vertex -23.8971 45.75 0
    endloop
  endfacet
  facet normal -0.321421 0.946936 0
    outer loop
      vertex 21.7221 39.3425 0
      vertex 21.1647 39.1533 3
      vertex 21.7221 39.3425 3
    endloop
  endfacet
  facet normal -0.321421 0.946936 0
    outer loop
      vertex 21.1647 39.1533 3
      vertex 21.7221 39.3425 0
      vertex 21.1647 39.1533 0
    endloop
  endfacet
  facet normal -0.195038 0.980796 0
    outer loop
      vertex 21.1647 39.1533 0
      vertex 20.5874 39.0385 3
      vertex 21.1647 39.1533 3
    endloop
  endfacet
  facet normal -0.195038 0.980796 0
    outer loop
      vertex 20.5874 39.0385 3
      vertex 21.1647 39.1533 0
      vertex 20.5874 39.0385 0
    endloop
  endfacet
  facet normal -0.555562 -0.831475 0
    outer loop
      vertex 22.25 47.3971 0
      vertex 22.7394 47.0701 3
      vertex 22.25 47.3971 3
    endloop
  endfacet
  facet normal -0.555562 -0.831475 -0
    outer loop
      vertex 22.7394 47.0701 3
      vertex 22.25 47.3971 0
      vertex 22.7394 47.0701 0
    endloop
  endfacet
  facet normal -0.896827 0.442382 0
    outer loop
      vertex 23.8971 41.25 0
      vertex 24.1575 41.7779 3
      vertex 24.1575 41.7779 0
    endloop
  endfacet
  facet normal -0.896827 0.442382 0
    outer loop
      vertex 24.1575 41.7779 3
      vertex 23.8971 41.25 0
      vertex 23.8971 41.25 3
    endloop
  endfacet
  facet normal 0.321421 0.946936 -0
    outer loop
      vertex -21.1647 39.1533 0
      vertex -21.7221 39.3425 3
      vertex -21.1647 39.1533 3
    endloop
  endfacet
  facet normal 0.321421 0.946936 0
    outer loop
      vertex -21.7221 39.3425 3
      vertex -21.1647 39.1533 0
      vertex -21.7221 39.3425 0
    endloop
  endfacet
  facet normal -0.442382 0.896827 0
    outer loop
      vertex 22.25 39.6029 0
      vertex 21.7221 39.3425 3
      vertex 22.25 39.6029 3
    endloop
  endfacet
  facet normal -0.442382 0.896827 0
    outer loop
      vertex 21.7221 39.3425 3
      vertex 22.25 39.6029 0
      vertex 21.7221 39.3425 0
    endloop
  endfacet
  facet normal -0.946936 0.321421 0
    outer loop
      vertex 24.1575 41.7779 0
      vertex 24.3467 42.3353 3
      vertex 24.3467 42.3353 0
    endloop
  endfacet
  facet normal -0.946936 0.321421 0
    outer loop
      vertex 24.3467 42.3353 3
      vertex 24.1575 41.7779 0
      vertex 24.1575 41.7779 3
    endloop
  endfacet
  facet normal 0.980796 0.195038 0
    outer loop
      vertex -24.3467 42.3353 3
      vertex -24.4615 42.9126 0
      vertex -24.4615 42.9126 3
    endloop
  endfacet
  facet normal 0.980796 0.195038 0
    outer loop
      vertex -24.4615 42.9126 0
      vertex -24.3467 42.3353 3
      vertex -24.3467 42.3353 0
    endloop
  endfacet
  facet normal 0.946936 0.321421 0
    outer loop
      vertex -24.1575 41.7779 3
      vertex -24.3467 42.3353 0
      vertex -24.3467 42.3353 3
    endloop
  endfacet
  facet normal 0.946936 0.321421 0
    outer loop
      vertex -24.3467 42.3353 0
      vertex -24.1575 41.7779 3
      vertex -24.1575 41.7779 0
    endloop
  endfacet
  facet normal -0.0654027 0.997859 0
    outer loop
      vertex 20.5874 39.0385 0
      vertex 20 39 3
      vertex 20.5874 39.0385 3
    endloop
  endfacet
  facet normal -0.0654027 0.997859 0
    outer loop
      vertex 20 39 3
      vertex 20.5874 39.0385 0
      vertex 20 39 0
    endloop
  endfacet
  facet normal 0 -1 0
    outer loop
      vertex -20 48 0
      vertex 20 48 3
      vertex -20 48 3
    endloop
  endfacet
  facet normal 0 -1 -0
    outer loop
      vertex 20 48 3
      vertex -20 48 0
      vertex 20 48 0
    endloop
  endfacet
  facet normal -0.831475 0.555562 0
    outer loop
      vertex 23.5701 40.7606 0
      vertex 23.8971 41.25 3
      vertex 23.8971 41.25 0
    endloop
  endfacet
  facet normal -0.831475 0.555562 0
    outer loop
      vertex 23.8971 41.25 3
      vertex 23.5701 40.7606 0
      vertex 23.5701 40.7606 3
    endloop
  endfacet
  facet normal -0.321421 -0.946936 0
    outer loop
      vertex 21.1647 47.8467 0
      vertex 21.7221 47.6575 3
      vertex 21.1647 47.8467 3
    endloop
  endfacet
  facet normal -0.321421 -0.946936 -0
    outer loop
      vertex 21.7221 47.6575 3
      vertex 21.1647 47.8467 0
      vertex 21.7221 47.6575 0
    endloop
  endfacet
  facet normal 0.442382 -0.896827 0
    outer loop
      vertex -22.25 47.3971 0
      vertex -21.7221 47.6575 3
      vertex -22.25 47.3971 3
    endloop
  endfacet
  facet normal 0.442382 -0.896827 0
    outer loop
      vertex -21.7221 47.6575 3
      vertex -22.25 47.3971 0
      vertex -21.7221 47.6575 0
    endloop
  endfacet
  facet normal 0.0654027 0.997859 -0
    outer loop
      vertex -20 39 0
      vertex -20.5874 39.0385 3
      vertex -20 39 3
    endloop
  endfacet
  facet normal 0.0654027 0.997859 0
    outer loop
      vertex -20.5874 39.0385 3
      vertex -20 39 0
      vertex -20.5874 39.0385 0
    endloop
  endfacet
  facet normal 0.997859 -0.0654027 0
    outer loop
      vertex -24.5 43.5 3
      vertex -24.4615 44.0874 0
      vertex -24.4615 44.0874 3
    endloop
  endfacet
  facet normal 0.997859 -0.0654027 0
    outer loop
      vertex -24.4615 44.0874 0
      vertex -24.5 43.5 3
      vertex -24.5 43.5 0
    endloop
  endfacet
  facet normal -0.555562 0.831475 0
    outer loop
      vertex 22.7394 39.9299 0
      vertex 22.25 39.6029 3
      vertex 22.7394 39.9299 3
    endloop
  endfacet
  facet normal -0.555562 0.831475 0
    outer loop
      vertex 22.25 39.6029 3
      vertex 22.7394 39.9299 0
      vertex 22.25 39.6029 0
    endloop
  endfacet
  facet normal 0.555562 0.831475 -0
    outer loop
      vertex -22.25 39.6029 0
      vertex -22.7394 39.9299 3
      vertex -22.25 39.6029 3
    endloop
  endfacet
  facet normal 0.555562 0.831475 0
    outer loop
      vertex -22.7394 39.9299 3
      vertex -22.25 39.6029 0
      vertex -22.7394 39.9299 0
    endloop
  endfacet
  facet normal 0.442382 0.896827 -0
    outer loop
      vertex -21.7221 39.3425 0
      vertex -22.25 39.6029 3
      vertex -21.7221 39.3425 3
    endloop
  endfacet
  facet normal 0.442382 0.896827 0
    outer loop
      vertex -22.25 39.6029 3
      vertex -21.7221 39.3425 0
      vertex -22.25 39.6029 0
    endloop
  endfacet
  facet normal -0.659298 0.751882 0
    outer loop
      vertex 23.182 40.318 0
      vertex 22.7394 39.9299 3
      vertex 23.182 40.318 3
    endloop
  endfacet
  facet normal -0.659298 0.751882 0
    outer loop
      vertex 22.7394 39.9299 3
      vertex 23.182 40.318 0
      vertex 22.7394 39.9299 0
    endloop
  endfacet
  facet normal -0.831475 -0.555562 0
    outer loop
      vertex 23.8971 45.75 0
      vertex 23.5701 46.2394 3
      vertex 23.5701 46.2394 0
    endloop
  endfacet
  facet normal -0.831475 -0.555562 0
    outer loop
      vertex 23.5701 46.2394 3
      vertex 23.8971 45.75 0
      vertex 23.8971 45.75 3
    endloop
  endfacet
  facet normal 0.896827 -0.442382 0
    outer loop
      vertex -24.1575 45.2221 3
      vertex -23.8971 45.75 0
      vertex -23.8971 45.75 3
    endloop
  endfacet
  facet normal 0.896827 -0.442382 0
    outer loop
      vertex -23.8971 45.75 0
      vertex -24.1575 45.2221 3
      vertex -24.1575 45.2221 0
    endloop
  endfacet
  facet normal 0.831475 0.555562 0
    outer loop
      vertex -23.5701 40.7606 3
      vertex -23.8971 41.25 0
      vertex -23.8971 41.25 3
    endloop
  endfacet
  facet normal 0.831475 0.555562 0
    outer loop
      vertex -23.8971 41.25 0
      vertex -23.5701 40.7606 3
      vertex -23.5701 40.7606 0
    endloop
  endfacet
  facet normal 0.195038 -0.980796 0
    outer loop
      vertex -21.1647 47.8467 0
      vertex -20.5874 47.9615 3
      vertex -21.1647 47.8467 3
    endloop
  endfacet
  facet normal 0.195038 -0.980796 0
    outer loop
      vertex -20.5874 47.9615 3
      vertex -21.1647 47.8467 0
      vertex -20.5874 47.9615 0
    endloop
  endfacet
  facet normal 0.946936 -0.321421 0
    outer loop
      vertex -24.3467 44.6647 3
      vertex -24.1575 45.2221 0
      vertex -24.1575 45.2221 3
    endloop
  endfacet
  facet normal 0.946936 -0.321421 0
    outer loop
      vertex -24.1575 45.2221 0
      vertex -24.3467 44.6647 3
      vertex -24.3467 44.6647 0
    endloop
  endfacet
  facet normal -0.0654027 -0.997859 0
    outer loop
      vertex 20 48 0
      vertex 20.5874 47.9615 3
      vertex 20 48 3
    endloop
  endfacet
  facet normal -0.0654027 -0.997859 -0
    outer loop
      vertex 20.5874 47.9615 3
      vertex 20 48 0
      vertex 20.5874 47.9615 0
    endloop
  endfacet
  facet normal 0.321421 -0.946936 0
    outer loop
      vertex -21.7221 47.6575 0
      vertex -21.1647 47.8467 3
      vertex -21.7221 47.6575 3
    endloop
  endfacet
  facet normal 0.321421 -0.946936 0
    outer loop
      vertex -21.1647 47.8467 3
      vertex -21.7221 47.6575 0
      vertex -21.1647 47.8467 0
    endloop
  endfacet
  facet normal 0.195038 0.980796 -0
    outer loop
      vertex -20.5874 39.0385 0
      vertex -21.1647 39.1533 3
      vertex -20.5874 39.0385 3
    endloop
  endfacet
  facet normal 0.195038 0.980796 0
    outer loop
      vertex -21.1647 39.1533 3
      vertex -20.5874 39.0385 0
      vertex -21.1647 39.1533 0
    endloop
  endfacet
  facet normal 0.555562 -0.831475 0
    outer loop
      vertex -22.7394 47.0701 0
      vertex -22.25 47.3971 3
      vertex -22.7394 47.0701 3
    endloop
  endfacet
  facet normal 0.555562 -0.831475 0
    outer loop
      vertex -22.25 47.3971 3
      vertex -22.7394 47.0701 0
      vertex -22.25 47.3971 0
    endloop
  endfacet
  facet normal -0.751882 -0.659298 0
    outer loop
      vertex 23.5701 46.2394 0
      vertex 23.182 46.682 3
      vertex 23.182 46.682 0
    endloop
  endfacet
  facet normal -0.751882 -0.659298 0
    outer loop
      vertex 23.182 46.682 3
      vertex 23.5701 46.2394 0
      vertex 23.5701 46.2394 3
    endloop
  endfacet
  facet normal 0 1 -0
    outer loop
      vertex 20 39 0
      vertex -20 39 3
      vertex 20 39 3
    endloop
  endfacet
  facet normal 0 1 0
    outer loop
      vertex -20 39 3
      vertex 20 39 0
      vertex -20 39 0
    endloop
  endfacet
  facet normal -0.997859 -0.0654027 0
    outer loop
      vertex 24.5 43.5 0
      vertex 24.4615 44.0874 3
      vertex 24.4615 44.0874 0
    endloop
  endfacet
  facet normal -0.997859 -0.0654027 0
    outer loop
      vertex 24.4615 44.0874 3
      vertex 24.5 43.5 0
      vertex 24.5 43.5 3
    endloop
  endfacet
  facet normal -0.980796 -0.195038 0
    outer loop
      vertex 24.4615 44.0874 0
      vertex 24.3467 44.6647 3
      vertex 24.3467 44.6647 0
    endloop
  endfacet
  facet normal -0.980796 -0.195038 0
    outer loop
      vertex 24.3467 44.6647 3
      vertex 24.4615 44.0874 0
      vertex 24.4615 44.0874 3
    endloop
  endfacet
  facet normal -0.896827 -0.442382 0
    outer loop
      vertex 24.1575 45.2221 0
      vertex 23.8971 45.75 3
      vertex 23.8971 45.75 0
    endloop
  endfacet
  facet normal -0.896827 -0.442382 0
    outer loop
      vertex 23.8971 45.75 3
      vertex 24.1575 45.2221 0
      vertex 24.1575 45.2221 3
    endloop
  endfacet
  facet normal 0.751882 0.659298 0
    outer loop
      vertex -23.182 40.318 3
      vertex -23.5701 40.7606 0
      vertex -23.5701 40.7606 3
    endloop
  endfacet
  facet normal 0.751882 0.659298 0
    outer loop
      vertex -23.5701 40.7606 0
      vertex -23.182 40.318 3
      vertex -23.182 40.318 0
    endloop
  endfacet
  facet normal -0.195038 -0.980796 0
    outer loop
      vertex 20.5874 47.9615 0
      vertex 21.1647 47.8467 3
      vertex 20.5874 47.9615 3
    endloop
  endfacet
  facet normal -0.195038 -0.980796 -0
    outer loop
      vertex 21.1647 47.8467 3
      vertex 20.5874 47.9615 0
      vertex 21.1647 47.8467 0
    endloop
  endfacet
  facet normal 0.659298 -0.751882 0
    outer loop
      vertex -23.182 46.682 0
      vertex -22.7394 47.0701 3
      vertex -23.182 46.682 3
    endloop
  endfacet
  facet normal 0.659298 -0.751882 0
    outer loop
      vertex -22.7394 47.0701 3
      vertex -23.182 46.682 0
      vertex -22.7394 47.0701 0
    endloop
  endfacet
  facet normal -0.946936 -0.321421 0
    outer loop
      vertex 24.3467 44.6647 0
      vertex 24.1575 45.2221 3
      vertex 24.1575 45.2221 0
    endloop
  endfacet
  facet normal -0.946936 -0.321421 0
    outer loop
      vertex 24.1575 45.2221 3
      vertex 24.3467 44.6647 0
      vertex 24.3467 44.6647 3
    endloop
  endfacet
  facet normal -0.442382 -0.896827 0
    outer loop
      vertex 21.7221 47.6575 0
      vertex 22.25 47.3971 3
      vertex 21.7221 47.6575 3
    endloop
  endfacet
  facet normal -0.442382 -0.896827 -0
    outer loop
      vertex 22.25 47.3971 3
      vertex 21.7221 47.6575 0
      vertex 22.25 47.3971 0
    endloop
  endfacet
  facet normal -0.997859 0.0654027 0
    outer loop
      vertex 24.4615 42.9126 0
      vertex 24.5 43.5 3
      vertex 24.5 43.5 0
    endloop
  endfacet
  facet normal -0.997859 0.0654027 0
    outer loop
      vertex 24.5 43.5 3
      vertex 24.4615 42.9126 0
      vertex 24.4615 42.9126 3
    endloop
  endfacet
  facet normal -0.980796 0.195038 0
    outer loop
      vertex 24.3467 42.3353 0
      vertex 24.4615 42.9126 3
      vertex 24.4615 42.9126 0
    endloop
  endfacet
  facet normal -0.980796 0.195038 0
    outer loop
      vertex 24.4615 42.9126 3
      vertex 24.3467 42.3353 0
      vertex 24.3467 42.3353 3
    endloop
  endfacet
  facet normal 0.751882 -0.659298 0
    outer loop
      vertex -23.5701 46.2394 3
      vertex -23.182 46.682 0
      vertex -23.182 46.682 3
    endloop
  endfacet
  facet normal 0.751882 -0.659298 0
    outer loop
      vertex -23.182 46.682 0
      vertex -23.5701 46.2394 3
      vertex -23.5701 46.2394 0
    endloop
  endfacet
  facet normal 0.980796 -0.195038 0
    outer loop
      vertex -24.4615 44.0874 3
      vertex -24.3467 44.6647 0
      vertex -24.3467 44.6647 3
    endloop
  endfacet
  facet normal 0.980796 -0.195038 0
    outer loop
      vertex -24.3467 44.6647 0
      vertex -24.4615 44.0874 3
      vertex -24.4615 44.0874 0
    endloop
  endfacet
  facet normal 0.896827 0.442382 0
    outer loop
      vertex -23.8971 41.25 3
      vertex -24.1575 41.7779 0
      vertex -24.1575 41.7779 3
    endloop
  endfacet
  facet normal 0.896827 0.442382 0
    outer loop
      vertex -24.1575 41.7779 0
      vertex -23.8971 41.25 3
      vertex -23.8971 41.25 0
    endloop
  endfacet
  facet normal 0.659298 0.751882 -0
    outer loop
      vertex -22.7394 39.9299 0
      vertex -23.182 40.318 3
      vertex -22.7394 39.9299 3
    endloop
  endfacet
  facet normal 0.659298 0.751882 0
    outer loop
      vertex -23.182 40.318 3
      vertex -22.7394 39.9299 0
      vertex -23.182 40.318 0
    endloop
  endfacet
  facet normal -0.751882 0.659298 0
    outer loop
      vertex 23.182 40.318 0
      vertex 23.5701 40.7606 3
      vertex 23.5701 40.7606 0
    endloop
  endfacet
  facet normal -0.751882 0.659298 0
    outer loop
      vertex 23.5701 40.7606 3
      vertex 23.182 40.318 0
      vertex 23.182 40.318 3
    endloop
  endfacet
  facet normal 0.0654027 -0.997859 0
    outer loop
      vertex -20.5874 47.9615 0
      vertex -20 48 3
      vertex -20.5874 47.9615 3
    endloop
  endfacet
  facet normal 0.0654027 -0.997859 0
    outer loop
      vertex -20 48 3
      vertex -20.5874 47.9615 0
      vertex -20 48 0
    endloop
  endfacet
  facet normal -0.659298 -0.751882 0
    outer loop
      vertex 22.7394 47.0701 0
      vertex 23.182 46.682 3
      vertex 22.7394 47.0701 3
    endloop
  endfacet
  facet normal -0.659298 -0.751882 -0
    outer loop
      vertex 23.182 46.682 3
      vertex 22.7394 47.0701 0
      vertex 23.182 46.682 0
    endloop
  endfacet
  facet normal 0.997859 0.0654027 0
    outer loop
      vertex -24.4615 42.9126 3
      vertex -24.5 43.5 0
      vertex -24.5 43.5 3
    endloop
  endfacet
  facet normal 0.997859 0.0654027 0
    outer loop
      vertex -24.5 43.5 0
      vertex -24.4615 42.9126 3
      vertex -24.4615 42.9126 0
    endloop
  endfacet
  facet normal 0.751882 0.659298 0
    outer loop
      vertex -23.182 51.818 3
      vertex -23.5701 52.2606 0
      vertex -23.5701 52.2606 3
    endloop
  endfacet
  facet normal 0.751882 0.659298 0
    outer loop
      vertex -23.5701 52.2606 0
      vertex -23.182 51.818 3
      vertex -23.182 51.818 0
    endloop
  endfacet
  facet normal -0.0654027 0.997859 0
    outer loop
      vertex 20.5874 50.5385 0
      vertex 20 50.5 3
      vertex 20.5874 50.5385 3
    endloop
  endfacet
  facet normal -0.0654027 0.997859 0
    outer loop
      vertex 20 50.5 3
      vertex 20.5874 50.5385 0
      vertex 20 50.5 0
    endloop
  endfacet
  facet normal -0.0654027 -0.997859 0
    outer loop
      vertex 20 59.5 0
      vertex 20.5874 59.4615 3
      vertex 20 59.5 3
    endloop
  endfacet
  facet normal -0.0654027 -0.997859 -0
    outer loop
      vertex 20.5874 59.4615 3
      vertex 20 59.5 0
      vertex 20.5874 59.4615 0
    endloop
  endfacet
  facet normal 0 1 -0
    outer loop
      vertex 20 50.5 0
      vertex -20 50.5 3
      vertex 20 50.5 3
    endloop
  endfacet
  facet normal 0 1 0
    outer loop
      vertex -20 50.5 3
      vertex 20 50.5 0
      vertex -20 50.5 0
    endloop
  endfacet
  facet normal -0.831475 0.555562 0
    outer loop
      vertex 23.5701 52.2606 0
      vertex 23.8971 52.75 3
      vertex 23.8971 52.75 0
    endloop
  endfacet
  facet normal -0.831475 0.555562 0
    outer loop
      vertex 23.8971 52.75 3
      vertex 23.5701 52.2606 0
      vertex 23.5701 52.2606 3
    endloop
  endfacet
  facet normal 0 -1 0
    outer loop
      vertex -20 59.5 0
      vertex 20 59.5 3
      vertex -20 59.5 3
    endloop
  endfacet
  facet normal 0 -1 -0
    outer loop
      vertex 20 59.5 3
      vertex -20 59.5 0
      vertex 20 59.5 0
    endloop
  endfacet
  facet normal 0.195038 0.980796 -0
    outer loop
      vertex -20.5874 50.5385 0
      vertex -21.1647 50.6533 3
      vertex -20.5874 50.5385 3
    endloop
  endfacet
  facet normal 0.195038 0.980796 0
    outer loop
      vertex -21.1647 50.6533 3
      vertex -20.5874 50.5385 0
      vertex -21.1647 50.6533 0
    endloop
  endfacet
  facet normal 0.997859 0.0654027 0
    outer loop
      vertex -24.4615 54.4126 3
      vertex -24.5 55 0
      vertex -24.5 55 3
    endloop
  endfacet
  facet normal 0.997859 0.0654027 0
    outer loop
      vertex -24.5 55 0
      vertex -24.4615 54.4126 3
      vertex -24.4615 54.4126 0
    endloop
  endfacet
  facet normal 0.751882 -0.659298 0
    outer loop
      vertex -23.5701 57.7394 3
      vertex -23.182 58.182 0
      vertex -23.182 58.182 3
    endloop
  endfacet
  facet normal 0.751882 -0.659298 0
    outer loop
      vertex -23.182 58.182 0
      vertex -23.5701 57.7394 3
      vertex -23.5701 57.7394 0
    endloop
  endfacet
  facet normal 0.321421 -0.946936 0
    outer loop
      vertex -21.7221 59.1575 0
      vertex -21.1647 59.3467 3
      vertex -21.7221 59.1575 3
    endloop
  endfacet
  facet normal 0.321421 -0.946936 0
    outer loop
      vertex -21.1647 59.3467 3
      vertex -21.7221 59.1575 0
      vertex -21.1647 59.3467 0
    endloop
  endfacet
  facet normal 0.0654027 0.997859 -0
    outer loop
      vertex -20 50.5 0
      vertex -20.5874 50.5385 3
      vertex -20 50.5 3
    endloop
  endfacet
  facet normal 0.0654027 0.997859 0
    outer loop
      vertex -20.5874 50.5385 3
      vertex -20 50.5 0
      vertex -20.5874 50.5385 0
    endloop
  endfacet
  facet normal -0.659298 0.751882 0
    outer loop
      vertex 23.182 51.818 0
      vertex 22.7394 51.4299 3
      vertex 23.182 51.818 3
    endloop
  endfacet
  facet normal -0.659298 0.751882 0
    outer loop
      vertex 22.7394 51.4299 3
      vertex 23.182 51.818 0
      vertex 22.7394 51.4299 0
    endloop
  endfacet
  facet normal -0.195038 0.980796 0
    outer loop
      vertex 21.1647 50.6533 0
      vertex 20.5874 50.5385 3
      vertex 21.1647 50.6533 3
    endloop
  endfacet
  facet normal -0.195038 0.980796 0
    outer loop
      vertex 20.5874 50.5385 3
      vertex 21.1647 50.6533 0
      vertex 20.5874 50.5385 0
    endloop
  endfacet
  facet normal -0.321421 0.946936 0
    outer loop
      vertex 21.7221 50.8425 0
      vertex 21.1647 50.6533 3
      vertex 21.7221 50.8425 3
    endloop
  endfacet
  facet normal -0.321421 0.946936 0
    outer loop
      vertex 21.1647 50.6533 3
      vertex 21.7221 50.8425 0
      vertex 21.1647 50.6533 0
    endloop
  endfacet
  facet normal 0.946936 0.321421 0
    outer loop
      vertex -24.1575 53.2779 3
      vertex -24.3467 53.8353 0
      vertex -24.3467 53.8353 3
    endloop
  endfacet
  facet normal 0.946936 0.321421 0
    outer loop
      vertex -24.3467 53.8353 0
      vertex -24.1575 53.2779 3
      vertex -24.1575 53.2779 0
    endloop
  endfacet
  facet normal 0.442382 0.896827 -0
    outer loop
      vertex -21.7221 50.8425 0
      vertex -22.25 51.1029 3
      vertex -21.7221 50.8425 3
    endloop
  endfacet
  facet normal 0.442382 0.896827 0
    outer loop
      vertex -22.25 51.1029 3
      vertex -21.7221 50.8425 0
      vertex -22.25 51.1029 0
    endloop
  endfacet
  facet normal -0.980796 0.195038 0
    outer loop
      vertex 24.3467 53.8353 0
      vertex 24.4615 54.4126 3
      vertex 24.4615 54.4126 0
    endloop
  endfacet
  facet normal -0.980796 0.195038 0
    outer loop
      vertex 24.4615 54.4126 3
      vertex 24.3467 53.8353 0
      vertex 24.3467 53.8353 3
    endloop
  endfacet
  facet normal 0.831475 0.555562 0
    outer loop
      vertex -23.5701 52.2606 3
      vertex -23.8971 52.75 0
      vertex -23.8971 52.75 3
    endloop
  endfacet
  facet normal 0.831475 0.555562 0
    outer loop
      vertex -23.8971 52.75 0
      vertex -23.5701 52.2606 3
      vertex -23.5701 52.2606 0
    endloop
  endfacet
  facet normal 0.896827 0.442382 0
    outer loop
      vertex -23.8971 52.75 3
      vertex -24.1575 53.2779 0
      vertex -24.1575 53.2779 3
    endloop
  endfacet
  facet normal 0.896827 0.442382 0
    outer loop
      vertex -24.1575 53.2779 0
      vertex -23.8971 52.75 3
      vertex -23.8971 52.75 0
    endloop
  endfacet
  facet normal -0.980796 -0.195038 0
    outer loop
      vertex 24.4615 55.5874 0
      vertex 24.3467 56.1647 3
      vertex 24.3467 56.1647 0
    endloop
  endfacet
  facet normal -0.980796 -0.195038 0
    outer loop
      vertex 24.3467 56.1647 3
      vertex 24.4615 55.5874 0
      vertex 24.4615 55.5874 3
    endloop
  endfacet
  facet normal 0.896827 -0.442382 0
    outer loop
      vertex -24.1575 56.7221 3
      vertex -23.8971 57.25 0
      vertex -23.8971 57.25 3
    endloop
  endfacet
  facet normal 0.896827 -0.442382 0
    outer loop
      vertex -23.8971 57.25 0
      vertex -24.1575 56.7221 3
      vertex -24.1575 56.7221 0
    endloop
  endfacet
  facet normal -0.997859 0.0654027 0
    outer loop
      vertex 24.4615 54.4126 0
      vertex 24.5 55 3
      vertex 24.5 55 0
    endloop
  endfacet
  facet normal -0.997859 0.0654027 0
    outer loop
      vertex 24.5 55 3
      vertex 24.4615 54.4126 0
      vertex 24.4615 54.4126 3
    endloop
  endfacet
  facet normal 0.555562 0.831475 -0
    outer loop
      vertex -22.25 51.1029 0
      vertex -22.7394 51.4299 3
      vertex -22.25 51.1029 3
    endloop
  endfacet
  facet normal 0.555562 0.831475 0
    outer loop
      vertex -22.7394 51.4299 3
      vertex -22.25 51.1029 0
      vertex -22.7394 51.4299 0
    endloop
  endfacet
  facet normal 0.195038 -0.980796 0
    outer loop
      vertex -21.1647 59.3467 0
      vertex -20.5874 59.4615 3
      vertex -21.1647 59.3467 3
    endloop
  endfacet
  facet normal 0.195038 -0.980796 0
    outer loop
      vertex -20.5874 59.4615 3
      vertex -21.1647 59.3467 0
      vertex -20.5874 59.4615 0
    endloop
  endfacet
  facet normal 0.659298 0.751882 -0
    outer loop
      vertex -22.7394 51.4299 0
      vertex -23.182 51.818 3
      vertex -22.7394 51.4299 3
    endloop
  endfacet
  facet normal 0.659298 0.751882 0
    outer loop
      vertex -23.182 51.818 3
      vertex -22.7394 51.4299 0
      vertex -23.182 51.818 0
    endloop
  endfacet
  facet normal 0.0654027 -0.997859 0
    outer loop
      vertex -20.5874 59.4615 0
      vertex -20 59.5 3
      vertex -20.5874 59.4615 3
    endloop
  endfacet
  facet normal 0.0654027 -0.997859 0
    outer loop
      vertex -20 59.5 3
      vertex -20.5874 59.4615 0
      vertex -20 59.5 0
    endloop
  endfacet
  facet normal -0.946936 0.321421 0
    outer loop
      vertex 24.1575 53.2779 0
      vertex 24.3467 53.8353 3
      vertex 24.3467 53.8353 0
    endloop
  endfacet
  facet normal -0.946936 0.321421 0
    outer loop
      vertex 24.3467 53.8353 3
      vertex 24.1575 53.2779 0
      vertex 24.1575 53.2779 3
    endloop
  endfacet
  facet normal -0.321421 -0.946936 0
    outer loop
      vertex 21.1647 59.3467 0
      vertex 21.7221 59.1575 3
      vertex 21.1647 59.3467 3
    endloop
  endfacet
  facet normal -0.321421 -0.946936 -0
    outer loop
      vertex 21.7221 59.1575 3
      vertex 21.1647 59.3467 0
      vertex 21.7221 59.1575 0
    endloop
  endfacet
  facet normal -0.997859 -0.0654027 0
    outer loop
      vertex 24.5 55 0
      vertex 24.4615 55.5874 3
      vertex 24.4615 55.5874 0
    endloop
  endfacet
  facet normal -0.997859 -0.0654027 0
    outer loop
      vertex 24.4615 55.5874 3
      vertex 24.5 55 0
      vertex 24.5 55 3
    endloop
  endfacet
  facet normal 0.321421 0.946936 -0
    outer loop
      vertex -21.1647 50.6533 0
      vertex -21.7221 50.8425 3
      vertex -21.1647 50.6533 3
    endloop
  endfacet
  facet normal 0.321421 0.946936 0
    outer loop
      vertex -21.7221 50.8425 3
      vertex -21.1647 50.6533 0
      vertex -21.7221 50.8425 0
    endloop
  endfacet
  facet normal 0.980796 0.195038 0
    outer loop
      vertex -24.3467 53.8353 3
      vertex -24.4615 54.4126 0
      vertex -24.4615 54.4126 3
    endloop
  endfacet
  facet normal 0.980796 0.195038 0
    outer loop
      vertex -24.4615 54.4126 0
      vertex -24.3467 53.8353 3
      vertex -24.3467 53.8353 0
    endloop
  endfacet
  facet normal 0.831475 -0.555562 0
    outer loop
      vertex -23.8971 57.25 3
      vertex -23.5701 57.7394 0
      vertex -23.5701 57.7394 3
    endloop
  endfacet
  facet normal 0.831475 -0.555562 0
    outer loop
      vertex -23.5701 57.7394 0
      vertex -23.8971 57.25 3
      vertex -23.8971 57.25 0
    endloop
  endfacet
  facet normal -0.896827 0.442382 0
    outer loop
      vertex 23.8971 52.75 0
      vertex 24.1575 53.2779 3
      vertex 24.1575 53.2779 0
    endloop
  endfacet
  facet normal -0.896827 0.442382 0
    outer loop
      vertex 24.1575 53.2779 3
      vertex 23.8971 52.75 0
      vertex 23.8971 52.75 3
    endloop
  endfacet
  facet normal -0.896827 -0.442382 0
    outer loop
      vertex 24.1575 56.7221 0
      vertex 23.8971 57.25 3
      vertex 23.8971 57.25 0
    endloop
  endfacet
  facet normal -0.896827 -0.442382 0
    outer loop
      vertex 23.8971 57.25 3
      vertex 24.1575 56.7221 0
      vertex 24.1575 56.7221 3
    endloop
  endfacet
  facet normal -0.946936 -0.321421 0
    outer loop
      vertex 24.3467 56.1647 0
      vertex 24.1575 56.7221 3
      vertex 24.1575 56.7221 0
    endloop
  endfacet
  facet normal -0.946936 -0.321421 0
    outer loop
      vertex 24.1575 56.7221 3
      vertex 24.3467 56.1647 0
      vertex 24.3467 56.1647 3
    endloop
  endfacet
  facet normal -0.751882 0.659298 0
    outer loop
      vertex 23.182 51.818 0
      vertex 23.5701 52.2606 3
      vertex 23.5701 52.2606 0
    endloop
  endfacet
  facet normal -0.751882 0.659298 0
    outer loop
      vertex 23.5701 52.2606 3
      vertex 23.182 51.818 0
      vertex 23.182 51.818 3
    endloop
  endfacet
  facet normal -0.555562 -0.831475 0
    outer loop
      vertex 22.25 58.8971 0
      vertex 22.7394 58.5701 3
      vertex 22.25 58.8971 3
    endloop
  endfacet
  facet normal -0.555562 -0.831475 -0
    outer loop
      vertex 22.7394 58.5701 3
      vertex 22.25 58.8971 0
      vertex 22.7394 58.5701 0
    endloop
  endfacet
  facet normal -0.442382 0.896827 0
    outer loop
      vertex 22.25 51.1029 0
      vertex 21.7221 50.8425 3
      vertex 22.25 51.1029 3
    endloop
  endfacet
  facet normal -0.442382 0.896827 0
    outer loop
      vertex 21.7221 50.8425 3
      vertex 22.25 51.1029 0
      vertex 21.7221 50.8425 0
    endloop
  endfacet
  facet normal 0.442382 -0.896827 0
    outer loop
      vertex -22.25 58.8971 0
      vertex -21.7221 59.1575 3
      vertex -22.25 58.8971 3
    endloop
  endfacet
  facet normal 0.442382 -0.896827 0
    outer loop
      vertex -21.7221 59.1575 3
      vertex -22.25 58.8971 0
      vertex -21.7221 59.1575 0
    endloop
  endfacet
  facet normal 0.555562 -0.831475 0
    outer loop
      vertex -22.7394 58.5701 0
      vertex -22.25 58.8971 3
      vertex -22.7394 58.5701 3
    endloop
  endfacet
  facet normal 0.555562 -0.831475 0
    outer loop
      vertex -22.25 58.8971 3
      vertex -22.7394 58.5701 0
      vertex -22.25 58.8971 0
    endloop
  endfacet
  facet normal -0.659298 -0.751882 0
    outer loop
      vertex 22.7394 58.5701 0
      vertex 23.182 58.182 3
      vertex 22.7394 58.5701 3
    endloop
  endfacet
  facet normal -0.659298 -0.751882 -0
    outer loop
      vertex 23.182 58.182 3
      vertex 22.7394 58.5701 0
      vertex 23.182 58.182 0
    endloop
  endfacet
  facet normal -0.195038 -0.980796 0
    outer loop
      vertex 20.5874 59.4615 0
      vertex 21.1647 59.3467 3
      vertex 20.5874 59.4615 3
    endloop
  endfacet
  facet normal -0.195038 -0.980796 -0
    outer loop
      vertex 21.1647 59.3467 3
      vertex 20.5874 59.4615 0
      vertex 21.1647 59.3467 0
    endloop
  endfacet
  facet normal 0.946936 -0.321421 0
    outer loop
      vertex -24.3467 56.1647 3
      vertex -24.1575 56.7221 0
      vertex -24.1575 56.7221 3
    endloop
  endfacet
  facet normal 0.946936 -0.321421 0
    outer loop
      vertex -24.1575 56.7221 0
      vertex -24.3467 56.1647 3
      vertex -24.3467 56.1647 0
    endloop
  endfacet
  facet normal -0.751882 -0.659298 0
    outer loop
      vertex 23.5701 57.7394 0
      vertex 23.182 58.182 3
      vertex 23.182 58.182 0
    endloop
  endfacet
  facet normal -0.751882 -0.659298 0
    outer loop
      vertex 23.182 58.182 3
      vertex 23.5701 57.7394 0
      vertex 23.5701 57.7394 3
    endloop
  endfacet
  facet normal -0.555562 0.831475 0
    outer loop
      vertex 22.7394 51.4299 0
      vertex 22.25 51.1029 3
      vertex 22.7394 51.4299 3
    endloop
  endfacet
  facet normal -0.555562 0.831475 0
    outer loop
      vertex 22.25 51.1029 3
      vertex 22.7394 51.4299 0
      vertex 22.25 51.1029 0
    endloop
  endfacet
  facet normal -0.442382 -0.896827 0
    outer loop
      vertex 21.7221 59.1575 0
      vertex 22.25 58.8971 3
      vertex 21.7221 59.1575 3
    endloop
  endfacet
  facet normal -0.442382 -0.896827 -0
    outer loop
      vertex 22.25 58.8971 3
      vertex 21.7221 59.1575 0
      vertex 22.25 58.8971 0
    endloop
  endfacet
  facet normal 0.997859 -0.0654027 0
    outer loop
      vertex -24.5 55 3
      vertex -24.4615 55.5874 0
      vertex -24.4615 55.5874 3
    endloop
  endfacet
  facet normal 0.997859 -0.0654027 0
    outer loop
      vertex -24.4615 55.5874 0
      vertex -24.5 55 3
      vertex -24.5 55 0
    endloop
  endfacet
  facet normal 0.659298 -0.751882 0
    outer loop
      vertex -23.182 58.182 0
      vertex -22.7394 58.5701 3
      vertex -23.182 58.182 3
    endloop
  endfacet
  facet normal 0.659298 -0.751882 0
    outer loop
      vertex -22.7394 58.5701 3
      vertex -23.182 58.182 0
      vertex -22.7394 58.5701 0
    endloop
  endfacet
  facet normal -0.831475 -0.555562 0
    outer loop
      vertex 23.8971 57.25 0
      vertex 23.5701 57.7394 3
      vertex 23.5701 57.7394 0
    endloop
  endfacet
  facet normal -0.831475 -0.555562 0
    outer loop
      vertex 23.5701 57.7394 3
      vertex 23.8971 57.25 0
      vertex 23.8971 57.25 3
    endloop
  endfacet
  facet normal 0.980796 -0.195038 0
    outer loop
      vertex -24.4615 55.5874 3
      vertex -24.3467 56.1647 0
      vertex -24.3467 56.1647 3
    endloop
  endfacet
  facet normal 0.980796 -0.195038 0
    outer loop
      vertex -24.3467 56.1647 0
      vertex -24.4615 55.5874 3
      vertex -24.4615 55.5874 0
    endloop
  endfacet
  facet normal 0.751882 0.659298 0
    outer loop
      vertex -23.182 63.318 3
      vertex -23.5701 63.7606 0
      vertex -23.5701 63.7606 3
    endloop
  endfacet
  facet normal 0.751882 0.659298 0
    outer loop
      vertex -23.5701 63.7606 0
      vertex -23.182 63.318 3
      vertex -23.182 63.318 0
    endloop
  endfacet
  facet normal -0.896827 0.442382 0
    outer loop
      vertex 23.8971 64.25 0
      vertex 24.1575 64.7779 3
      vertex 24.1575 64.7779 0
    endloop
  endfacet
  facet normal -0.896827 0.442382 0
    outer loop
      vertex 24.1575 64.7779 3
      vertex 23.8971 64.25 0
      vertex 23.8971 64.25 3
    endloop
  endfacet
  facet normal 0.751882 -0.659298 0
    outer loop
      vertex -23.5701 69.2394 3
      vertex -23.182 69.682 0
      vertex -23.182 69.682 3
    endloop
  endfacet
  facet normal 0.751882 -0.659298 0
    outer loop
      vertex -23.182 69.682 0
      vertex -23.5701 69.2394 3
      vertex -23.5701 69.2394 0
    endloop
  endfacet
  facet normal -0.659298 0.751882 0
    outer loop
      vertex 23.182 63.318 0
      vertex 22.7394 62.9299 3
      vertex 23.182 63.318 3
    endloop
  endfacet
  facet normal -0.659298 0.751882 0
    outer loop
      vertex 22.7394 62.9299 3
      vertex 23.182 63.318 0
      vertex 22.7394 62.9299 0
    endloop
  endfacet
  facet normal 0 -1 0
    outer loop
      vertex -20 71 0
      vertex 20 71 3
      vertex -20 71 3
    endloop
  endfacet
  facet normal 0 -1 -0
    outer loop
      vertex 20 71 3
      vertex -20 71 0
      vertex 20 71 0
    endloop
  endfacet
  facet normal -0.0654027 0.997859 0
    outer loop
      vertex 20.5874 62.0385 0
      vertex 20 62 3
      vertex 20.5874 62.0385 3
    endloop
  endfacet
  facet normal -0.0654027 0.997859 0
    outer loop
      vertex 20 62 3
      vertex 20.5874 62.0385 0
      vertex 20 62 0
    endloop
  endfacet
  facet normal -0.555562 -0.831475 0
    outer loop
      vertex 22.25 70.3971 0
      vertex 22.7394 70.0701 3
      vertex 22.25 70.3971 3
    endloop
  endfacet
  facet normal -0.555562 -0.831475 -0
    outer loop
      vertex 22.7394 70.0701 3
      vertex 22.25 70.3971 0
      vertex 22.7394 70.0701 0
    endloop
  endfacet
  facet normal -0.321421 0.946936 0
    outer loop
      vertex 21.7221 62.3425 0
      vertex 21.1647 62.1533 3
      vertex 21.7221 62.3425 3
    endloop
  endfacet
  facet normal -0.321421 0.946936 0
    outer loop
      vertex 21.1647 62.1533 3
      vertex 21.7221 62.3425 0
      vertex 21.1647 62.1533 0
    endloop
  endfacet
  facet normal -0.442382 0.896827 0
    outer loop
      vertex 22.25 62.6029 0
      vertex 21.7221 62.3425 3
      vertex 22.25 62.6029 3
    endloop
  endfacet
  facet normal -0.442382 0.896827 0
    outer loop
      vertex 21.7221 62.3425 3
      vertex 22.25 62.6029 0
      vertex 21.7221 62.3425 0
    endloop
  endfacet
  facet normal 0.321421 -0.946936 0
    outer loop
      vertex -21.7221 70.6575 0
      vertex -21.1647 70.8467 3
      vertex -21.7221 70.6575 3
    endloop
  endfacet
  facet normal 0.321421 -0.946936 0
    outer loop
      vertex -21.1647 70.8467 3
      vertex -21.7221 70.6575 0
      vertex -21.1647 70.8467 0
    endloop
  endfacet
  facet normal -0.195038 -0.980796 0
    outer loop
      vertex 20.5874 70.9615 0
      vertex 21.1647 70.8467 3
      vertex 20.5874 70.9615 3
    endloop
  endfacet
  facet normal -0.195038 -0.980796 -0
    outer loop
      vertex 21.1647 70.8467 3
      vertex 20.5874 70.9615 0
      vertex 21.1647 70.8467 0
    endloop
  endfacet
  facet normal 0.659298 0.751882 -0
    outer loop
      vertex -22.7394 62.9299 0
      vertex -23.182 63.318 3
      vertex -22.7394 62.9299 3
    endloop
  endfacet
  facet normal 0.659298 0.751882 0
    outer loop
      vertex -23.182 63.318 3
      vertex -22.7394 62.9299 0
      vertex -23.182 63.318 0
    endloop
  endfacet
  facet normal -0.659298 -0.751882 0
    outer loop
      vertex 22.7394 70.0701 0
      vertex 23.182 69.682 3
      vertex 22.7394 70.0701 3
    endloop
  endfacet
  facet normal -0.659298 -0.751882 -0
    outer loop
      vertex 23.182 69.682 3
      vertex 22.7394 70.0701 0
      vertex 23.182 69.682 0
    endloop
  endfacet
  facet normal 0.442382 -0.896827 0
    outer loop
      vertex -22.25 70.3971 0
      vertex -21.7221 70.6575 3
      vertex -22.25 70.3971 3
    endloop
  endfacet
  facet normal 0.442382 -0.896827 0
    outer loop
      vertex -21.7221 70.6575 3
      vertex -22.25 70.3971 0
      vertex -21.7221 70.6575 0
    endloop
  endfacet
  facet normal -0.946936 0.321421 0
    outer loop
      vertex 24.1575 64.7779 0
      vertex 24.3467 65.3353 3
      vertex 24.3467 65.3353 0
    endloop
  endfacet
  facet normal -0.946936 0.321421 0
    outer loop
      vertex 24.3467 65.3353 3
      vertex 24.1575 64.7779 0
      vertex 24.1575 64.7779 3
    endloop
  endfacet
  facet normal 0.195038 -0.980796 0
    outer loop
      vertex -21.1647 70.8467 0
      vertex -20.5874 70.9615 3
      vertex -21.1647 70.8467 3
    endloop
  endfacet
  facet normal 0.195038 -0.980796 0
    outer loop
      vertex -20.5874 70.9615 3
      vertex -21.1647 70.8467 0
      vertex -20.5874 70.9615 0
    endloop
  endfacet
  facet normal -0.896827 -0.442382 0
    outer loop
      vertex 24.1575 68.2221 0
      vertex 23.8971 68.75 3
      vertex 23.8971 68.75 0
    endloop
  endfacet
  facet normal -0.896827 -0.442382 0
    outer loop
      vertex 23.8971 68.75 3
      vertex 24.1575 68.2221 0
      vertex 24.1575 68.2221 3
    endloop
  endfacet
  facet normal -0.0654027 -0.997859 0
    outer loop
      vertex 20 71 0
      vertex 20.5874 70.9615 3
      vertex 20 71 3
    endloop
  endfacet
  facet normal -0.0654027 -0.997859 -0
    outer loop
      vertex 20.5874 70.9615 3
      vertex 20 71 0
      vertex 20.5874 70.9615 0
    endloop
  endfacet
  facet normal 0.896827 0.442382 0
    outer loop
      vertex -23.8971 64.25 3
      vertex -24.1575 64.7779 0
      vertex -24.1575 64.7779 3
    endloop
  endfacet
  facet normal 0.896827 0.442382 0
    outer loop
      vertex -24.1575 64.7779 0
      vertex -23.8971 64.25 3
      vertex -23.8971 64.25 0
    endloop
  endfacet
  facet normal 0.896827 -0.442382 0
    outer loop
      vertex -24.1575 68.2221 3
      vertex -23.8971 68.75 0
      vertex -23.8971 68.75 3
    endloop
  endfacet
  facet normal 0.896827 -0.442382 0
    outer loop
      vertex -23.8971 68.75 0
      vertex -24.1575 68.2221 3
      vertex -24.1575 68.2221 0
    endloop
  endfacet
  facet normal 0.555562 0.831475 -0
    outer loop
      vertex -22.25 62.6029 0
      vertex -22.7394 62.9299 3
      vertex -22.25 62.6029 3
    endloop
  endfacet
  facet normal 0.555562 0.831475 0
    outer loop
      vertex -22.7394 62.9299 3
      vertex -22.25 62.6029 0
      vertex -22.7394 62.9299 0
    endloop
  endfacet
  facet normal 0.0654027 0.997859 -0
    outer loop
      vertex -20 62 0
      vertex -20.5874 62.0385 3
      vertex -20 62 3
    endloop
  endfacet
  facet normal 0.0654027 0.997859 0
    outer loop
      vertex -20.5874 62.0385 3
      vertex -20 62 0
      vertex -20.5874 62.0385 0
    endloop
  endfacet
  facet normal 0 1 -0
    outer loop
      vertex 20 62 0
      vertex -20 62 3
      vertex 20 62 3
    endloop
  endfacet
  facet normal 0 1 0
    outer loop
      vertex -20 62 3
      vertex 20 62 0
      vertex -20 62 0
    endloop
  endfacet
  facet normal 0.831475 -0.555562 0
    outer loop
      vertex -23.8971 68.75 3
      vertex -23.5701 69.2394 0
      vertex -23.5701 69.2394 3
    endloop
  endfacet
  facet normal 0.831475 -0.555562 0
    outer loop
      vertex -23.5701 69.2394 0
      vertex -23.8971 68.75 3
      vertex -23.8971 68.75 0
    endloop
  endfacet
  facet normal 0.0654027 -0.997859 0
    outer loop
      vertex -20.5874 70.9615 0
      vertex -20 71 3
      vertex -20.5874 70.9615 3
    endloop
  endfacet
  facet normal 0.0654027 -0.997859 0
    outer loop
      vertex -20 71 3
      vertex -20.5874 70.9615 0
      vertex -20 71 0
    endloop
  endfacet
  facet normal -0.946936 -0.321421 0
    outer loop
      vertex 24.3467 67.6647 0
      vertex 24.1575 68.2221 3
      vertex 24.1575 68.2221 0
    endloop
  endfacet
  facet normal -0.946936 -0.321421 0
    outer loop
      vertex 24.1575 68.2221 3
      vertex 24.3467 67.6647 0
      vertex 24.3467 67.6647 3
    endloop
  endfacet
  facet normal -0.997859 -0.0654027 0
    outer loop
      vertex 24.5 66.5 0
      vertex 24.4615 67.0874 3
      vertex 24.4615 67.0874 0
    endloop
  endfacet
  facet normal -0.997859 -0.0654027 0
    outer loop
      vertex 24.4615 67.0874 3
      vertex 24.5 66.5 0
      vertex 24.5 66.5 3
    endloop
  endfacet
  facet normal -0.195038 0.980796 0
    outer loop
      vertex 21.1647 62.1533 0
      vertex 20.5874 62.0385 3
      vertex 21.1647 62.1533 3
    endloop
  endfacet
  facet normal -0.195038 0.980796 0
    outer loop
      vertex 20.5874 62.0385 3
      vertex 21.1647 62.1533 0
      vertex 20.5874 62.0385 0
    endloop
  endfacet
  facet normal 0.946936 -0.321421 0
    outer loop
      vertex -24.3467 67.6647 3
      vertex -24.1575 68.2221 0
      vertex -24.1575 68.2221 3
    endloop
  endfacet
  facet normal 0.946936 -0.321421 0
    outer loop
      vertex -24.1575 68.2221 0
      vertex -24.3467 67.6647 3
      vertex -24.3467 67.6647 0
    endloop
  endfacet
  facet normal 0.321421 0.946936 -0
    outer loop
      vertex -21.1647 62.1533 0
      vertex -21.7221 62.3425 3
      vertex -21.1647 62.1533 3
    endloop
  endfacet
  facet normal 0.321421 0.946936 0
    outer loop
      vertex -21.7221 62.3425 3
      vertex -21.1647 62.1533 0
      vertex -21.7221 62.3425 0
    endloop
  endfacet
  facet normal -0.321421 -0.946936 0
    outer loop
      vertex 21.1647 70.8467 0
      vertex 21.7221 70.6575 3
      vertex 21.1647 70.8467 3
    endloop
  endfacet
  facet normal -0.321421 -0.946936 -0
    outer loop
      vertex 21.7221 70.6575 3
      vertex 21.1647 70.8467 0
      vertex 21.7221 70.6575 0
    endloop
  endfacet
  facet normal 0.195038 0.980796 -0
    outer loop
      vertex -20.5874 62.0385 0
      vertex -21.1647 62.1533 3
      vertex -20.5874 62.0385 3
    endloop
  endfacet
  facet normal 0.195038 0.980796 0
    outer loop
      vertex -21.1647 62.1533 3
      vertex -20.5874 62.0385 0
      vertex -21.1647 62.1533 0
    endloop
  endfacet
  facet normal -0.751882 0.659298 0
    outer loop
      vertex 23.182 63.318 0
      vertex 23.5701 63.7606 3
      vertex 23.5701 63.7606 0
    endloop
  endfacet
  facet normal -0.751882 0.659298 0
    outer loop
      vertex 23.5701 63.7606 3
      vertex 23.182 63.318 0
      vertex 23.182 63.318 3
    endloop
  endfacet
  facet normal -0.997859 0.0654027 0
    outer loop
      vertex 24.4615 65.9126 0
      vertex 24.5 66.5 3
      vertex 24.5 66.5 0
    endloop
  endfacet
  facet normal -0.997859 0.0654027 0
    outer loop
      vertex 24.5 66.5 3
      vertex 24.4615 65.9126 0
      vertex 24.4615 65.9126 3
    endloop
  endfacet
  facet normal -0.831475 0.555562 0
    outer loop
      vertex 23.5701 63.7606 0
      vertex 23.8971 64.25 3
      vertex 23.8971 64.25 0
    endloop
  endfacet
  facet normal -0.831475 0.555562 0
    outer loop
      vertex 23.8971 64.25 3
      vertex 23.5701 63.7606 0
      vertex 23.5701 63.7606 3
    endloop
  endfacet
  facet normal 0.946936 0.321421 0
    outer loop
      vertex -24.1575 64.7779 3
      vertex -24.3467 65.3353 0
      vertex -24.3467 65.3353 3
    endloop
  endfacet
  facet normal 0.946936 0.321421 0
    outer loop
      vertex -24.3467 65.3353 0
      vertex -24.1575 64.7779 3
      vertex -24.1575 64.7779 0
    endloop
  endfacet
  facet normal -0.442382 -0.896827 0
    outer loop
      vertex 21.7221 70.6575 0
      vertex 22.25 70.3971 3
      vertex 21.7221 70.6575 3
    endloop
  endfacet
  facet normal -0.442382 -0.896827 -0
    outer loop
      vertex 22.25 70.3971 3
      vertex 21.7221 70.6575 0
      vertex 22.25 70.3971 0
    endloop
  endfacet
  facet normal -0.980796 -0.195038 0
    outer loop
      vertex 24.4615 67.0874 0
      vertex 24.3467 67.6647 3
      vertex 24.3467 67.6647 0
    endloop
  endfacet
  facet normal -0.980796 -0.195038 0
    outer loop
      vertex 24.3467 67.6647 3
      vertex 24.4615 67.0874 0
      vertex 24.4615 67.0874 3
    endloop
  endfacet
  facet normal 0.442382 0.896827 -0
    outer loop
      vertex -21.7221 62.3425 0
      vertex -22.25 62.6029 3
      vertex -21.7221 62.3425 3
    endloop
  endfacet
  facet normal 0.442382 0.896827 0
    outer loop
      vertex -22.25 62.6029 3
      vertex -21.7221 62.3425 0
      vertex -22.25 62.6029 0
    endloop
  endfacet
  facet normal 0.831475 0.555562 0
    outer loop
      vertex -23.5701 63.7606 3
      vertex -23.8971 64.25 0
      vertex -23.8971 64.25 3
    endloop
  endfacet
  facet normal 0.831475 0.555562 0
    outer loop
      vertex -23.8971 64.25 0
      vertex -23.5701 63.7606 3
      vertex -23.5701 63.7606 0
    endloop
  endfacet
  facet normal -0.980796 0.195038 0
    outer loop
      vertex 24.3467 65.3353 0
      vertex 24.4615 65.9126 3
      vertex 24.4615 65.9126 0
    endloop
  endfacet
  facet normal -0.980796 0.195038 0
    outer loop
      vertex 24.4615 65.9126 3
      vertex 24.3467 65.3353 0
      vertex 24.3467 65.3353 3
    endloop
  endfacet
  facet normal -0.831475 -0.555562 0
    outer loop
      vertex 23.8971 68.75 0
      vertex 23.5701 69.2394 3
      vertex 23.5701 69.2394 0
    endloop
  endfacet
  facet normal -0.831475 -0.555562 0
    outer loop
      vertex 23.5701 69.2394 3
      vertex 23.8971 68.75 0
      vertex 23.8971 68.75 3
    endloop
  endfacet
  facet normal -0.751882 -0.659298 0
    outer loop
      vertex 23.5701 69.2394 0
      vertex 23.182 69.682 3
      vertex 23.182 69.682 0
    endloop
  endfacet
  facet normal -0.751882 -0.659298 0
    outer loop
      vertex 23.182 69.682 3
      vertex 23.5701 69.2394 0
      vertex 23.5701 69.2394 3
    endloop
  endfacet
  facet normal -0.555562 0.831475 0
    outer loop
      vertex 22.7394 62.9299 0
      vertex 22.25 62.6029 3
      vertex 22.7394 62.9299 3
    endloop
  endfacet
  facet normal -0.555562 0.831475 0
    outer loop
      vertex 22.25 62.6029 3
      vertex 22.7394 62.9299 0
      vertex 22.25 62.6029 0
    endloop
  endfacet
  facet normal 0.980796 0.195038 0
    outer loop
      vertex -24.3467 65.3353 3
      vertex -24.4615 65.9126 0
      vertex -24.4615 65.9126 3
    endloop
  endfacet
  facet normal 0.980796 0.195038 0
    outer loop
      vertex -24.4615 65.9126 0
      vertex -24.3467 65.3353 3
      vertex -24.3467 65.3353 0
    endloop
  endfacet
  facet normal 0.997859 0.0654027 0
    outer loop
      vertex -24.4615 65.9126 3
      vertex -24.5 66.5 0
      vertex -24.5 66.5 3
    endloop
  endfacet
  facet normal 0.997859 0.0654027 0
    outer loop
      vertex -24.5 66.5 0
      vertex -24.4615 65.9126 3
      vertex -24.4615 65.9126 0
    endloop
  endfacet
  facet normal 0.659298 -0.751882 0
    outer loop
      vertex -23.182 69.682 0
      vertex -22.7394 70.0701 3
      vertex -23.182 69.682 3
    endloop
  endfacet
  facet normal 0.659298 -0.751882 0
    outer loop
      vertex -22.7394 70.0701 3
      vertex -23.182 69.682 0
      vertex -22.7394 70.0701 0
    endloop
  endfacet
  facet normal 0.980796 -0.195038 0
    outer loop
      vertex -24.4615 67.0874 3
      vertex -24.3467 67.6647 0
      vertex -24.3467 67.6647 3
    endloop
  endfacet
  facet normal 0.980796 -0.195038 0
    outer loop
      vertex -24.3467 67.6647 0
      vertex -24.4615 67.0874 3
      vertex -24.4615 67.0874 0
    endloop
  endfacet
  facet normal 0.997859 -0.0654027 0
    outer loop
      vertex -24.5 66.5 3
      vertex -24.4615 67.0874 0
      vertex -24.4615 67.0874 3
    endloop
  endfacet
  facet normal 0.997859 -0.0654027 0
    outer loop
      vertex -24.4615 67.0874 0
      vertex -24.5 66.5 3
      vertex -24.5 66.5 0
    endloop
  endfacet
  facet normal 0.555562 -0.831475 0
    outer loop
      vertex -22.7394 70.0701 0
      vertex -22.25 70.3971 3
      vertex -22.7394 70.0701 3
    endloop
  endfacet
  facet normal 0.555562 -0.831475 0
    outer loop
      vertex -22.25 70.3971 3
      vertex -22.7394 70.0701 0
      vertex -22.25 70.3971 0
    endloop
  endfacet
  facet normal 0.0654027 0.997859 -0
    outer loop
      vertex -20 73.5 0
      vertex -20.5874 73.5385 3
      vertex -20 73.5 3
    endloop
  endfacet
  facet normal 0.0654027 0.997859 0
    outer loop
      vertex -20.5874 73.5385 3
      vertex -20 73.5 0
      vertex -20.5874 73.5385 0
    endloop
  endfacet
  facet normal 0 1 -0
    outer loop
      vertex 20 73.5 0
      vertex -20 73.5 3
      vertex 20 73.5 3
    endloop
  endfacet
  facet normal 0 1 0
    outer loop
      vertex -20 73.5 3
      vertex 20 73.5 0
      vertex -20 73.5 0
    endloop
  endfacet
  facet normal 0.831475 -0.555562 0
    outer loop
      vertex -23.8971 80.25 3
      vertex -23.5701 80.7394 0
      vertex -23.5701 80.7394 3
    endloop
  endfacet
  facet normal 0.831475 -0.555562 0
    outer loop
      vertex -23.5701 80.7394 0
      vertex -23.8971 80.25 3
      vertex -23.8971 80.25 0
    endloop
  endfacet
  facet normal -0.555562 0.831475 0
    outer loop
      vertex 22.7394 74.4299 0
      vertex 22.25 74.1029 3
      vertex 22.7394 74.4299 3
    endloop
  endfacet
  facet normal -0.555562 0.831475 0
    outer loop
      vertex 22.25 74.1029 3
      vertex 22.7394 74.4299 0
      vertex 22.25 74.1029 0
    endloop
  endfacet
  facet normal -0.0654027 0.997859 0
    outer loop
      vertex 20.5874 73.5385 0
      vertex 20 73.5 3
      vertex 20.5874 73.5385 3
    endloop
  endfacet
  facet normal -0.0654027 0.997859 0
    outer loop
      vertex 20 73.5 3
      vertex 20.5874 73.5385 0
      vertex 20 73.5 0
    endloop
  endfacet
  facet normal 0.0654027 -0.997859 0
    outer loop
      vertex -20.5874 82.4615 0
      vertex -20 82.5 3
      vertex -20.5874 82.4615 3
    endloop
  endfacet
  facet normal 0.0654027 -0.997859 0
    outer loop
      vertex -20 82.5 3
      vertex -20.5874 82.4615 0
      vertex -20 82.5 0
    endloop
  endfacet
  facet normal -0.896827 -0.442382 0
    outer loop
      vertex 24.1575 79.7221 0
      vertex 23.8971 80.25 3
      vertex 23.8971 80.25 0
    endloop
  endfacet
  facet normal -0.896827 -0.442382 0
    outer loop
      vertex 23.8971 80.25 3
      vertex 24.1575 79.7221 0
      vertex 24.1575 79.7221 3
    endloop
  endfacet
  facet normal 0.751882 -0.659298 0
    outer loop
      vertex -23.5701 80.7394 3
      vertex -23.182 81.182 0
      vertex -23.182 81.182 3
    endloop
  endfacet
  facet normal 0.751882 -0.659298 0
    outer loop
      vertex -23.182 81.182 0
      vertex -23.5701 80.7394 3
      vertex -23.5701 80.7394 0
    endloop
  endfacet
  facet normal -0.946936 0.321421 0
    outer loop
      vertex 24.1575 76.2779 0
      vertex 24.3467 76.8353 3
      vertex 24.3467 76.8353 0
    endloop
  endfacet
  facet normal -0.946936 0.321421 0
    outer loop
      vertex 24.3467 76.8353 3
      vertex 24.1575 76.2779 0
      vertex 24.1575 76.2779 3
    endloop
  endfacet
  facet normal 0.997859 -0.0654027 0
    outer loop
      vertex -24.5 78 3
      vertex -24.4615 78.5874 0
      vertex -24.4615 78.5874 3
    endloop
  endfacet
  facet normal 0.997859 -0.0654027 0
    outer loop
      vertex -24.4615 78.5874 0
      vertex -24.5 78 3
      vertex -24.5 78 0
    endloop
  endfacet
  facet normal 0.442382 -0.896827 0
    outer loop
      vertex -22.25 81.8971 0
      vertex -21.7221 82.1575 3
      vertex -22.25 81.8971 3
    endloop
  endfacet
  facet normal 0.442382 -0.896827 0
    outer loop
      vertex -21.7221 82.1575 3
      vertex -22.25 81.8971 0
      vertex -21.7221 82.1575 0
    endloop
  endfacet
  facet normal -0.659298 0.751882 0
    outer loop
      vertex 23.182 74.818 0
      vertex 22.7394 74.4299 3
      vertex 23.182 74.818 3
    endloop
  endfacet
  facet normal -0.659298 0.751882 0
    outer loop
      vertex 22.7394 74.4299 3
      vertex 23.182 74.818 0
      vertex 22.7394 74.4299 0
    endloop
  endfacet
  facet normal -0.0654027 -0.997859 0
    outer loop
      vertex 20 82.5 0
      vertex 20.5874 82.4615 3
      vertex 20 82.5 3
    endloop
  endfacet
  facet normal -0.0654027 -0.997859 -0
    outer loop
      vertex 20.5874 82.4615 3
      vertex 20 82.5 0
      vertex 20.5874 82.4615 0
    endloop
  endfacet
  facet normal -0.321421 0.946936 0
    outer loop
      vertex 21.7221 73.8425 0
      vertex 21.1647 73.6533 3
      vertex 21.7221 73.8425 3
    endloop
  endfacet
  facet normal -0.321421 0.946936 0
    outer loop
      vertex 21.1647 73.6533 3
      vertex 21.7221 73.8425 0
      vertex 21.1647 73.6533 0
    endloop
  endfacet
  facet normal -0.831475 0.555562 0
    outer loop
      vertex 23.5701 75.2606 0
      vertex 23.8971 75.75 3
      vertex 23.8971 75.75 0
    endloop
  endfacet
  facet normal -0.831475 0.555562 0
    outer loop
      vertex 23.8971 75.75 3
      vertex 23.5701 75.2606 0
      vertex 23.5701 75.2606 3
    endloop
  endfacet
  facet normal 0 -1 0
    outer loop
      vertex -20 82.5 0
      vertex 20 82.5 3
      vertex -20 82.5 3
    endloop
  endfacet
  facet normal 0 -1 -0
    outer loop
      vertex 20 82.5 3
      vertex -20 82.5 0
      vertex 20 82.5 0
    endloop
  endfacet
  facet normal -0.442382 0.896827 0
    outer loop
      vertex 22.25 74.1029 0
      vertex 21.7221 73.8425 3
      vertex 22.25 74.1029 3
    endloop
  endfacet
  facet normal -0.442382 0.896827 0
    outer loop
      vertex 21.7221 73.8425 3
      vertex 22.25 74.1029 0
      vertex 21.7221 73.8425 0
    endloop
  endfacet
  facet normal 0.321421 -0.946936 0
    outer loop
      vertex -21.7221 82.1575 0
      vertex -21.1647 82.3467 3
      vertex -21.7221 82.1575 3
    endloop
  endfacet
  facet normal 0.321421 -0.946936 0
    outer loop
      vertex -21.1647 82.3467 3
      vertex -21.7221 82.1575 0
      vertex -21.1647 82.3467 0
    endloop
  endfacet
  facet normal 0.555562 -0.831475 0
    outer loop
      vertex -22.7394 81.5701 0
      vertex -22.25 81.8971 3
      vertex -22.7394 81.5701 3
    endloop
  endfacet
  facet normal 0.555562 -0.831475 0
    outer loop
      vertex -22.25 81.8971 3
      vertex -22.7394 81.5701 0
      vertex -22.25 81.8971 0
    endloop
  endfacet
  facet normal 0.896827 -0.442382 0
    outer loop
      vertex -24.1575 79.7221 3
      vertex -23.8971 80.25 0
      vertex -23.8971 80.25 3
    endloop
  endfacet
  facet normal 0.896827 -0.442382 0
    outer loop
      vertex -23.8971 80.25 0
      vertex -24.1575 79.7221 3
      vertex -24.1575 79.7221 0
    endloop
  endfacet
  facet normal -0.896827 0.442382 0
    outer loop
      vertex 23.8971 75.75 0
      vertex 24.1575 76.2779 3
      vertex 24.1575 76.2779 0
    endloop
  endfacet
  facet normal -0.896827 0.442382 0
    outer loop
      vertex 24.1575 76.2779 3
      vertex 23.8971 75.75 0
      vertex 23.8971 75.75 3
    endloop
  endfacet
  facet normal 0.831475 0.555562 0
    outer loop
      vertex -23.5701 75.2606 3
      vertex -23.8971 75.75 0
      vertex -23.8971 75.75 3
    endloop
  endfacet
  facet normal 0.831475 0.555562 0
    outer loop
      vertex -23.8971 75.75 0
      vertex -23.5701 75.2606 3
      vertex -23.5701 75.2606 0
    endloop
  endfacet
  facet normal 0.946936 0.321421 0
    outer loop
      vertex -24.1575 76.2779 3
      vertex -24.3467 76.8353 0
      vertex -24.3467 76.8353 3
    endloop
  endfacet
  facet normal 0.946936 0.321421 0
    outer loop
      vertex -24.3467 76.8353 0
      vertex -24.1575 76.2779 3
      vertex -24.1575 76.2779 0
    endloop
  endfacet
  facet normal -0.997859 -0.0654027 0
    outer loop
      vertex 24.5 78 0
      vertex 24.4615 78.5874 3
      vertex 24.4615 78.5874 0
    endloop
  endfacet
  facet normal -0.997859 -0.0654027 0
    outer loop
      vertex 24.4615 78.5874 3
      vertex 24.5 78 0
      vertex 24.5 78 3
    endloop
  endfacet
  facet normal -0.321421 -0.946936 0
    outer loop
      vertex 21.1647 82.3467 0
      vertex 21.7221 82.1575 3
      vertex 21.1647 82.3467 3
    endloop
  endfacet
  facet normal -0.321421 -0.946936 -0
    outer loop
      vertex 21.7221 82.1575 3
      vertex 21.1647 82.3467 0
      vertex 21.7221 82.1575 0
    endloop
  endfacet
  facet normal -0.555562 -0.831475 0
    outer loop
      vertex 22.25 81.8971 0
      vertex 22.7394 81.5701 3
      vertex 22.25 81.8971 3
    endloop
  endfacet
  facet normal -0.555562 -0.831475 -0
    outer loop
      vertex 22.7394 81.5701 3
      vertex 22.25 81.8971 0
      vertex 22.7394 81.5701 0
    endloop
  endfacet
  facet normal -0.980796 -0.195038 0
    outer loop
      vertex 24.4615 78.5874 0
      vertex 24.3467 79.1647 3
      vertex 24.3467 79.1647 0
    endloop
  endfacet
  facet normal -0.980796 -0.195038 0
    outer loop
      vertex 24.3467 79.1647 3
      vertex 24.4615 78.5874 0
      vertex 24.4615 78.5874 3
    endloop
  endfacet
  facet normal 0.751882 0.659298 0
    outer loop
      vertex -23.182 74.818 3
      vertex -23.5701 75.2606 0
      vertex -23.5701 75.2606 3
    endloop
  endfacet
  facet normal 0.751882 0.659298 0
    outer loop
      vertex -23.5701 75.2606 0
      vertex -23.182 74.818 3
      vertex -23.182 74.818 0
    endloop
  endfacet
  facet normal 0.997859 0.0654027 0
    outer loop
      vertex -24.4615 77.4126 3
      vertex -24.5 78 0
      vertex -24.5 78 3
    endloop
  endfacet
  facet normal 0.997859 0.0654027 0
    outer loop
      vertex -24.5 78 0
      vertex -24.4615 77.4126 3
      vertex -24.4615 77.4126 0
    endloop
  endfacet
  facet normal 0.195038 -0.980796 0
    outer loop
      vertex -21.1647 82.3467 0
      vertex -20.5874 82.4615 3
      vertex -21.1647 82.3467 3
    endloop
  endfacet
  facet normal 0.195038 -0.980796 0
    outer loop
      vertex -20.5874 82.4615 3
      vertex -21.1647 82.3467 0
      vertex -20.5874 82.4615 0
    endloop
  endfacet
  facet normal -0.997859 0.0654027 0
    outer loop
      vertex 24.4615 77.4126 0
      vertex 24.5 78 3
      vertex 24.5 78 0
    endloop
  endfacet
  facet normal -0.997859 0.0654027 0
    outer loop
      vertex 24.5 78 3
      vertex 24.4615 77.4126 0
      vertex 24.4615 77.4126 3
    endloop
  endfacet
  facet normal -0.195038 0.980796 0
    outer loop
      vertex 21.1647 73.6533 0
      vertex 20.5874 73.5385 3
      vertex 21.1647 73.6533 3
    endloop
  endfacet
  facet normal -0.195038 0.980796 0
    outer loop
      vertex 20.5874 73.5385 3
      vertex 21.1647 73.6533 0
      vertex 20.5874 73.5385 0
    endloop
  endfacet
  facet normal 0.321421 0.946936 -0
    outer loop
      vertex -21.1647 73.6533 0
      vertex -21.7221 73.8425 3
      vertex -21.1647 73.6533 3
    endloop
  endfacet
  facet normal 0.321421 0.946936 0
    outer loop
      vertex -21.7221 73.8425 3
      vertex -21.1647 73.6533 0
      vertex -21.7221 73.8425 0
    endloop
  endfacet
  facet normal 0.659298 -0.751882 0
    outer loop
      vertex -23.182 81.182 0
      vertex -22.7394 81.5701 3
      vertex -23.182 81.182 3
    endloop
  endfacet
  facet normal 0.659298 -0.751882 0
    outer loop
      vertex -22.7394 81.5701 3
      vertex -23.182 81.182 0
      vertex -22.7394 81.5701 0
    endloop
  endfacet
  facet normal -0.751882 -0.659298 0
    outer loop
      vertex 23.5701 80.7394 0
      vertex 23.182 81.182 3
      vertex 23.182 81.182 0
    endloop
  endfacet
  facet normal -0.751882 -0.659298 0
    outer loop
      vertex 23.182 81.182 3
      vertex 23.5701 80.7394 0
      vertex 23.5701 80.7394 3
    endloop
  endfacet
  facet normal -0.946936 -0.321421 0
    outer loop
      vertex 24.3467 79.1647 0
      vertex 24.1575 79.7221 3
      vertex 24.1575 79.7221 0
    endloop
  endfacet
  facet normal -0.946936 -0.321421 0
    outer loop
      vertex 24.1575 79.7221 3
      vertex 24.3467 79.1647 0
      vertex 24.3467 79.1647 3
    endloop
  endfacet
  facet normal 0.555562 0.831475 -0
    outer loop
      vertex -22.25 74.1029 0
      vertex -22.7394 74.4299 3
      vertex -22.25 74.1029 3
    endloop
  endfacet
  facet normal 0.555562 0.831475 0
    outer loop
      vertex -22.7394 74.4299 3
      vertex -22.25 74.1029 0
      vertex -22.7394 74.4299 0
    endloop
  endfacet
  facet normal -0.751882 0.659298 0
    outer loop
      vertex 23.182 74.818 0
      vertex 23.5701 75.2606 3
      vertex 23.5701 75.2606 0
    endloop
  endfacet
  facet normal -0.751882 0.659298 0
    outer loop
      vertex 23.5701 75.2606 3
      vertex 23.182 74.818 0
      vertex 23.182 74.818 3
    endloop
  endfacet
  facet normal 0.442382 0.896827 -0
    outer loop
      vertex -21.7221 73.8425 0
      vertex -22.25 74.1029 3
      vertex -21.7221 73.8425 3
    endloop
  endfacet
  facet normal 0.442382 0.896827 0
    outer loop
      vertex -22.25 74.1029 3
      vertex -21.7221 73.8425 0
      vertex -22.25 74.1029 0
    endloop
  endfacet
  facet normal -0.442382 -0.896827 0
    outer loop
      vertex 21.7221 82.1575 0
      vertex 22.25 81.8971 3
      vertex 21.7221 82.1575 3
    endloop
  endfacet
  facet normal -0.442382 -0.896827 -0
    outer loop
      vertex 22.25 81.8971 3
      vertex 21.7221 82.1575 0
      vertex 22.25 81.8971 0
    endloop
  endfacet
  facet normal 0.659298 0.751882 -0
    outer loop
      vertex -22.7394 74.4299 0
      vertex -23.182 74.818 3
      vertex -22.7394 74.4299 3
    endloop
  endfacet
  facet normal 0.659298 0.751882 0
    outer loop
      vertex -23.182 74.818 3
      vertex -22.7394 74.4299 0
      vertex -23.182 74.818 0
    endloop
  endfacet
  facet normal -0.659298 -0.751882 0
    outer loop
      vertex 22.7394 81.5701 0
      vertex 23.182 81.182 3
      vertex 22.7394 81.5701 3
    endloop
  endfacet
  facet normal -0.659298 -0.751882 -0
    outer loop
      vertex 23.182 81.182 3
      vertex 22.7394 81.5701 0
      vertex 23.182 81.182 0
    endloop
  endfacet
  facet normal 0.946936 -0.321421 0
    outer loop
      vertex -24.3467 79.1647 3
      vertex -24.1575 79.7221 0
      vertex -24.1575 79.7221 3
    endloop
  endfacet
  facet normal 0.946936 -0.321421 0
    outer loop
      vertex -24.1575 79.7221 0
      vertex -24.3467 79.1647 3
      vertex -24.3467 79.1647 0
    endloop
  endfacet
  facet normal 0.896827 0.442382 0
    outer loop
      vertex -23.8971 75.75 3
      vertex -24.1575 76.2779 0
      vertex -24.1575 76.2779 3
    endloop
  endfacet
  facet normal 0.896827 0.442382 0
    outer loop
      vertex -24.1575 76.2779 0
      vertex -23.8971 75.75 3
      vertex -23.8971 75.75 0
    endloop
  endfacet
  facet normal 0.195038 0.980796 -0
    outer loop
      vertex -20.5874 73.5385 0
      vertex -21.1647 73.6533 3
      vertex -20.5874 73.5385 3
    endloop
  endfacet
  facet normal 0.195038 0.980796 0
    outer loop
      vertex -21.1647 73.6533 3
      vertex -20.5874 73.5385 0
      vertex -21.1647 73.6533 0
    endloop
  endfacet
  facet normal 0.980796 -0.195038 0
    outer loop
      vertex -24.4615 78.5874 3
      vertex -24.3467 79.1647 0
      vertex -24.3467 79.1647 3
    endloop
  endfacet
  facet normal 0.980796 -0.195038 0
    outer loop
      vertex -24.3467 79.1647 0
      vertex -24.4615 78.5874 3
      vertex -24.4615 78.5874 0
    endloop
  endfacet
  facet normal 0.980796 0.195038 0
    outer loop
      vertex -24.3467 76.8353 3
      vertex -24.4615 77.4126 0
      vertex -24.4615 77.4126 3
    endloop
  endfacet
  facet normal 0.980796 0.195038 0
    outer loop
      vertex -24.4615 77.4126 0
      vertex -24.3467 76.8353 3
      vertex -24.3467 76.8353 0
    endloop
  endfacet
  facet normal -0.831475 -0.555562 0
    outer loop
      vertex 23.8971 80.25 0
      vertex 23.5701 80.7394 3
      vertex 23.5701 80.7394 0
    endloop
  endfacet
  facet normal -0.831475 -0.555562 0
    outer loop
      vertex 23.5701 80.7394 3
      vertex 23.8971 80.25 0
      vertex 23.8971 80.25 3
    endloop
  endfacet
  facet normal -0.195038 -0.980796 0
    outer loop
      vertex 20.5874 82.4615 0
      vertex 21.1647 82.3467 3
      vertex 20.5874 82.4615 3
    endloop
  endfacet
  facet normal -0.195038 -0.980796 -0
    outer loop
      vertex 21.1647 82.3467 3
      vertex 20.5874 82.4615 0
      vertex 21.1647 82.3467 0
    endloop
  endfacet
  facet normal -0.980796 0.195038 0
    outer loop
      vertex 24.3467 76.8353 0
      vertex 24.4615 77.4126 3
      vertex 24.4615 77.4126 0
    endloop
  endfacet
  facet normal -0.980796 0.195038 0
    outer loop
      vertex 24.4615 77.4126 3
      vertex 24.3467 76.8353 0
      vertex 24.3467 76.8353 3
    endloop
  endfacet
  facet normal 0.0654027 0.997859 -0
    outer loop
      vertex -20 85 0
      vertex -20.5874 85.0385 3
      vertex -20 85 3
    endloop
  endfacet
  facet normal 0.0654027 0.997859 0
    outer loop
      vertex -20.5874 85.0385 3
      vertex -20 85 0
      vertex -20.5874 85.0385 0
    endloop
  endfacet
  facet normal -0.321421 -0.946936 0
    outer loop
      vertex 21.1647 93.8467 0
      vertex 21.7221 93.6575 3
      vertex 21.1647 93.8467 3
    endloop
  endfacet
  facet normal -0.321421 -0.946936 -0
    outer loop
      vertex 21.7221 93.6575 3
      vertex 21.1647 93.8467 0
      vertex 21.7221 93.6575 0
    endloop
  endfacet
  facet normal -0.555562 -0.831475 0
    outer loop
      vertex 22.25 93.3971 0
      vertex 22.7394 93.0701 3
      vertex 22.25 93.3971 3
    endloop
  endfacet
  facet normal -0.555562 -0.831475 -0
    outer loop
      vertex 22.7394 93.0701 3
      vertex 22.25 93.3971 0
      vertex 22.7394 93.0701 0
    endloop
  endfacet
  facet normal -0.997859 0.0654027 0
    outer loop
      vertex 24.4615 88.9126 0
      vertex 24.5 89.5 3
      vertex 24.5 89.5 0
    endloop
  endfacet
  facet normal -0.997859 0.0654027 0
    outer loop
      vertex 24.5 89.5 3
      vertex 24.4615 88.9126 0
      vertex 24.4615 88.9126 3
    endloop
  endfacet
  facet normal 0.442382 -0.896827 0
    outer loop
      vertex -22.25 93.3971 0
      vertex -21.7221 93.6575 3
      vertex -22.25 93.3971 3
    endloop
  endfacet
  facet normal 0.442382 -0.896827 0
    outer loop
      vertex -21.7221 93.6575 3
      vertex -22.25 93.3971 0
      vertex -21.7221 93.6575 0
    endloop
  endfacet
  facet normal 0.896827 -0.442382 0
    outer loop
      vertex -24.1575 91.2221 3
      vertex -23.8971 91.75 0
      vertex -23.8971 91.75 3
    endloop
  endfacet
  facet normal 0.896827 -0.442382 0
    outer loop
      vertex -23.8971 91.75 0
      vertex -24.1575 91.2221 3
      vertex -24.1575 91.2221 0
    endloop
  endfacet
  facet normal -0.442382 0.896827 0
    outer loop
      vertex 22.25 85.6029 0
      vertex 21.7221 85.3425 3
      vertex 22.25 85.6029 3
    endloop
  endfacet
  facet normal -0.442382 0.896827 0
    outer loop
      vertex 21.7221 85.3425 3
      vertex 22.25 85.6029 0
      vertex 21.7221 85.3425 0
    endloop
  endfacet
  facet normal -0.442382 -0.896827 0
    outer loop
      vertex 21.7221 93.6575 0
      vertex 22.25 93.3971 3
      vertex 21.7221 93.6575 3
    endloop
  endfacet
  facet normal -0.442382 -0.896827 -0
    outer loop
      vertex 22.25 93.3971 3
      vertex 21.7221 93.6575 0
      vertex 22.25 93.3971 0
    endloop
  endfacet
  facet normal -0.831475 -0.555562 0
    outer loop
      vertex 23.8971 91.75 0
      vertex 23.5701 92.2394 3
      vertex 23.5701 92.2394 0
    endloop
  endfacet
  facet normal -0.831475 -0.555562 0
    outer loop
      vertex 23.5701 92.2394 3
      vertex 23.8971 91.75 0
      vertex 23.8971 91.75 3
    endloop
  endfacet
  facet normal 0.321421 -0.946936 0
    outer loop
      vertex -21.7221 93.6575 0
      vertex -21.1647 93.8467 3
      vertex -21.7221 93.6575 3
    endloop
  endfacet
  facet normal 0.321421 -0.946936 0
    outer loop
      vertex -21.1647 93.8467 3
      vertex -21.7221 93.6575 0
      vertex -21.1647 93.8467 0
    endloop
  endfacet
  facet normal -0.0654027 -0.997859 0
    outer loop
      vertex 20 94 0
      vertex 20.5874 93.9615 3
      vertex 20 94 3
    endloop
  endfacet
  facet normal -0.0654027 -0.997859 -0
    outer loop
      vertex 20.5874 93.9615 3
      vertex 20 94 0
      vertex 20.5874 93.9615 0
    endloop
  endfacet
  facet normal 0.555562 0.831475 -0
    outer loop
      vertex -22.25 85.6029 0
      vertex -22.7394 85.9299 3
      vertex -22.25 85.6029 3
    endloop
  endfacet
  facet normal 0.555562 0.831475 0
    outer loop
      vertex -22.7394 85.9299 3
      vertex -22.25 85.6029 0
      vertex -22.7394 85.9299 0
    endloop
  endfacet
  facet normal 0.831475 0.555562 0
    outer loop
      vertex -23.5701 86.7606 3
      vertex -23.8971 87.25 0
      vertex -23.8971 87.25 3
    endloop
  endfacet
  facet normal 0.831475 0.555562 0
    outer loop
      vertex -23.8971 87.25 0
      vertex -23.5701 86.7606 3
      vertex -23.5701 86.7606 0
    endloop
  endfacet
  facet normal 0.195038 -0.980796 0
    outer loop
      vertex -21.1647 93.8467 0
      vertex -20.5874 93.9615 3
      vertex -21.1647 93.8467 3
    endloop
  endfacet
  facet normal 0.195038 -0.980796 0
    outer loop
      vertex -20.5874 93.9615 3
      vertex -21.1647 93.8467 0
      vertex -20.5874 93.9615 0
    endloop
  endfacet
  facet normal 0.896827 0.442382 0
    outer loop
      vertex -23.8971 87.25 3
      vertex -24.1575 87.7779 0
      vertex -24.1575 87.7779 3
    endloop
  endfacet
  facet normal 0.896827 0.442382 0
    outer loop
      vertex -24.1575 87.7779 0
      vertex -23.8971 87.25 3
      vertex -23.8971 87.25 0
    endloop
  endfacet
  facet normal 0 -1 0
    outer loop
      vertex -20 94 0
      vertex 20 94 3
      vertex -20 94 3
    endloop
  endfacet
  facet normal 0 -1 -0
    outer loop
      vertex 20 94 3
      vertex -20 94 0
      vertex 20 94 0
    endloop
  endfacet
  facet normal -0.555562 0.831475 0
    outer loop
      vertex 22.7394 85.9299 0
      vertex 22.25 85.6029 3
      vertex 22.7394 85.9299 3
    endloop
  endfacet
  facet normal -0.555562 0.831475 0
    outer loop
      vertex 22.25 85.6029 3
      vertex 22.7394 85.9299 0
      vertex 22.25 85.6029 0
    endloop
  endfacet
  facet normal 0.321421 0.946936 -0
    outer loop
      vertex -21.1647 85.1533 0
      vertex -21.7221 85.3425 3
      vertex -21.1647 85.1533 3
    endloop
  endfacet
  facet normal 0.321421 0.946936 0
    outer loop
      vertex -21.7221 85.3425 3
      vertex -21.1647 85.1533 0
      vertex -21.7221 85.3425 0
    endloop
  endfacet
  facet normal 0 1 -0
    outer loop
      vertex 20 85 0
      vertex -20 85 3
      vertex 20 85 3
    endloop
  endfacet
  facet normal 0 1 0
    outer loop
      vertex -20 85 3
      vertex 20 85 0
      vertex -20 85 0
    endloop
  endfacet
  facet normal 0.555562 -0.831475 0
    outer loop
      vertex -22.7394 93.0701 0
      vertex -22.25 93.3971 3
      vertex -22.7394 93.0701 3
    endloop
  endfacet
  facet normal 0.555562 -0.831475 0
    outer loop
      vertex -22.25 93.3971 3
      vertex -22.7394 93.0701 0
      vertex -22.25 93.3971 0
    endloop
  endfacet
  facet normal -0.195038 0.980796 0
    outer loop
      vertex 21.1647 85.1533 0
      vertex 20.5874 85.0385 3
      vertex 21.1647 85.1533 3
    endloop
  endfacet
  facet normal -0.195038 0.980796 0
    outer loop
      vertex 20.5874 85.0385 3
      vertex 21.1647 85.1533 0
      vertex 20.5874 85.0385 0
    endloop
  endfacet
  facet normal 0.831475 -0.555562 0
    outer loop
      vertex -23.8971 91.75 3
      vertex -23.5701 92.2394 0
      vertex -23.5701 92.2394 3
    endloop
  endfacet
  facet normal 0.831475 -0.555562 0
    outer loop
      vertex -23.5701 92.2394 0
      vertex -23.8971 91.75 3
      vertex -23.8971 91.75 0
    endloop
  endfacet
  facet normal 0.0654027 -0.997859 0
    outer loop
      vertex -20.5874 93.9615 0
      vertex -20 94 3
      vertex -20.5874 93.9615 3
    endloop
  endfacet
  facet normal 0.0654027 -0.997859 0
    outer loop
      vertex -20 94 3
      vertex -20.5874 93.9615 0
      vertex -20 94 0
    endloop
  endfacet
  facet normal 0.659298 -0.751882 0
    outer loop
      vertex -23.182 92.682 0
      vertex -22.7394 93.0701 3
      vertex -23.182 92.682 3
    endloop
  endfacet
  facet normal 0.659298 -0.751882 0
    outer loop
      vertex -22.7394 93.0701 3
      vertex -23.182 92.682 0
      vertex -22.7394 93.0701 0
    endloop
  endfacet
  facet normal -0.896827 -0.442382 0
    outer loop
      vertex 24.1575 91.2221 0
      vertex 23.8971 91.75 3
      vertex 23.8971 91.75 0
    endloop
  endfacet
  facet normal -0.896827 -0.442382 0
    outer loop
      vertex 23.8971 91.75 3
      vertex 24.1575 91.2221 0
      vertex 24.1575 91.2221 3
    endloop
  endfacet
  facet normal -0.195038 -0.980796 0
    outer loop
      vertex 20.5874 93.9615 0
      vertex 21.1647 93.8467 3
      vertex 20.5874 93.9615 3
    endloop
  endfacet
  facet normal -0.195038 -0.980796 -0
    outer loop
      vertex 21.1647 93.8467 3
      vertex 20.5874 93.9615 0
      vertex 21.1647 93.8467 0
    endloop
  endfacet
  facet normal -0.980796 -0.195038 0
    outer loop
      vertex 24.4615 90.0874 0
      vertex 24.3467 90.6647 3
      vertex 24.3467 90.6647 0
    endloop
  endfacet
  facet normal -0.980796 -0.195038 0
    outer loop
      vertex 24.3467 90.6647 3
      vertex 24.4615 90.0874 0
      vertex 24.4615 90.0874 3
    endloop
  endfacet
  facet normal 0.751882 -0.659298 0
    outer loop
      vertex -23.5701 92.2394 3
      vertex -23.182 92.682 0
      vertex -23.182 92.682 3
    endloop
  endfacet
  facet normal 0.751882 -0.659298 0
    outer loop
      vertex -23.182 92.682 0
      vertex -23.5701 92.2394 3
      vertex -23.5701 92.2394 0
    endloop
  endfacet
  facet normal 0.751882 0.659298 0
    outer loop
      vertex -23.182 86.318 3
      vertex -23.5701 86.7606 0
      vertex -23.5701 86.7606 3
    endloop
  endfacet
  facet normal 0.751882 0.659298 0
    outer loop
      vertex -23.5701 86.7606 0
      vertex -23.182 86.318 3
      vertex -23.182 86.318 0
    endloop
  endfacet
  facet normal 0.980796 0.195038 0
    outer loop
      vertex -24.3467 88.3353 3
      vertex -24.4615 88.9126 0
      vertex -24.4615 88.9126 3
    endloop
  endfacet
  facet normal 0.980796 0.195038 0
    outer loop
      vertex -24.4615 88.9126 0
      vertex -24.3467 88.3353 3
      vertex -24.3467 88.3353 0
    endloop
  endfacet
  facet normal -0.946936 0.321421 0
    outer loop
      vertex 24.1575 87.7779 0
      vertex 24.3467 88.3353 3
      vertex 24.3467 88.3353 0
    endloop
  endfacet
  facet normal -0.946936 0.321421 0
    outer loop
      vertex 24.3467 88.3353 3
      vertex 24.1575 87.7779 0
      vertex 24.1575 87.7779 3
    endloop
  endfacet
  facet normal 0.997859 -0.0654027 0
    outer loop
      vertex -24.5 89.5 3
      vertex -24.4615 90.0874 0
      vertex -24.4615 90.0874 3
    endloop
  endfacet
  facet normal 0.997859 -0.0654027 0
    outer loop
      vertex -24.4615 90.0874 0
      vertex -24.5 89.5 3
      vertex -24.5 89.5 0
    endloop
  endfacet
  facet normal -0.659298 0.751882 0
    outer loop
      vertex 23.182 86.318 0
      vertex 22.7394 85.9299 3
      vertex 23.182 86.318 3
    endloop
  endfacet
  facet normal -0.659298 0.751882 0
    outer loop
      vertex 22.7394 85.9299 3
      vertex 23.182 86.318 0
      vertex 22.7394 85.9299 0
    endloop
  endfacet
  facet normal -0.0654027 0.997859 0
    outer loop
      vertex 20.5874 85.0385 0
      vertex 20 85 3
      vertex 20.5874 85.0385 3
    endloop
  endfacet
  facet normal -0.0654027 0.997859 0
    outer loop
      vertex 20 85 3
      vertex 20.5874 85.0385 0
      vertex 20 85 0
    endloop
  endfacet
  facet normal 0.659298 0.751882 -0
    outer loop
      vertex -22.7394 85.9299 0
      vertex -23.182 86.318 3
      vertex -22.7394 85.9299 3
    endloop
  endfacet
  facet normal 0.659298 0.751882 0
    outer loop
      vertex -23.182 86.318 3
      vertex -22.7394 85.9299 0
      vertex -23.182 86.318 0
    endloop
  endfacet
  facet normal -0.946936 -0.321421 0
    outer loop
      vertex 24.3467 90.6647 0
      vertex 24.1575 91.2221 3
      vertex 24.1575 91.2221 0
    endloop
  endfacet
  facet normal -0.946936 -0.321421 0
    outer loop
      vertex 24.1575 91.2221 3
      vertex 24.3467 90.6647 0
      vertex 24.3467 90.6647 3
    endloop
  endfacet
  facet normal 0.997859 0.0654027 0
    outer loop
      vertex -24.4615 88.9126 3
      vertex -24.5 89.5 0
      vertex -24.5 89.5 3
    endloop
  endfacet
  facet normal 0.997859 0.0654027 0
    outer loop
      vertex -24.5 89.5 0
      vertex -24.4615 88.9126 3
      vertex -24.4615 88.9126 0
    endloop
  endfacet
  facet normal 0.442382 0.896827 -0
    outer loop
      vertex -21.7221 85.3425 0
      vertex -22.25 85.6029 3
      vertex -21.7221 85.3425 3
    endloop
  endfacet
  facet normal 0.442382 0.896827 0
    outer loop
      vertex -22.25 85.6029 3
      vertex -21.7221 85.3425 0
      vertex -22.25 85.6029 0
    endloop
  endfacet
  facet normal -0.751882 -0.659298 0
    outer loop
      vertex 23.5701 92.2394 0
      vertex 23.182 92.682 3
      vertex 23.182 92.682 0
    endloop
  endfacet
  facet normal -0.751882 -0.659298 0
    outer loop
      vertex 23.182 92.682 3
      vertex 23.5701 92.2394 0
      vertex 23.5701 92.2394 3
    endloop
  endfacet
  facet normal -0.321421 0.946936 0
    outer loop
      vertex 21.7221 85.3425 0
      vertex 21.1647 85.1533 3
      vertex 21.7221 85.3425 3
    endloop
  endfacet
  facet normal -0.321421 0.946936 0
    outer loop
      vertex 21.1647 85.1533 3
      vertex 21.7221 85.3425 0
      vertex 21.1647 85.1533 0
    endloop
  endfacet
  facet normal -0.896827 0.442382 0
    outer loop
      vertex 23.8971 87.25 0
      vertex 24.1575 87.7779 3
      vertex 24.1575 87.7779 0
    endloop
  endfacet
  facet normal -0.896827 0.442382 0
    outer loop
      vertex 24.1575 87.7779 3
      vertex 23.8971 87.25 0
      vertex 23.8971 87.25 3
    endloop
  endfacet
  facet normal -0.997859 -0.0654027 0
    outer loop
      vertex 24.5 89.5 0
      vertex 24.4615 90.0874 3
      vertex 24.4615 90.0874 0
    endloop
  endfacet
  facet normal -0.997859 -0.0654027 0
    outer loop
      vertex 24.4615 90.0874 3
      vertex 24.5 89.5 0
      vertex 24.5 89.5 3
    endloop
  endfacet
  facet normal 0.946936 -0.321421 0
    outer loop
      vertex -24.3467 90.6647 3
      vertex -24.1575 91.2221 0
      vertex -24.1575 91.2221 3
    endloop
  endfacet
  facet normal 0.946936 -0.321421 0
    outer loop
      vertex -24.1575 91.2221 0
      vertex -24.3467 90.6647 3
      vertex -24.3467 90.6647 0
    endloop
  endfacet
  facet normal 0.980796 -0.195038 0
    outer loop
      vertex -24.4615 90.0874 3
      vertex -24.3467 90.6647 0
      vertex -24.3467 90.6647 3
    endloop
  endfacet
  facet normal 0.980796 -0.195038 0
    outer loop
      vertex -24.3467 90.6647 0
      vertex -24.4615 90.0874 3
      vertex -24.4615 90.0874 0
    endloop
  endfacet
  facet normal -0.980796 0.195038 0
    outer loop
      vertex 24.3467 88.3353 0
      vertex 24.4615 88.9126 3
      vertex 24.4615 88.9126 0
    endloop
  endfacet
  facet normal -0.980796 0.195038 0
    outer loop
      vertex 24.4615 88.9126 3
      vertex 24.3467 88.3353 0
      vertex 24.3467 88.3353 3
    endloop
  endfacet
  facet normal 0.946936 0.321421 0
    outer loop
      vertex -24.1575 87.7779 3
      vertex -24.3467 88.3353 0
      vertex -24.3467 88.3353 3
    endloop
  endfacet
  facet normal 0.946936 0.321421 0
    outer loop
      vertex -24.3467 88.3353 0
      vertex -24.1575 87.7779 3
      vertex -24.1575 87.7779 0
    endloop
  endfacet
  facet normal -0.659298 -0.751882 0
    outer loop
      vertex 22.7394 93.0701 0
      vertex 23.182 92.682 3
      vertex 22.7394 93.0701 3
    endloop
  endfacet
  facet normal -0.659298 -0.751882 -0
    outer loop
      vertex 23.182 92.682 3
      vertex 22.7394 93.0701 0
      vertex 23.182 92.682 0
    endloop
  endfacet
  facet normal 0.195038 0.980796 -0
    outer loop
      vertex -20.5874 85.0385 0
      vertex -21.1647 85.1533 3
      vertex -20.5874 85.0385 3
    endloop
  endfacet
  facet normal 0.195038 0.980796 0
    outer loop
      vertex -21.1647 85.1533 3
      vertex -20.5874 85.0385 0
      vertex -21.1647 85.1533 0
    endloop
  endfacet
  facet normal -0.831475 0.555562 0
    outer loop
      vertex 23.5701 86.7606 0
      vertex 23.8971 87.25 3
      vertex 23.8971 87.25 0
    endloop
  endfacet
  facet normal -0.831475 0.555562 0
    outer loop
      vertex 23.8971 87.25 3
      vertex 23.5701 86.7606 0
      vertex 23.5701 86.7606 3
    endloop
  endfacet
  facet normal -0.751882 0.659298 0
    outer loop
      vertex 23.182 86.318 0
      vertex 23.5701 86.7606 3
      vertex 23.5701 86.7606 0
    endloop
  endfacet
  facet normal -0.751882 0.659298 0
    outer loop
      vertex 23.5701 86.7606 3
      vertex 23.182 86.318 0
      vertex 23.182 86.318 3
    endloop
  endfacet
endsolid OpenSCAD_Model
